timestamp,electrical_demand_gross_kwh,pv_generation_kwh,electrical_demand_net_kwh,heat_demand_kwh_th,hp_electricity_input_kwh,gas_input_kwh
2026-01-01 00:00:00,0.3510729238418701,0.0,0.3510729238418701,1.4419941238041805,0.0,1.5673849171784568
2026-01-01 01:00:00,0.3236946757715089,0.0,0.3236946757715089,1.461696981177015,0.0,1.5888010664967556
2026-01-01 02:00:00,0.2847216991661645,0.0,0.2847216991661645,1.4831910074019259,0.0,1.612164138480354
2026-01-01 03:00:00,0.2466320422682674,0.0,0.2466320422682674,1.508267371330988,0.0,1.639421055794552
2026-01-01 04:00:00,0.22126683167418193,0.0,0.22126683167418193,1.4993115270706086,0.0,1.6296864424680528
2026-01-01 05:00:00,0.21241039363138273,0.0,0.21241039363138273,1.4903556828102293,0.0,1.6199518291415536
2026-01-01 06:00:00,0.21652712668314186,0.0,0.21652712668314186,1.4133354221709664,0.0,1.536234154533659
2026-01-01 07:00:00,0.22980481054730725,0.0,0.22980481054730725,1.3291504861234003,0.0,1.4447287892645655
2026-01-01 08:00:00,0.2685197649711726,0.0,0.2685197649711726,1.255712563188289,0.0,1.3649049599872707
2026-01-01 09:00:00,0.32280438301789444,0.021868750362092747,0.3009356326558017,1.241383212371682,0.0,1.3493295786648718
2026-01-01 10:00:00,0.3498525450846228,0.05374012463667152,0.2961124204479513,1.271833082856972,0.0,1.3824272639749695
2026-01-01 11:00:00,0.3602199208633337,0.126937408116809,0.2332825127465247,1.341688668087931,0.0,1.458357247921664
2026-01-01 12:00:00,0.37967619067376196,0.12842638318323388,0.25124980749052805,1.4007972402064353,0.0,1.52260569587656
2026-01-01 13:00:00,0.3830188570757128,0.09996229541035127,0.28305656166536153,1.4599058123249393,0.0,1.5868541438314556
2026-01-01 14:00:00,0.4025076715488132,0.029523726470461052,0.37298394507835214,1.4849821762540016,0.0,1.614111061145654
2026-01-01 15:00:00,0.43972098576337937,0.0,0.43972098576337937,1.5369260729642023,0.0,1.67057181843935
2026-01-01 16:00:00,0.5103400412664795,0.0,0.5103400412664795,1.5924523073785544,0.0,1.730926421063646
2026-01-01 17:00:00,0.6272334024309991,0.0,0.6272334024309991,1.630066853272148,0.0,1.7718117970349436
2026-01-01 18:00:00,0.6242998507850137,0.0,0.6242998507850137,1.6712637368698933,0.0,1.8165910183368406
2026-01-01 19:00:00,0.578123172551018,0.0,0.578123172551018,1.6551432172012104,0.0,1.7990687143491417
2026-01-01 20:00:00,0.5388154638799959,0.0,0.5388154638799959,1.6855930876865,0.0,1.832166399659239
2026-01-01 21:00:00,0.47395658295190046,0.0,0.47395658295190046,1.7196252958759422,0.0,1.869157930299937
2026-01-01 22:00:00,0.4147393232819498,0.0,0.4147393232819498,1.750075166361232,0.0,1.9022556156100348
2026-01-01 23:00:00,0.3479510880191271,0.0,0.3479510880191271,1.7554486729174594,0.0,1.9080963836059341
2026-01-02 00:00:00,0.3039617903561352,0.0,0.3039617903561352,1.7267899712842454,0.0,1.8769456209611364
2026-01-02 01:00:00,0.2586777297107945,0.0,0.2586777297107945,1.703504776207259,0.0,1.8516356263122382
2026-01-02 02:00:00,0.23098799497914776,0.0,0.23098799497914776,1.7106694516155627,0.0,1.8594233169734375
2026-01-02 03:00:00,0.21392598462847676,0.0,0.21392598462847676,1.7447016598050045,0.0,1.8964148476141354
2026-01-02 04:00:00,0.20965118395896024,0.0,0.20965118395896024,1.7572398417695358,0.0,1.9100433062712345
2026-01-02 05:00:00,0.21758478557366417,0.0,0.21758478557366417,1.7679868548819908,0.0,1.9217248422630335
2026-01-02 06:00:00,0.24841030462164623,0.0,0.24841030462164623,1.8020190630714328,0.0,1.9587163729037311
2026-01-02 07:00:00,0.3341108578236381,0.0,0.3341108578236381,1.7769426991423705,0.0,1.931459455589533
2026-01-02 08:00:00,0.41140361746788334,0.0,0.41140361746788334,1.7930632188110531,0.0,1.9489817595772316
2026-01-02 09:00:00,0.45185266330821994,0.03442912285494049,0.41742354045327945,1.7894808811069014,0.0,1.9450879142466317
2026-01-02 10:00:00,0.4245162536074357,0.032382923990651125,0.3921333296167846,1.7554486729174594,0.0,1.9080963836059341
2026-01-02 11:00:00,0.39937187364769544,0.036877253639001004,0.3624946200086944,1.7160429581717904,0.0,1.8652640849693372
2026-01-02 12:00:00,0.4125891191420496,0.04984869286797833,0.36274042627407127,1.6963401007989554,0.0,1.8438479356510384
2026-01-02 13:00:00,0.4076727486575184,0.03975472079190795,0.36791802786561045,1.7196252958759422,0.0,1.869157930299937
2026-01-02 14:00:00,0.42197787306837786,0.014369066131817832,0.40760880693656004,1.7518663352133077,0.0,1.9042025382753345
2026-01-02 15:00:00,0.4606765564348115,0.0,0.4606765564348115,1.8342601024087983,0.0,1.9937609808791286
2026-01-02 16:00:00,0.5652545852036955,0.0,0.5652545852036955,1.8897863368231502,0.0,2.054115583503424
2026-01-02 17:00:00,0.7340731647982885,0.0,0.7340731647982885,1.8790393237106955,0.0,2.0424340475116254
2026-01-02 18:00:00,0.7121668489751052,0.0,0.7121668489751052,1.9327743892729716,0.0,2.100841727470621
2026-01-02 19:00:00,0.642217260749327,0.0,0.642217260749327,1.9130715319001368,0.0,2.0794255781523225
2026-01-02 20:00:00,0.5829628101812155,0.0,0.5829628101812155,1.8915775056752266,0.0,2.0560625061687245
2026-01-02 21:00:00,0.4755000699085991,0.0,0.4755000699085991,1.8879951679710747,0.0,2.0521686608381247
2026-01-02 22:00:00,0.4251973612143175,0.0,0.4251973612143175,1.9166538696042887,0.0,2.0833194234829224
2026-01-02 23:00:00,0.3765264669494528,0.0,0.3765264669494528,1.9309832204208957,0.0,2.0988948048053215
2026-01-03 00:00:00,0.3214933511597737,0.0,0.3214933511597737,1.9578507532020337,0.0,2.128098644784819
2026-01-03 01:00:00,0.27861052504424066,0.0,0.27861052504424066,1.973971272870717,0.0,2.1456209487725184
2026-01-03 02:00:00,0.2450188228165876,0.0,0.2450188228165876,1.9829271171310963,0.0,2.1553555620990177
2026-01-03 03:00:00,0.22380288852643374,0.0,0.22380288852643374,2.029497507285069,0.0,2.2059755513968144
2026-01-03 04:00:00,0.21426536473249908,0.0,0.21426536473249908,2.02054166302469,0.0,2.1962409380703147
2026-01-03 05:00:00,0.21536486491589862,0.0,0.21536486491589862,2.0259151695809177,0.0,2.202081706066215
2026-01-03 06:00:00,0.2301837082331678,0.0,0.2301837082331678,2.034871013841297,0.0,2.2118163193927143
2026-01-03 07:00:00,0.26924966620569324,0.0,0.26924966620569324,2.0097946499122346,0.0,2.1845594020785155
2026-01-03 08:00:00,0.3427999435941735,0.0,0.3427999435941735,1.973971272870717,0.0,2.1456209487725184
2026-01-03 09:00:00,0.40718926853094545,0.03964510299560673,0.3675441655353387,1.9005333499356059,0.0,2.065797119495224
2026-01-03 10:00:00,0.42132237379584425,0.09508430347494712,0.32623807032089713,1.8163484138880392,0.0,1.9742917542261296
2026-01-03 11:00:00,0.41394200660229163,0.13829198485034339,0.27565002175194825,1.7447016598050045,0.0,1.8964148476141354
2026-01-03 12:00:00,0.4304995933920402,0.13939729762971398,0.2911022957623262,1.717834127023866,0.0,1.8672110076346369
2026-01-03 13:00:00,0.4286701936615282,0.08730143993756072,0.34136875372396747,1.6927577630948039,0.0,1.8399540903204388
2026-01-03 14:00:00,0.43694782589296405,0.046651507142526166,0.3902963187504379,1.703504776207259,0.0,1.8516356263122382
2026-01-03 15:00:00,0.4694423558896676,0.0,0.4694423558896676,1.7572398417695358,0.0,1.9100433062712345
2026-01-03 16:00:00,0.5456379443260805,0.0,0.5456379443260805,1.7626133483257629,0.0,1.9158840742671335
2026-01-03 17:00:00,0.6696211042722026,0.0,0.6696211042722026,1.7858985434027494,0.0,1.941194068916032
2026-01-03 18:00:00,0.6544698533504426,0.0,0.6544698533504426,1.7841073745506737,0.0,1.9392471462507321
2026-01-03 19:00:00,0.594136821025187,0.0,0.594136821025187,1.9685977663144896,0.0,2.139780180776619
2026-01-03 20:00:00,0.5431739478247681,0.0,0.5431739478247681,1.9990476367997791,0.0,2.1728778660867163
2026-01-03 21:00:00,0.4839380914976461,0.0,0.4839380914976461,1.9972564679477038,0.0,2.1709309434214172
2026-01-03 22:00:00,0.43605986211703207,0.0,0.43605986211703207,1.9990476367997791,0.0,2.1728778660867163
2026-01-03 23:00:00,0.38000628026911304,0.0,0.38000628026911304,2.0115858187643103,0.0,2.1865063247438155
2026-01-04 00:00:00,0.32256495722612655,0.0,0.32256495722612655,1.9829271171310963,0.0,2.1553555620990177
2026-01-04 01:00:00,0.2816184601557432,0.0,0.2816184601557432,1.938147895829199,0.0,2.106682495466521
2026-01-04 02:00:00,0.25077434570971574,0.0,0.25077434570971574,1.9059068564918333,0.0,2.071637887491123
2026-01-04 03:00:00,0.2298327050727034,0.0,0.2298327050727034,1.896951012231454,0.0,2.0619032741646235
2026-01-04 04:00:00,0.21949554489035905,0.0,0.21949554489035905,1.9094891941959853,0.0,2.075531732821723
2026-01-04 05:00:00,0.2193909414335064,0.0,0.2193909414335064,1.9417302335333508,0.0,2.1105763407971203
2026-01-04 06:00:00,0.23144824956813104,0.0,0.23144824956813104,2.004421143356007,0.0,2.178718634082616
2026-01-04 07:00:00,0.26303388775685843,0.0,0.26303388775685843,2.065320884326587,0.0,2.244914004702812
2026-01-04 08:00:00,0.3314702115421383,0.0,0.3314702115421383,2.059947377770359,0.0,2.239073236706912
2026-01-04 09:00:00,0.4018684317538449,0.009838197218034205,0.3920302345358107,2.008003481060159,0.0,2.182612479413216
2026-01-04 10:00:00,0.41764962228426267,0.01859848610577311,0.39905113617848953,1.9291920515688201,0.0,2.096947882140022
2026-01-04 11:00:00,0.4184353076934294,0.013738763803085835,0.4046965438903436,1.8539629597816332,0.0,2.015177130197427
2026-01-04 12:00:00,0.42687565504022457,0.01371135935401053,0.41316429568621404,1.7894808811069014,0.0,1.9450879142466317
2026-01-04 13:00:00,0.41572258671545986,0.02640875409223481,0.38931383262322505,1.732163477840473,0.0,1.882786388957036
2026-01-04 14:00:00,0.4145998438642857,0.005480889815060838,0.4091189540492249,1.7070871139114108,0.0,1.8555294716428377
2026-01-04 15:00:00,0.44314965744768947,0.0,0.44314965744768947,1.6909665942427279,0.0,1.838007167655139
2026-01-04 16:00:00,0.5398638251671612,0.0,0.5398638251671612,1.6838019188344246,0.0,1.83021947699394
2026-01-04 17:00:00,0.693166212832311,0.0,0.693166212832311,1.6694725680178173,0.0,1.8146440956715404
2026-01-04 18:00:00,0.680039622669945,0.0,0.680039622669945,1.6533520483491344,0.0,1.7971217916838418
2026-01-04 19:00:00,0.6296160387521199,0.0,0.6296160387521199,1.6945489319468796,0.0,1.8419010129857387
2026-01-04 20:00:00,0.5781278220716198,0.0,0.5781278220716198,1.6605167237574379,0.0,1.8049094823450411
2026-01-04 21:00:00,0.5144033088618993,0.0,0.5144033088618993,1.6354403598283755,0.0,1.777652565030843
2026-01-04 22:00:00,0.44343092853734156,0.0,0.44343092853734156,1.6031993204910098,0.0,1.7426079570554454
2026-01-04 23:00:00,0.3661683855424384,0.0,0.3661683855424384,1.5673759434494923,0.0,1.703669503749448
2026-01-05 00:00:00,0.30105845710178203,0.0,0.30105845710178203,1.538717241816278,0.0,1.6725187411046498
2026-01-05 01:00:00,0.2616252255868095,0.0,0.2616252255868095,1.5028938647747603,0.0,1.6335802877986525
2026-01-05 02:00:00,0.23872866023276093,0.0,0.23872866023276093,1.4831910074019259,0.0,1.612164138480354
2026-01-05 03:00:00,0.22455138536989241,0.0,0.22455138536989241,1.4831910074019259,0.0,1.612164138480354
2026-01-05 04:00:00,0.2190329642943915,0.0,0.2190329642943915,1.5028938647747603,0.0,1.6335802877986525
2026-01-05 05:00:00,0.2289028953076313,0.0,0.2289028953076313,1.5136408778872157,0.0,1.6452618237904517
2026-01-05 06:00:00,0.2653584125026202,0.0,0.2653584125026202,1.5225967221475951,0.0,1.6549964371169512
2026-01-05 07:00:00,0.3600804438008806,0.0,0.3600804438008806,1.57274945000572,0.0,1.7095102717453476
2026-01-05 08:00:00,0.41588994893660053,0.0,0.41588994893660053,1.596034645082706,0.0,1.7348202663942458
2026-01-05 09:00:00,0.44957230569744155,0.018424924594962852,0.4311473811024787,1.5763317877098715,0.0,1.7134041170759473
2026-01-05 10:00:00,0.42883057329519597,0.01563880560564026,0.41319176768955573,1.538717241816278,0.0,1.6725187411046498
2026-01-05 11:00:00,0.4020985406830034,0.023348590612159173,0.3787499500708442,1.510058540183064,0.0,1.641367978459852
2026-01-05 12:00:00,0.4056899292493473,0.023330320979442303,0.382359608269905,1.4813998385498497,0.0,1.610217215815054
2026-01-05 13:00:00,0.3951063698649079,0.06373361373279912,0.33137275613210876,1.4796086696977742,0.0,1.6082702931497546
2026-01-05 14:00:00,0.3963895086893503,0.019767742599652756,0.37662176608969755,1.4813998385498497,0.0,1.610217215815054
2026-01-05 15:00:00,0.45338219838316773,0.0,0.45338219838316773,1.5190143844434434,0.0,1.6511025917863513
2026-01-05 16:00:00,0.5821469014459368,0.0,0.5821469014459368,1.5476730860766574,0.0,1.6822533544311495
2026-01-05 17:00:00,0.7761238098692613,0.0,0.7761238098692613,1.569167112301568,0.0,1.7056164264147478
2026-01-05 18:00:00,0.7555471207221818,0.0,0.7555471207221818,1.5799141254140234,0.0,1.7172979624065472
2026-01-05 19:00:00,0.6963786785480278,0.0,0.6963786785480278,1.630066853272148,0.0,1.7718117970349436
2026-01-05 20:00:00,0.6358782826159592,0.0,0.6358782826159592,1.640813866384603,0.0,1.7834933330267424
2026-01-05 21:00:00,0.5153796124835675,0.0,0.5153796124835675,1.6497697106449825,0.0,1.793227946353242
2026-01-05 22:00:00,0.4490586056581935,0.0,0.4490586056581935,1.674846074574045,0.0,1.82048486366744
2026-01-05 23:00:00,0.3771540889053894,0.0,0.3771540889053894,1.6802195811302723,0.0,1.8263256316633394
2026-01-06 00:00:00,0.30651411688372604,0.0,0.30651411688372604,1.6909665942427279,0.0,1.838007167655139
2026-01-06 01:00:00,0.26305945781909174,0.0,0.26305945781909174,1.703504776207259,0.0,1.8516356263122382
2026-01-06 02:00:00,0.23850550624627126,0.0,0.23850550624627126,1.6927577630948039,0.0,1.8399540903204388
2026-01-06 03:00:00,0.22754537328113378,0.0,0.22754537328113378,1.7070871139114108,0.0,1.8555294716428377
2026-01-06 04:00:00,0.22596237200623043,0.0,0.22596237200623043,1.735745815544625,0.0,1.8866802342876359
2026-01-06 05:00:00,0.23818007234477748,0.0,0.23818007234477748,1.7715691925861425,0.0,1.925618687593633
2026-01-06 06:00:00,0.2792032798432748,0.0,0.2792032798432748,1.775151530290294,0.0,1.9295125329242326
2026-01-06 07:00:00,0.38412299954406065,0.0,0.38412299954406065,1.8270954270004947,0.0,1.985973290217929
2026-01-06 08:00:00,0.4365526459860808,0.0,0.4365526459860808,1.8163484138880392,0.0,1.9742917542261296
2026-01-06 09:00:00,0.43755219066308176,0.01371135935401053,0.42384083130907124,1.8073925696276598,0.0,1.96455714089963
2026-01-06 10:00:00,0.4053668238841543,0.024216398166210473,0.38115042571794383,1.7608221794736874,0.0,1.913937151601834
2026-01-06 11:00:00,0.38737732830245997,0.06515864508471494,0.32221868321774505,1.7124606204676387,0.0,1.8613702396387377
2026-01-06 12:00:00,0.40079913213484886,0.05366704610580404,0.34713208602904483,1.6909665942427279,0.0,1.838007167655139
2026-01-06 13:00:00,0.3881978867269966,0.05685509701489777,0.33134278971209885,1.674846074574045,0.0,1.82048486366744
2026-01-06 14:00:00,0.3934768828324377,0.006056383245642226,0.3874204995867955,1.6802195811302723,0.0,1.8263256316633394
2026-01-06 15:00:00,0.4472547546204821,0.0009043468194850383,0.44635040780099705,1.7232076335800937,0.0,1.8730517756305365
2026-01-06 16:00:00,0.5776466233494543,0.0,0.5776466233494543,1.7894808811069014,0.0,1.9450879142466317
2026-01-06 17:00:00,0.7780601400541605,0.0,0.7780601400541605,1.8163484138880392,0.0,1.9742917542261296
2026-01-06 18:00:00,0.7543964820192843,0.0,0.7543964820192843,1.8611276351899366,0.0,2.022964820858627
2026-01-06 19:00:00,0.6987334218518926,0.0,0.6987334218518926,1.9811359482790207,0.0,2.153408639433718
2026-01-06 20:00:00,0.6388118323256501,0.0,0.6388118323256501,2.079650235143194,0.0,2.2604893860252107
2026-01-06 21:00:00,0.5199287066298753,0.0,0.5199287066298753,2.213987899048885,0.0,2.406508585922701
2026-01-06 22:00:00,0.4556067903005786,0.0,0.4556067903005786,2.3608637449191066,0.0,2.56615624447729
2026-01-06 23:00:00,0.38350701370979384,0.0,0.38350701370979384,2.371610758031562,0.0,2.577837780469089
2026-01-07 00:00:00,0.3133923841490234,0.0,0.3133923841490234,2.2748876400194646,0.0,2.4727039565428965
2026-01-07 01:00:00,0.27063043362301886,0.0,0.27063043362301886,2.1262206252971665,0.0,2.311109375323007
2026-01-07 02:00:00,0.24433308884064553,0.0,0.24433308884064553,1.9936741302435517,0.0,2.167037098090817
2026-01-07 03:00:00,0.23113676329336752,0.0,0.23113676329336752,1.8933686745273022,0.0,2.058009428834024
2026-01-07 04:00:00,0.2252394446366447,0.0,0.2252394446366447,1.809183738479736,0.0,1.9665040635649305
2026-01-07 05:00:00,0.2358137062700967,0.0,0.2358137062700967,1.7232076335800937,0.0,1.8730517756305365
2026-01-07 06:00:00,0.2737545944400903,0.0,0.2737545944400903,1.6443962040887545,0.0,1.7873871783573418
2026-01-07 07:00:00,0.3806827033057564,0.0,0.3806827033057564,1.5924523073785544,0.0,1.730926421063646
2026-01-07 08:00:00,0.4421408021037427,0.0,0.4421408021037427,1.5369260729642023,0.0,1.67057181843935
2026-01-07 09:00:00,0.4563808369749377,0.016287377567089124,0.44009345940784855,1.4975203582185328,0.0,1.627739519802753
2026-01-07 10:00:00,0.4198834778188865,0.024033701839041778,0.3958497759798447,1.4760263319936224,0.0,1.6043764478191547
2026-01-07 11:00:00,0.38690777380234287,0.06854766195369423,0.31836011184864865,1.465279318881167,0.0,1.5926949118273552
2026-01-07 12:00:00,0.3913871293778257,0.012249788736660975,0.3791373406411647,1.4545323057687118,0.0,1.5810133758355562
2026-01-07 13:00:00,0.3770889802934233,0.008422300682476822,0.36866667961094646,1.4670704877332428,0.0,1.5946418344926552
2026-01-07 14:00:00,0.38418575490782203,0.012268058369377843,0.3719176965384442,1.4867733451060774,0.0,1.6160579838109537
2026-01-07 15:00:00,0.4342606599954297,0.0,0.4342606599954297,1.508267371330988,0.0,1.639421055794552
2026-01-07 16:00:00,0.5672955151615635,0.0,0.5672955151615635,1.4975203582185328,0.0,1.627739519802753
2026-01-07 17:00:00,0.77126322870562,0.0,0.77126322870562,1.436620617247953,0.0,1.5615441491825575
2026-01-07 18:00:00,0.7462862142520629,0.0,0.7462862142520629,1.3506445123483104,0.0,1.4680918612481635
2026-01-07 19:00:00,0.6856207786274421,0.0,0.6856207786274421,1.2897447713777306,0.0,1.401896490627968
2026-01-07 20:00:00,0.6301831971583226,0.0,0.6301831971583226,1.227053861555075,0.0,1.3337541973424727
2026-01-07 21:00:00,0.5156167126749684,0.0,0.5156167126749684,1.2306361992592267,0.0,1.3376480426730724
2026-01-07 22:00:00,0.45169229051687443,0.0,0.45169229051687443,1.3058652910464137,0.0,1.4194187946156671
2026-01-07 23:00:00,0.38134753035520813,0.0,0.38134753035520813,1.4061707467626632,0.0,1.52844646387246
2026-01-08 00:00:00,0.30949415700232413,0.0,0.30949415700232413,1.4724439942894705,0.0,1.6004826024885548
2026-01-08 01:00:00,0.2656210837076245,0.0,0.2656210837076245,1.4903556828102293,0.0,1.6199518291415536
2026-01-08 02:00:00,0.23954921768697118,0.0,0.23954921768697118,1.4993115270706086,0.0,1.6296864424680528
2026-01-08 03:00:00,0.22765927509432698,0.0,0.22765927509432698,1.554837761484961,0.0,1.6900410450923486
2026-01-08 04:00:00,0.2236053043021046,0.0,0.2236053043021046,1.5440907483725057,0.0,1.6783595091005497
2026-01-08 05:00:00,0.23649014312142974,0.0,0.23649014312142974,1.5494642549287334,0.0,1.6842002770964493
2026-01-08 06:00:00,0.27820141010084937,0.0,0.27820141010084937,1.5584200991891128,0.0,1.6939348904229488
2026-01-08 07:00:00,0.3861011694441122,0.0,0.3861011694441122,1.5978258139347823,0.0,1.736767189059546
2026-01-08 08:00:00,0.44097853975969176,0.0,0.44097853975969176,1.6282756844200719,0.0,1.7698648743696432
2026-01-08 09:00:00,0.4484053947397952,0.0027495797238888536,0.44565581501590634,1.6067816581951613,0.0,1.7465018023860448
2026-01-08 10:00:00,0.40762393850934897,0.06239079572810921,0.34523314278123973,1.5763317877098715,0.0,1.7134041170759473
2026-01-08 11:00:00,0.38069664762445304,0.12086275523844993,0.25983389238600313,1.5297613975558986,0.0,1.6627841277781508
2026-01-08 12:00:00,0.38081287357985,0.051273724219894144,0.3295391493599559,1.5028938647747603,0.0,1.6335802877986525
2026-01-08 13:00:00,0.3713497352047428,0.12163921462891687,0.24971052057582593,1.508267371330988,0.0,1.639421055794552
2026-01-08 14:00:00,0.3881606970687491,0.04101532544937194,0.3471453716193772,1.5315525664079745,0.0,1.6647310504434505
2026-01-08 15:00:00,0.4383773973658775,0.005106362344365014,0.4332710350215125,1.57274945000572,0.0,1.7095102717453476
2026-01-08 16:00:00,0.5636599609509542,0.0,0.5636599609509542,1.612155164751389,0.0,1.7523425703819444
2026-01-08 17:00:00,0.7563490815532636,0.0,0.7563490815532636,1.6694725680178173,0.0,1.8146440956715404
2026-01-08 18:00:00,0.7340754889987798,0.0,0.7340754889987798,1.7411193221008525,0.0,1.8925210022835353
2026-01-08 19:00:00,0.6790586472578598,0.0,0.6790586472578598,1.7590310106216112,0.0,1.9119902289365338
2026-01-08 20:00:00,0.6215406161447349,0.0,0.6215406161447349,1.764404517177839,0.0,1.9178309969324336
2026-01-08 21:00:00,0.5086012986133482,0.0,0.5086012986133482,1.775151530290294,0.0,1.9295125329242326
2026-01-08 22:00:00,0.44814041800962984,0.0,0.44814041800962984,1.8020190630714328,0.0,1.9587163729037311
2026-01-08 23:00:00,0.3830630304254675,0.0,0.3830630304254675,1.8432159466691778,0.0,2.003495594205628
2026-01-09 00:00:00,0.31096325732136565,0.0,0.31096325732136565,1.9130715319001368,0.0,2.0794255781523225
2026-01-09 01:00:00,0.26558854063570725,0.0,0.26558854063570725,1.95964192205411,0.0,2.1300455674501193
2026-01-09 02:00:00,0.24010477961435692,0.0,0.24010477961435692,1.9363567269771236,0.0,2.1047355728012214
2026-01-09 03:00:00,0.22465134048682794,0.0,0.22465134048682794,1.9488949089416545,0.0,2.11836403145832
2026-01-09 04:00:00,0.21933282815138813,0.0,0.21933282815138813,1.9650154286103374,0.0,2.1358863354460187
2026-01-09 05:00:00,0.2287401782203418,0.0,0.2287401782203418,1.972180104018641,0.0,2.1436740261072185
2026-01-09 06:00:00,0.2666066817106723,0.0,0.2666066817106723,2.016959325320538,0.0,2.1923470927397153
2026-01-09 07:00:00,0.37071514205650763,0.0,0.37071514205650763,2.079650235143194,0.0,2.2604893860252107
2026-01-09 08:00:00,0.4389259847174894,0.0,0.4389259847174894,2.079650235143194,0.0,2.2604893860252107
2026-01-09 09:00:00,0.4662228737698627,0.03869508209432952,0.4275277916755332,1.9990476367997791,0.0,2.1728778660867163
2026-01-09 10:00:00,0.4384634024070789,0.11613092036478073,0.32233248204229814,1.9130715319001368,0.0,2.0794255781523225
2026-01-09 11:00:00,0.41794482532030097,0.1619146199532556,0.25603020536704535,1.809183738479736,0.0,1.9665040635649305
2026-01-09 12:00:00,0.42549487896849275,0.16484689600431315,0.26064798296417957,1.750075166361232,0.0,1.9022556156100348
2026-01-09 13:00:00,0.4185445495933229,0.1261426790936252,0.2924018704996977,1.7447016598050045,0.0,1.8964148476141354
2026-01-09 14:00:00,0.42892587653669234,0.06704041725455248,0.3618854592821399,1.7876897122548252,0.0,1.9431409915813318
2026-01-09 15:00:00,0.4697212808933276,0.00594676544934101,0.46377451544398657,1.8324689335567224,0.0,1.9918140582138286
2026-01-09 16:00:00,0.5728906470978538,0.0,0.5728906470978538,1.8933686745273022,0.0,2.058009428834024
2026-01-09 17:00:00,0.7433108243282602,0.0,0.7433108243282602,1.9076980253439098,0.0,2.0735848101564236
2026-01-09 18:00:00,0.7245054230515455,0.0,0.7245054230515455,1.9130715319001368,0.0,2.0794255781523225
2026-01-09 19:00:00,0.654644167609897,0.0,0.654644167609897,1.986509454835248,0.0,2.159249407429617
2026-01-09 20:00:00,0.595782561618141,0.0,0.595782561618141,2.0008388056518553,0.0,2.1748247887520167
2026-01-09 21:00:00,0.4841775199350256,0.0,0.4841775199350256,2.018750494172614,0.0,2.1942940154050152
2026-01-09 22:00:00,0.43208957627726763,0.0,0.43208957627726763,2.0456180269537523,0.0,2.223497855384513
2026-01-09 23:00:00,0.3816566925801094,0.0,0.3816566925801094,2.0778590662911176,0.0,2.2585424633599107
2026-01-10 00:00:00,0.31683965374044837,0.0,0.31683965374044837,2.104726599072256,0.0,2.2877463033394085
2026-01-10 01:00:00,0.27072573846156883,0.0,0.27072573846156883,2.11189127448056,0.0,2.2955339940006088
2026-01-10 02:00:00,0.24068126053699518,0.0,0.24068126053699518,2.120847118740939,0.0,2.305268607327107
2026-01-10 03:00:00,0.22480940755937961,0.0,0.22480940755937961,2.162044002338684,0.0,2.3500478286290045
2026-01-10 04:00:00,0.2200697023235437,0.0,0.2200697023235437,2.210405561344733,0.0,2.4026147405921012
2026-01-10 05:00:00,0.22317526692040812,0.0,0.22317526692040812,2.181746859711519,0.0,2.371463977947303
2026-01-10 06:00:00,0.24043718554918747,0.0,0.24043718554918747,2.167417508894912,0.0,2.3558885966249044
2026-01-10 07:00:00,0.2876134091493483,0.0,0.2876134091493483,2.1548793269303808,0.0,2.342260137967805
2026-01-10 08:00:00,0.3713125601581155,0.0,0.3713125601581155,2.153088158078305,0.0,2.3403132153025052
2026-01-10 09:00:00,0.447598801584789,0.020553336806478143,0.42704546477831085,2.153088158078305,0.0,2.3403132153025052
2026-01-10 10:00:00,0.470699923055753,0.040001360833585686,0.4306985622221673,2.079650235143194,0.0,2.2604893860252107
2026-01-10 11:00:00,0.47147398721177514,0.03927971034126934,0.4321942768705058,1.9685977663144896,0.0,2.139780180776619
2026-01-10 12:00:00,0.48826867594667434,0.04312546802817037,0.445143207918504,1.9578507532020337,0.0,2.128098644784819
2026-01-10 13:00:00,0.480442003148381,0.04766547175831242,0.43277653139006855,1.9757624417227928,0.0,2.1475678714378184
2026-01-10 14:00:00,0.47960749958261295,0.03727918555877214,0.4423283140238408,1.9668065974624134,0.0,2.137833258111319
2026-01-10 15:00:00,0.4973134040875647,0.0018086936389700766,0.4955047104485946,1.970388935166565,0.0,2.1417271034419185
2026-01-10 16:00:00,0.5591829473747619,0.0,0.5591829473747619,1.9972564679477038,0.0,2.1709309434214172
2026-01-10 17:00:00,0.6850861644588601,0.0,0.6850861644588601,2.018750494172614,0.0,2.1942940154050152
2026-01-10 18:00:00,0.6702766196884957,0.0,0.6702766196884957,1.9954652990956274,0.0,2.168984020756117
2026-01-10 19:00:00,0.6050341917581359,0.0,0.6050341917581359,1.9990476367997791,0.0,2.1728778660867163
2026-01-10 20:00:00,0.546890862329227,0.0,0.546890862329227,1.970388935166565,0.0,2.1417271034419185
2026-01-10 21:00:00,0.49025150006851864,0.0,0.49025150006851864,1.9309832204208957,0.0,2.0988948048053215
2026-01-10 22:00:00,0.4424034895374334,0.0,0.4424034895374334,1.8772481548586193,0.0,2.0404871248463254
2026-01-10 23:00:00,0.3878561992283383,0.0,0.3878561992283383,1.8073925696276598,0.0,1.96455714089963
2026-01-11 00:00:00,0.32644691316171986,0.0,0.32644691316171986,1.732163477840473,0.0,1.882786388957036
2026-01-11 01:00:00,0.2793473994233372,0.0,0.2793473994233372,1.6569343860532861,0.0,1.8010156370144412
2026-01-11 02:00:00,0.2489844616392404,0.0,0.2489844616392404,1.5673759434494923,0.0,1.703669503749448
2026-01-11 03:00:00,0.23192245276359696,0.0,0.23192245276359696,1.5190143844434434,0.0,1.6511025917863513
2026-01-11 04:00:00,0.22350302517166262,0.0,0.22350302517166262,1.5315525664079745,0.0,1.6647310504434505
2026-01-11 05:00:00,0.22519760348500553,0.0,0.22519760348500553,1.6014081516389338,0.0,1.7406610343901454
2026-01-11 06:00:00,0.240381397409063,0.0,0.240381397409063,1.658725554905362,0.0,1.8029625596797414
2026-01-11 07:00:00,0.2765998124593637,0.0,0.2765998124593637,1.6605167237574379,0.0,1.8049094823450411
2026-01-11 08:00:00,0.3560497330675098,0.0,0.3560497330675098,1.630066853272148,0.0,1.7718117970349436
2026-01-11 09:00:00,0.42601094179188037,0.047765954738255206,0.3782449870536252,1.554837761484961,0.0,1.6900410450923486
2026-01-11 10:00:00,0.4378683359981841,0.07566368389691487,0.36220465210126923,1.5190143844434434,0.0,1.6511025917863513
2026-01-11 11:00:00,0.44253365374440023,0.055831997582753076,0.38670165616164714,1.4903556828102293,0.0,1.6199518291415536
2026-01-11 12:00:00,0.45099957057071693,0.0427144012920408,0.40828516927867614,1.4670704877332428,0.0,1.5946418344926552
2026-01-11 13:00:00,0.4437377565562961,0.058481094326699144,0.385256662229597,1.4706528254373947,0.0,1.598535679823255
2026-01-11 14:00:00,0.4425522514699348,0.016296512383447558,0.4262557390864873,1.4796086696977742,0.0,1.6082702931497546
2026-01-11 15:00:00,0.4647189196934709,0.005627046876795795,0.45909187281667513,1.4993115270706086,0.0,1.6296864424680528
2026-01-11 16:00:00,0.5468606428476597,0.0,0.5468606428476597,1.5172232155913674,0.0,1.6491556691210516
2026-01-11 17:00:00,0.7051491359539708,0.0,0.7051491359539708,1.5333437352600505,0.0,1.6666779731087504
2026-01-11 18:00:00,0.6930918275643921,0.0,0.6930918275643921,1.5476730860766574,0.0,1.6822533544311495
2026-01-11 19:00:00,0.6387095779114695,0.0,0.6387095779114695,1.5870788008223269,0.0,1.7250856530677465
2026-01-11 20:00:00,0.585733665741372,0.0,0.585733665741372,1.5996169827868578,0.0,1.7387141117248455
2026-01-11 21:00:00,0.51777851818508,0.0,0.51777851818508,1.6229021778638446,0.0,1.764024106373744
2026-01-11 22:00:00,0.4484472524929285,0.0,0.4484472524929285,1.6443962040887545,0.0,1.7873871783573418
2026-01-11 23:00:00,0.3665124151211184,0.0,0.3665124151211184,1.6658902303136653,0.0,1.8107502503409405
2026-01-12 00:00:00,0.2987176613833641,0.0,0.2987176613833641,1.6909665942427279,0.0,1.838007167655139
2026-01-12 01:00:00,0.2577014283686252,0.0,0.2577014283686252,1.6999224385031075,0.0,1.8477417809816385
2026-01-12 02:00:00,0.2381056877416028,0.0,0.2381056877416028,1.7232076335800937,0.0,1.8730517756305365
2026-01-12 03:00:00,0.229179513754111,0.0,0.229179513754111,1.775151530290294,0.0,1.9295125329242326
2026-01-12 04:00:00,0.22777550113506892,0.0,0.22777550113506892,1.8163484138880392,0.0,1.9742917542261296
2026-01-12 05:00:00,0.24370546709475324,0.0,0.24370546709475324,1.8467982843733295,0.0,2.0073894395362277
2026-01-12 06:00:00,0.2946683414622002,0.0,0.2946683414622002,1.8073925696276598,0.0,1.96455714089963
2026-01-12 07:00:00,0.4213014417872362,0.0,0.4213014417872362,1.6390226975325275,0.0,1.781546410361443
2026-01-12 08:00:00,0.4689379193202943,0.0,0.4689379193202943,1.5870788008223269,0.0,1.7250856530677465
2026-01-12 09:00:00,0.4844517922628547,0.04041242756971525,0.4440393646931394,1.5799141254140234,0.0,1.7172979624065472
2026-01-12 10:00:00,0.45239892309709945,0.017730678551721814,0.4346682445453776,1.5870788008223269,0.0,1.7250856530677465
2026-01-12 11:00:00,0.413637479855929,0.046697181224318346,0.3669402986316107,1.538717241816278,0.0,1.6725187411046498
2026-01-12 12:00:00,0.4120079859526733,0.08204892053146075,0.32995906542121256,1.4939380205143813,0.0,1.6238456744721534
2026-01-12 13:00:00,0.38251209519099433,0.06152298817405791,0.3209891070169364,1.5190143844434434,0.0,1.6511025917863513
2026-01-12 14:00:00,0.3831978317365832,0.05431561806725291,0.32888221366933035,1.5046850336268363,0.0,1.6355272104639524
2026-01-12 15:00:00,0.4350277531724505,0.008020368762705694,0.42700738440974484,1.5172232155913674,0.0,1.6491556691210516
2026-01-12 16:00:00,0.5845411616968234,0.0,0.5845411616968234,1.565584774597416,0.0,1.7017225810841479
2026-01-12 17:00:00,0.8003267573090594,0.0,0.8003267573090594,1.5924523073785544,0.0,1.730926421063646
2026-01-12 18:00:00,0.7837087325150194,0.0,0.7837087325150194,1.6014081516389338,0.0,1.7406610343901454
2026-01-12 19:00:00,0.7228108436288114,0.0,0.7228108436288114,1.5781229565619477,0.0,1.7153510397412473
2026-01-12 20:00:00,0.6592513743757407,0.0,0.6592513743757407,1.554837761484961,0.0,1.6900410450923486
2026-01-12 21:00:00,0.5353193827162113,0.0,0.5353193827162113,1.5494642549287334,0.0,1.6842002770964493
2026-01-12 22:00:00,0.4650373860800989,0.0,0.4650373860800989,1.5763317877098715,0.0,1.7134041170759473
2026-01-12 23:00:00,0.3906619005902261,0.0,0.3906619005902261,1.6175286713076167,0.0,1.7581833383778442
2026-01-13 00:00:00,0.31915720605671627,0.0,0.31915720605671627,1.5637936057453405,0.0,1.6997756584188484
2026-01-13 01:00:00,0.27299215130715415,0.0,0.27299215130715415,1.4885645139581531,0.0,1.6180049064762534
2026-01-13 02:00:00,0.25014672513811564,0.0,0.25014672513811564,1.4419941238041805,0.0,1.5673849171784568
2026-01-13 03:00:00,0.23905874332565766,0.0,0.23905874332565766,1.4151265910230422,0.0,1.5381810771989588
2026-01-13 04:00:00,0.23738508546649775,0.0,0.23738508546649775,1.3882590582419043,0.0,1.5089772372194612
2026-01-13 05:00:00,0.25188314426714575,0.0,0.25188314426714575,1.341688668087931,0.0,1.458357247921664
2026-01-13 06:00:00,0.30459173623428326,0.0,0.30459173623428326,1.3434798369400072,0.0,1.4603041705869644
2026-01-13 07:00:00,0.43154097194721847,0.0,0.43154097194721847,1.3542268500524623,0.0,1.4719857065787634
2026-01-13 08:00:00,0.471499544976049,0.0,0.471499544976049,1.3578091877566143,0.0,1.4758795519093633
2026-01-13 09:00:00,0.4437075311020698,0.04021146160982969,0.4034960694922401,1.341688668087931,0.0,1.458357247921664
2026-01-13 10:00:00,0.38631037330206525,0.07884259998965017,0.3074677733124151,1.3130299664547174,0.0,1.4272064852768667
2026-01-13 11:00:00,0.3441504733759443,0.039517215566588645,0.30463325780935563,1.2987006156381102,0.0,1.4116311039544676
2026-01-13 12:00:00,0.3365725245065677,0.033488236770021725,0.303084287736546,1.3022829533422622,0.0,1.4155249492850674
2026-01-13 13:00:00,0.32024739018843984,0.06353264777291355,0.2567147424155263,1.2825800959694271,0.0,1.3941087999667685
2026-01-13 14:00:00,0.3372280413253406,0.0322459017452746,0.30498213958006604,1.252130225484137,0.0,1.3610111146566708
2026-01-13 15:00:00,0.4021729287026958,0.008732884438663603,0.3934400442640322,1.2485478877799856,0.0,1.3571172693260711
2026-01-13 16:00:00,0.5568095879043087,0.0,0.5568095879043087,1.325568148419248,0.0,1.4408349439339654
2026-01-13 17:00:00,0.7881741460374491,0.0,0.7881741460374491,1.431247110691725,0.0,1.5557033811866576
2026-01-13 18:00:00,0.7815539001848055,0.0,0.7815539001848055,1.4670704877332428,0.0,1.5946418344926552
2026-01-13 19:00:00,0.7294287656506909,0.0,0.7294287656506909,1.4402029549521045,0.0,1.5654379945131571
2026-01-13 20:00:00,0.6673709379745311,0.0,0.6673709379745311,1.4724439942894705,0.0,1.6004826024885548
2026-01-13 21:00:00,0.5429996119521422,0.0,0.5429996119521422,1.4867733451060774,0.0,1.6160579838109537
2026-01-13 22:00:00,0.4738054920222486,0.0,0.4738054920222486,1.538717241816278,0.0,1.6725187411046498
2026-01-13 23:00:00,0.40201022923901814,0.0,0.40201022923901814,1.6014081516389338,0.0,1.7406610343901454
2026-01-14 00:00:00,0.3301150137789408,0.0,0.3301150137789408,1.6426050352366792,0.0,1.7854402556920426
2026-01-14 01:00:00,0.2881759449576033,0.0,0.2881759449576033,1.6551432172012104,0.0,1.7990687143491417
2026-01-14 02:00:00,0.26212267520742477,0.0,0.26212267520742477,1.6927577630948039,0.0,1.8399540903204388
2026-01-14 03:00:00,0.2490634962780158,0.0,0.2490634962780158,1.732163477840473,0.0,1.882786388957036
2026-01-14 04:00:00,0.24325450934158052,0.0,0.24325450934158052,1.7715691925861425,0.0,1.925618687593633
2026-01-14 05:00:00,0.2570273164593771,0.0,0.2570273164593771,1.8199307515921912,0.0,1.9781855995567295
2026-01-14 06:00:00,0.304380204320845,0.0,0.304380204320845,1.871874648302392,0.0,2.034646356850426
2026-01-14 07:00:00,0.434881313034324,0.0,0.434881313034324,1.9345655581250476,0.0,2.1027886501359214
2026-01-14 08:00:00,0.48755503396275185,0.0,0.48755503396275185,1.9757624417227928,0.0,2.1475678714378184
2026-01-14 09:00:00,0.4799561608068289,0.05225114957024666,0.4277050112365822,1.972180104018641,0.0,2.1436740261072185
2026-01-14 10:00:00,0.4227333419187898,0.12893793289930622,0.2937954090194836,1.896951012231454,0.0,2.0619032741646235
2026-01-14 11:00:00,0.38259810277565653,0.022151929669204224,0.36044617310645233,1.871874648302392,0.0,2.034646356850426
2026-01-14 12:00:00,0.3826399428077228,0.11829587184172977,0.264344070965993,1.9094891941959853,0.0,2.075531732821723
2026-01-14 13:00:00,0.37542462061763593,0.12957737004439665,0.24584725057323928,1.9076980253439098,0.0,2.0735848101564236
2026-01-14 14:00:00,0.3914452440429787,0.0777738264757133,0.3136714175672654,1.9435214023854273,0.0,2.1125232634624207
2026-01-14 15:00:00,0.44448856771303985,0.009993489096127595,0.4344950786169123,1.9560595843499584,0.0,2.12615172211952
2026-01-14 16:00:00,0.5844737502031827,0.0,0.5844737502031827,1.988300623687324,0.0,2.161196330094917
2026-01-14 17:00:00,0.7979487682038203,0.0,0.7979487682038203,1.9775536105748688,0.0,2.1495147941031183
2026-01-14 18:00:00,0.7820025312804404,0.0,0.7820025312804404,1.9936741302435517,0.0,2.167037098090817
2026-01-14 19:00:00,0.7213440689304995,0.0,0.7213440689304995,1.9560595843499584,0.0,2.12615172211952
2026-01-14 20:00:00,0.6605972732209576,0.0,0.6605972732209576,1.970388935166565,0.0,2.1417271034419185
2026-01-14 21:00:00,0.5376485551788593,0.0,0.5376485551788593,2.018750494172614,0.0,2.1942940154050152
2026-01-14 22:00:00,0.47062321746268676,0.0,0.47062321746268676,2.018750494172614,0.0,2.1942940154050152
2026-01-14 23:00:00,0.3968683803583332,0.0,0.3968683803583332,2.0115858187643103,0.0,2.1865063247438155
2026-01-15 00:00:00,0.3238480956284471,0.0,0.3238480956284471,1.9954652990956274,0.0,2.168984020756117
2026-01-15 01:00:00,0.27871745480313026,0.0,0.27871745480313026,1.9650154286103374,0.0,2.1358863354460187
2026-01-15 02:00:00,0.2534684703822032,0.0,0.2534684703822032,1.8951598433793782,0.0,2.059956351499324
2026-01-15 03:00:00,0.24354042644096344,0.0,0.24354042644096344,1.8629188040420124,0.0,2.0249117435239263
2026-01-15 04:00:00,0.24005363960579104,0.0,0.24005363960579104,1.7805250368465217,0.0,1.9353533009201322
2026-01-15 05:00:00,0.25527927451580684,0.0,0.25527927451580684,1.7608221794736874,0.0,1.913937151601834
2026-01-15 06:00:00,0.30574005134662213,0.0,0.30574005134662213,1.775151530290294,0.0,1.9295125329242326
2026-01-15 07:00:00,0.43445592490865187,0.0,0.43445592490865187,1.7894808811069014,0.0,1.9450879142466317
2026-01-15 08:00:00,0.47651121861933554,0.0,0.47651121861933554,1.7984367253672806,0.0,1.954822527573131
2026-01-15 09:00:00,0.4611786534228093,0.01993216929410458,0.4412464841287047,1.7590310106216112,0.0,1.9119902289365338
2026-01-15 10:00:00,0.4100507378314126,0.022014907423827702,0.3880358304075849,1.658725554905362,0.0,1.8029625596797414
2026-01-15 11:00:00,0.3739276292841842,0.05838061134675636,0.31554701793742784,1.5817052942660992,0.0,1.719244885071847
2026-01-15 12:00:00,0.3723980926013734,0.10710572180264721,0.2652923707987262,1.5566289303370369,0.0,1.6919879677576486
2026-01-15 13:00:00,0.35903905143696346,0.090270255254052,0.2687687961829115,1.5584200991891128,0.0,1.6939348904229488
2026-01-15 14:00:00,0.3767007886208768,0.02628086666321672,0.3504199219576601,1.5458819172245815,0.0,1.6803064317658494
2026-01-15 15:00:00,0.42874456523801596,0.0,0.42874456523801596,1.5620024368932646,0.0,1.6978287357535484
2026-01-15 16:00:00,0.5613865745952149,0.0,0.5613865745952149,1.5942434762306306,0.0,1.7328733437289463
2026-01-15 17:00:00,0.7708471396208496,0.0,0.7708471396208496,1.596034645082706,0.0,1.7348202663942458
2026-01-15 18:00:00,0.7615722862293304,0.0,0.7615722862293304,1.5942434762306306,0.0,1.7328733437289463
2026-01-15 19:00:00,0.7081430949277056,0.0,0.7081430949277056,1.5637936057453405,0.0,1.6997756584188484
2026-01-15 20:00:00,0.6508458938966887,0.0,0.6508458938966887,1.6103639958993134,0.0,1.750395647716645
2026-01-15 21:00:00,0.5338665550084071,0.0,0.5338665550084071,1.6354403598283755,0.0,1.777652565030843
2026-01-15 22:00:00,0.46653437999943387,0.0,0.46653437999943387,1.6479785417929067,0.0,1.791281023687942
2026-01-15 23:00:00,0.3965545700186911,0.0,0.3965545700186911,1.5978258139347823,0.0,1.736767189059546
2026-01-16 00:00:00,0.3257542059479768,0.0,0.3257542059479768,1.554837761484961,0.0,1.6900410450923486
2026-01-16 01:00:00,0.2801586596104798,0.0,0.2801586596104798,1.5369260729642023,0.0,1.67057181843935
2026-01-16 02:00:00,0.2557209343205238,0.0,0.2557209343205238,1.524387890999671,0.0,1.656943359782251
2026-01-16 03:00:00,0.24285701588083422,0.0,0.24285701588083422,1.526179059851747,0.0,1.658890282447551
2026-01-16 04:00:00,0.23781977110603258,0.0,0.23781977110603258,1.5315525664079745,0.0,1.6647310504434505
2026-01-16 05:00:00,0.24834754206522133,0.0,0.24834754206522133,1.5369260729642023,0.0,1.67057181843935
2026-01-16 06:00:00,0.294868250039626,0.0,0.294868250039626,1.540508410668354,0.0,1.67446566376995
2026-01-16 07:00:00,0.42317035821986987,0.0,0.42317035821986987,1.5315525664079745,0.0,1.6647310504434505
2026-01-16 08:00:00,0.48161354890908276,0.002539478947644855,0.4790740699614379,1.5673759434494923,0.0,1.703669503749448
2026-01-16 09:00:00,0.48514915050823415,0.02056247162283658,0.46458667888539756,1.608572827047237,0.0,1.7484487250513447
2026-01-16 10:00:00,0.44782891062353747,0.06828275227929961,0.3795461583442379,1.6551432172012104,0.0,1.7990687143491417
2026-01-16 11:00:00,0.42621083280234295,0.02059901088827032,0.40561182191407263,1.676637243426121,0.0,1.8224317863327402
2026-01-16 12:00:00,0.43233827725137947,0.041517740349085855,0.3908205369022936,1.7285811401363216,0.0,1.8788925436264363
2026-01-16 13:00:00,0.42250321469044255,0.09938680197976986,0.3231164127106727,1.7715691925861425,0.0,1.925618687593633
2026-01-16 14:00:00,0.43148982647346,0.002767849356605723,0.4287219771168543,1.775151530290294,0.0,1.9295125329242326
2026-01-16 15:00:00,0.471095073993703,0.00492366601719632,0.4661714079765067,1.7715691925861425,0.0,1.925618687593633
2026-01-16 16:00:00,0.5771514988310605,0.0,0.5771514988310605,1.8038102319235083,0.0,1.9606632955690309
2026-01-16 17:00:00,0.7597568333206934,0.0,0.7597568333206934,1.8253042581484191,0.0,1.9840263675526293
2026-01-16 18:00:00,0.7500589181153715,0.0,0.7500589181153715,1.8217219204442672,0.0,1.9801325222220296
2026-01-16 19:00:00,0.6807067334765502,0.0,0.6807067334765502,1.8324689335567224,0.0,1.9918140582138286
2026-01-16 20:00:00,0.6246880213031927,0.0,0.6246880213031927,1.7966455565152049,0.0,1.9528756049078313
2026-01-16 21:00:00,0.5074808779048912,0.0,0.5074808779048912,1.764404517177839,0.0,1.9178309969324336
2026-01-16 22:00:00,0.4522222827964315,0.0,0.4522222827964315,1.8199307515921912,0.0,1.9781855995567295
2026-01-16 23:00:00,0.39996697184174673,0.0,0.39996697184174673,1.864709972894088,0.0,2.026858666189226
2026-01-17 00:00:00,0.3351127408411728,0.0,0.3351127408411728,1.8879951679710747,0.0,2.0521686608381247
2026-01-17 01:00:00,0.28660921448508475,0.0,0.28660921448508475,1.9238185450125924,0.0,2.091107114144122
2026-01-17 02:00:00,0.2582290960101688,0.0,0.2582290960101688,1.9435214023854273,0.0,2.1125232634624207
2026-01-17 03:00:00,0.24444466603502588,0.0,0.24444466603502588,1.970388935166565,0.0,2.1417271034419185
2026-01-17 04:00:00,0.23701316134730052,0.0,0.23701316134730052,1.9936741302435517,0.0,2.167037098090817
2026-01-17 05:00:00,0.24092766023526063,0.0,0.24092766023526063,2.0402445203975246,0.0,2.2176570873886137
2026-01-17 06:00:00,0.26042809577768217,0.0,0.26042809577768217,2.061738546622435,0.0,2.2410201593722117
2026-01-17 07:00:00,0.3116513165382689,0.0,0.3116513165382689,2.02054166302469,0.0,2.1962409380703147
2026-01-17 08:00:00,0.40034122143653067,0.0028226582547563315,0.39751856318177436,2.092188417107725,0.0,2.2741178446823094
2026-01-17 09:00:00,0.4751839321770444,0.05200450952856892,0.42317942264847547,2.1333853007054704,0.0,2.3188970659842068
2026-01-17 10:00:00,0.49420551308192145,0.1345101708779514,0.35969534220397004,2.11189127448056,0.0,2.2955339940006088
2026-01-17 11:00:00,0.48925194847014936,0.09116546725717861,0.39808648121297074,2.0277063384329934,0.0,2.2040286287315145
2026-01-17 12:00:00,0.49092560564461996,0.1612751828081652,0.32965042283645474,2.063529715474511,0.0,2.242967082037512
2026-01-17 13:00:00,0.47116947222163014,0.023695713633779692,0.44747375858785043,2.02054166302469,0.0,2.1962409380703147
2026-01-17 14:00:00,0.4655394759132999,0.0869817213650155,0.37855775454828444,2.201449717084354,0.0,2.392880127265602
2026-01-17 15:00:00,0.48670659718914533,0.014451279479043745,0.4722553177101016,2.210405561344733,0.0,2.4026147405921012
2026-01-17 16:00:00,0.5542874987156511,0.0,0.5542874987156511,2.2516024449424776,0.0,2.4473939618939973
2026-01-17 17:00:00,0.6959858600030576,0.0,0.6959858600030576,2.235481925273795,0.0,2.4298716579062987
2026-01-17 18:00:00,0.6898514403390369,0.0,0.6898514403390369,2.2121967301968093,0.0,2.404561663257401
2026-01-17 19:00:00,0.6300855923253561,0.0,0.6300855923253561,2.1244294564450907,0.0,2.309162452657707
2026-01-17 20:00:00,0.5658613063295124,0.0,0.5658613063295124,2.1226382875930154,0.0,2.307215529992408
2026-01-17 21:00:00,0.5082386706081158,0.0,0.5082386706081158,2.120847118740939,0.0,2.305268607327107
2026-01-17 22:00:00,0.4572014122680682,0.0,0.4572014122680682,2.119055949888863,0.0,2.3033216846618076
2026-01-17 23:00:00,0.40067827621201574,0.0,0.40067827621201574,2.1369676384096215,0.0,2.3227909113148058
2026-01-18 00:00:00,0.3358193958821602,0.0,0.3358193958821602,2.2086143924926573,0.0,2.4006678179268017
2026-01-18 01:00:00,0.2875413482171032,0.0,0.2875413482171032,2.28563465313192,0.0,2.4843854925346958
2026-01-18 02:00:00,0.25843365353875747,0.0,0.25843365353875747,2.3501167318066516,0.0,2.5544747084854906
2026-01-18 03:00:00,0.24372638793996781,0.0,0.24372638793996781,2.4952014088247982,0.0,2.7121754443747803
2026-01-18 04:00:00,0.2338866759628001,0.0,0.2338866759628001,2.339369718694196,0.0,2.5427931724936914
2026-01-18 05:00:00,0.23661101848109775,0.0,0.23661101848109775,2.2516024449424776,0.0,2.4473939618939973
2026-01-18 06:00:00,0.25165766561142416,0.0,0.25165766561142416,2.4504221875229013,0.0,2.663502377742284
2026-01-18 07:00:00,0.2902587181873331,0.0,0.2902587181873331,2.950158297252072,0.0,3.2066938013609474
2026-01-18 08:00:00,0.37381839790646576,0.004138071810370933,0.3696803260960948,2.8426881661275187,0.0,3.0898784414429548
2026-01-18 09:00:00,0.44923758980604545,0.067807741828661,0.38142984797738444,2.58117751372444,0.0,2.805627732309174
2026-01-18 10:00:00,0.4716157837289118,0.13240002829915298,0.3392157554297588,2.364446082623259,0.0,2.57005008980789
2026-01-18 11:00:00,0.4796353909222003,0.17516923848934438,0.3044661524328559,2.1996585482322777,0.0,2.3909332046003016
2026-01-18 12:00:00,0.499363629581007,0.18516272758547198,0.314200901995535,2.0957707548118765,0.0,2.2780116900129093
2026-01-18 13:00:00,0.4923389171926959,0.15916504022936676,0.3331738769633291,2.0581562089182834,0.0,2.2371263140416127
2026-01-18 14:00:00,0.49507720934559085,0.08066042844497867,0.4144167809006122,2.0724855597348903,0.0,2.2527016953640113
2026-01-18 15:00:00,0.509052252569223,0.015565727074772781,0.49348652549445027,2.156670495782457,0.0,2.344207060633105
2026-01-18 16:00:00,0.5632555145886344,0.0,0.5632555145886344,2.289216990836072,0.0,2.488279337865295
2026-01-18 17:00:00,0.7113300456454205,0.0,0.7113300456454205,2.403851797368928,0.0,2.612882388444487
2026-01-18 18:00:00,0.6994447524119398,0.0,0.6994447524119398,2.4952014088247982,0.0,2.7121754443747803
2026-01-18 19:00:00,0.6421266283212491,0.0,0.6421266283212491,2.6420772546950198,0.0,2.871823102929369
2026-01-18 20:00:00,0.5885626113942619,0.0,0.5885626113942619,2.685065307144842,0.0,2.918549246896567
2026-01-18 21:00:00,0.5214280209961399,0.0,0.5214280209961399,2.735218035002966,0.0,2.973063081524963
2026-01-18 22:00:00,0.4513622054640782,0.0,0.4513622054640782,2.7853707628610906,0.0,3.027576916153359
2026-01-18 23:00:00,0.3663822415269386,0.0,0.3663822415269386,2.8211941399026084,0.0,3.0665153694593568
2026-01-19 00:00:00,0.29549819468532124,0.0,0.29549819468532124,2.858808685796202,0.0,3.1074007454306543
2026-01-19 01:00:00,0.255902246098982,0.0,0.255902246098982,2.8928408939856434,0.0,3.1443922760713514
2026-01-19 02:00:00,0.23515819052064071,0.0,0.23515819052064071,2.91612608906263,0.0,3.16970227072025
2026-01-19 03:00:00,0.22637381270576706,0.0,0.22637381270576706,2.9465759595479195,0.0,3.2027999560303475
2026-01-19 04:00:00,0.22319618777946532,0.0,0.22319618777946532,2.989564011997741,0.0,3.2495260999975444
2026-01-19 05:00:00,0.23632277695254816,0.0,0.23632277695254816,3.030760895595486,0.0,3.2943053212994413
2026-01-19 06:00:00,0.28670916920465445,0.0,0.28670916920465445,3.0719577791932315,0.0,3.3390845426013382
2026-01-19 07:00:00,0.41382577130834736,0.0,0.41382577130834736,3.0665842726370034,0.0,3.3332437746054384
2026-01-19 08:00:00,0.46196899512689654,0.004850587486328842,0.4571184076405677,3.0755401168973835,0.0,3.3429783879319386
2026-01-19 09:00:00,0.4763089842323585,0.07052991710347455,0.40577906712888395,3.0074757005184996,0.0,3.268995326650543
2026-01-19 10:00:00,0.4475639130494806,0.14765517161773897,0.2999087414317416,2.8749292054648845,0.0,3.124923049418353
2026-01-19 11:00:00,0.4101297725453043,0.18998591062272552,0.2201438619225788,2.726262190742587,0.0,2.9633284681984637
2026-01-19 12:00:00,0.40390701903773985,0.20095682506920567,0.20295019396853417,2.597298033393123,0.0,2.8231500362968727
2026-01-19 13:00:00,0.3815636904683162,0.15953043288370414,0.22203325758461204,2.511321928493481,0.0,2.7296977483624794
2026-01-19 14:00:00,0.3862778279068663,0.09313858759060051,0.2931392403162658,2.482663226860267,0.0,2.6985469857176816
2026-01-19 15:00:00,0.42859114616478045,0.017675869653571208,0.41091527651120924,2.5399806301266947,0.0,2.760848511007277
2026-01-19 16:00:00,0.5626999313006841,0.0,0.5626999313006841,2.686856475996917,0.0,2.9204961695618663
2026-01-19 17:00:00,0.7786203489382784,0.0,0.7786203489382784,2.803282451381849,0.0,3.0470461428063578
2026-01-19 18:00:00,0.7696383862491258,0.0,0.7696383862491258,2.882093880873188,0.0,3.132710740079552
2026-01-19 19:00:00,0.7088660213522786,0.0,0.7088660213522786,2.957322972660375,0.0,3.2144814920221467
2026-01-19 20:00:00,0.645694747630141,0.0,0.645694747630141,3.0003110251101965,0.0,3.261207635989344
2026-01-19 21:00:00,0.5202773840422609,0.0,0.5202773840422609,3.0379255710037896,0.0,3.3020930119606406
2026-01-19 22:00:00,0.45272670386066266,0.0,0.45272670386066266,3.0719577791932315,0.0,3.3390845426013382
2026-01-19 23:00:00,0.38020851375261666,0.0,0.38020851375261666,3.102407649678521,0.0,3.372182227911436
2026-01-20 00:00:00,0.30995208874199276,0.0,0.30995208874199276,3.136439857867963,0.0,3.409173758552134
2026-01-20 01:00:00,0.2649655679980111,0.0,0.2649655679980111,3.1722632349094804,0.0,3.4481122118581307
2026-01-20 02:00:00,0.24345441895145564,0.0,0.24345441895145564,3.209877780803074,0.0,3.488997587829428
2026-01-20 03:00:00,0.23102751106846647,0.0,0.23102751106846647,3.240327651288364,0.0,3.522095273139526
2026-01-20 04:00:00,0.22795448964677478,0.0,0.22795448964677478,3.2689863529215777,0.0,3.5532460357843236
2026-01-20 05:00:00,0.24218057922094893,0.0,0.24218057922094893,3.2904803791464885,0.0,3.576609107767922
2026-01-20 06:00:00,0.2942290061977853,0.0,0.2942290061977853,3.3066008988151716,0.0,3.5941314117556216
2026-01-20 07:00:00,0.41861429188917765,0.0,0.41861429188917765,3.3191390807797023,0.0,3.60775987041272
2026-01-20 08:00:00,0.45845663891135524,0.005261654222458404,0.45319498468889685,3.347797782412917,0.0,3.6389106330575185
2026-01-20 09:00:00,0.44327516905189707,0.07450356221939367,0.36877160683250343,3.2654040152174266,0.0,3.5493521904537246
2026-01-20 10:00:00,0.39519005655834305,0.14781046349583238,0.24737959306251067,3.0862871300098385,0.0,3.3546599239237374
2026-01-20 11:00:00,0.36389730878066134,0.19214172728331613,0.1717555814973452,2.91612608906263,0.0,3.16970227072025
2026-01-20 12:00:00,0.35894374715951893,0.20547855916663083,0.1534651879928881,2.7728325808965595,0.0,3.01394845749626
2026-01-20 13:00:00,0.346479647668668,0.15807799708271303,0.18840165058595498,2.692229982553145,0.0,2.926336937557766
2026-01-20 14:00:00,0.36699357573022373,0.08635141903628352,0.2806421566939402,2.6725271251803107,0.0,2.9049207882394676
2026-01-20 15:00:00,0.4183121015850234,0.019411484761673804,0.3989006168233496,2.7459650481154214,0.0,2.9847446175167622
2026-01-20 16:00:00,0.5509889788819208,0.0,0.5509889788819208,2.8731380366128088,0.0,3.122976126753053
2026-01-20 17:00:00,0.7761121890331478,0.0,0.7761121890331478,2.985981674293589,0.0,3.2456322546669445
2026-01-20 18:00:00,0.7701567570051959,0.0,0.7701567570051959,3.0791224546015346,0.0,3.3468722332625376
2026-01-20 19:00:00,0.7107465632415545,0.0,0.7107465632415545,3.1794279103177843,0.0,3.4558999025193304
2026-01-20 20:00:00,0.64969525483643,0.0,0.64969525483643,3.3048097299630954,0.0,3.592184489090321
2026-01-20 21:00:00,0.5283062925854957,0.0,0.5283062925854957,3.399741679123117,0.0,3.695371390351214
2026-01-20 22:00:00,0.46223865843553885,0.0,0.46223865843553885,3.442729731572939,0.0,3.742097534318412
2026-01-20 23:00:00,0.39259358105618364,0.0,0.39259358105618364,3.3155567430755513,0.0,3.603866025082121
2026-01-21 00:00:00,0.3224464083543412,0.0,0.3224464083543412,3.1274840136075834,0.0,3.3994391452256343
2026-01-21 01:00:00,0.27790852128461363,0.0,0.27790852128461363,3.276151028329882,0.0,3.561033726445524
2026-01-21 02:00:00,0.25324066757286423,0.0,0.25324066757286423,3.277942197181958,0.0,3.562980649110824
2026-01-21 03:00:00,0.23914475042907332,0.0,0.23914475042907332,3.2654040152174266,0.0,3.5493521904537246
2026-01-21 04:00:00,0.23489551926843688,0.0,0.23489551926843688,3.426609211904255,0.0,3.724575230330712
2026-01-21 05:00:00,0.2489495938884681,0.0,0.2489495938884681,3.4642237577978485,0.0,3.7654606063020095
2026-01-21 06:00:00,0.29630945543511517,0.0,0.29630945543511517,3.346006613560841,0.0,3.636963710392218
2026-01-21 07:00:00,0.42555997033531595,0.0,0.42555997033531595,3.2224159627676054,0.0,3.5026260464865278
2026-01-21 08:00:00,0.4758603518257031,0.005462620182343969,0.47039773164335913,3.1382310267200384,0.0,3.411120681217433
2026-01-21 09:00:00,0.4759533303154816,0.062436469809901377,0.41351686050558023,2.860599854648277,0.0,3.1093476680959533
2026-01-21 10:00:00,0.43840761105199655,0.13849295081022897,0.2999146602417676,2.4522133563749766,0.0,2.6654493004075834
2026-01-21 11:00:00,0.4106551136820781,0.17084847035180478,0.2398066433302733,2.19428504167605,0.0,2.3850924366044017
2026-01-21 12:00:00,0.4153181086571425,0.0859768915655877,0.32934121709155484,2.08144140399527,0.0,2.2624363086905106
2026-01-21 13:00:00,0.4090604899150228,0.08653411536345221,0.3225263745515706,2.0277063384329934,0.0,2.2040286287315145
2026-01-21 14:00:00,0.42269615219242207,0.04645054118264061,0.3762456110097815,2.0402445203975246,0.0,2.2176570873886137
2026-01-21 15:00:00,0.4646212757267687,0.014889750664248613,0.44973152506252007,2.1423411449658496,0.0,2.328631679310706
2026-01-21 16:00:00,0.581121786437731,0.0,0.581121786437731,2.330413874433817,0.0,2.533058559167192
2026-01-21 17:00:00,0.7809378991931805,0.0,0.7809378991931805,2.4486310186708256,0.0,2.661555455076984
2026-01-21 18:00:00,0.7647661832714904,0.0,0.7647661832714904,2.5292336170142398,0.0,2.7491669750154775
2026-01-21 19:00:00,0.7059347961051112,0.0,0.7059347961051112,2.5775951760202886,0.0,2.801733886978574
2026-01-21 20:00:00,0.644748666117346,0.0,0.644748666117346,2.6080450465055782,0.0,2.834831572288672
2026-01-21 21:00:00,0.5273323157446808,0.0,0.5273323157446808,2.6761094628844617,0.0,2.908814633570067
2026-01-21 22:00:00,0.4607765319484005,0.0,0.4607765319484005,2.781788425156939,0.0,3.0236830708227598
2026-01-21 23:00:00,0.3890393819505257,0.0,0.3890393819505257,2.8695556989086572,0.0,3.1190822814224535
2026-01-22 00:00:00,0.3165583867401256,0.0,0.3165583867401256,2.9483671283999953,0.0,3.204746878695647
2026-01-22 01:00:00,0.2732431995702113,0.0,0.2732431995702113,3.0325520644475614,0.0,3.296252243964741
2026-01-22 02:00:00,0.24692493411756708,0.0,0.24692493411756708,3.0916606365660666,0.0,3.360500691919637
2026-01-22 03:00:00,0.23613914037821776,0.0,0.23613914037821776,3.12927518245966,0.0,3.4013860678909347
2026-01-22 04:00:00,0.23276393071166981,0.0,0.23276393071166981,3.1149458316430523,0.0,3.385810686568535
2026-01-22 05:00:00,0.24885661336847206,0.0,0.24885661336847206,3.0988253119743696,0.0,3.3682883825808365
2026-01-22 06:00:00,0.2982062675939715,0.0,0.2982062675939715,3.0755401168973835,0.0,3.3429783879319386
2026-01-22 07:00:00,0.42497186545991034,0.0,0.42497186545991034,3.0379255710037896,0.0,3.3020930119606406
2026-01-22 08:00:00,0.46583002914496,0.0001735615108102599,0.46565646763414975,3.0271785578913346,0.0,3.290411475968842
2026-01-22 09:00:00,0.44690374764951707,0.04962945727537589,0.3972742903741412,2.9967286874060446,0.0,3.2573137906587437
2026-01-22 10:00:00,0.3901388584863414,0.042942771701001664,0.34719608678533975,2.97702583003321,0.0,3.2358976413404457
2026-01-22 11:00:00,0.35391811876579726,0.05825272391773829,0.295665394848059,2.9680699857728303,0.0,3.226163028013946
2026-01-22 12:00:00,0.349775816068441,0.06385236634545877,0.2859234497229822,2.942993621843768,0.0,3.1989061106997476
2026-01-22 13:00:00,0.3304404221302032,0.0635691870383473,0.2668712350918559,2.860599854648277,0.0,3.1093476680959533
2026-01-22 14:00:00,0.3440226200022854,0.04606687889558635,0.29795574110669903,2.756712061227876,0.0,2.996426153508561
2026-01-22 15:00:00,0.39818868860077455,0.009390591216470902,0.38879809738430365,2.686856475996917,0.0,2.9204961695618663
2026-01-22 16:00:00,0.5285782360569716,0.0,0.5285782360569716,2.6743182940323864,0.0,2.9068677109047676
2026-01-22 17:00:00,0.7432596839443768,0.0,0.7432596839443768,2.7405915415591933,0.0,2.9789038495208624
2026-01-22 18:00:00,0.7431806496694945,0.0,0.7431806496694945,2.796117775973546,0.0,3.0392584521451584
2026-01-22 19:00:00,0.6900699181213941,0.0,0.6900699181213941,2.7423827104112695,0.0,2.9808507721861623
2026-01-22 20:00:00,0.6338722173588429,0.0,0.6338722173588429,2.796117775973546,0.0,3.0392584521451584
2026-01-22 21:00:00,0.5214675418872646,0.0,0.5214675418872646,2.833732321867139,0.0,3.0801438281164555
2026-01-22 22:00:00,0.45705961870048695,0.0,0.45705961870048695,2.8785115431690365,0.0,3.1288168947489523
2026-01-22 23:00:00,0.3903294939434632,0.0,0.3903294939434632,2.9268731021750853,0.0,3.181383806712049
2026-01-23 00:00:00,0.31972903872478237,0.0,0.31972903872478237,2.957322972660375,0.0,3.2144814920221467
2026-01-23 01:00:00,0.2741567378413989,0.0,0.2741567378413989,2.9877728431456654,0.0,3.247579177332245
2026-01-23 02:00:00,0.24698072252022357,0.0,0.24698072252022357,3.0128492070747273,0.0,3.2748360946464423
2026-01-23 03:00:00,0.23403776991979766,0.0,0.23403776991979766,3.0450902464120926,0.0,3.30988070262184
2026-01-23 04:00:00,0.230804356408829,0.0,0.230804356408829,3.0647931037849276,0.0,3.331296851940139
2026-01-23 05:00:00,0.24132515379779804,0.0,0.24132515379779804,3.0880782988619147,0.0,3.3566068465890377
2026-01-23 06:00:00,0.2874506926393664,0.0,0.2874506926393664,3.0898694677139895,0.0,3.3585537692543364
2026-01-23 07:00:00,0.41551337553635553,0.0,0.41551337553635553,3.1095723250868246,0.0,3.3799699185726353
2026-01-23 08:00:00,0.47269899839502927,0.007837672435537,0.46486132595949226,3.163307390649101,0.0,3.438377598531632
2026-01-23 09:00:00,0.4624385457461951,0.03908787919774222,0.4233506665484529,3.0988253119743696,0.0,3.3682883825808365
2026-01-23 10:00:00,0.41035292512020305,0.02734050536079515,0.3830124197594079,3.016431544778879,0.0,3.2787299399770427
2026-01-23 11:00:00,0.37546413740023216,0.04434039860384218,0.33112373879638995,2.9035879070980988,0.0,3.1560738120631506
2026-01-23 12:00:00,0.38172873108743544,0.026436158541310113,0.35529257254612534,2.803282451381849,0.0,3.0470461428063578
2026-01-23 13:00:00,0.37710292928123285,0.02342166914302665,0.3536812601382062,2.7549208923758006,0.0,2.9944792308432615
2026-01-23 14:00:00,0.3850621013237832,0.02714867421726802,0.3579134271065152,2.7549208923758006,0.0,2.9944792308432615
2026-01-23 15:00:00,0.42539724918488314,0.025440463558240724,0.39995678562664244,2.7728325808965595,0.0,3.01394845749626
2026-01-23 16:00:00,0.5390409211602997,0.0,0.5390409211602997,2.8426881661275187,0.0,3.0898784414429548
2026-01-23 17:00:00,0.7388082204209023,0.0,0.7388082204209023,2.85522634809205,0.0,3.103506900100054
2026-01-23 18:00:00,0.7425623278355261,0.0,0.7425623278355261,2.864182192352429,0.0,3.1132415134265536
2026-01-23 19:00:00,0.6764412313036707,0.0,0.6764412313036707,2.8910497251335676,0.0,3.1424453534060515
2026-01-23 20:00:00,0.6217986374339454,0.0,0.6217986374339454,2.9053790759501745,0.0,3.1580207347284506
2026-01-23 21:00:00,0.5072461008653533,0.0,0.5072461008653533,2.944784790695844,0.0,3.200853033365048
2026-01-23 22:00:00,0.45252679544471,0.0,0.45252679544471,2.9877728431456654,0.0,3.247579177332245
2026-01-23 23:00:00,0.40072011742613817,0.0,0.40072011742613817,3.0110580382226515,0.0,3.272889171981143
2026-01-24 00:00:00,0.3361029882085097,0.0,0.3361029882085097,3.070166610341156,0.0,3.3371376199360387
2026-01-24 01:00:00,0.28854321921779413,0.0,0.28854321921779413,3.1615162217970254,0.0,3.436430675866332
2026-01-24 02:00:00,0.2609952804730476,0.0,0.2609952804730476,3.1865925857260877,0.0,3.46368759318053
2026-01-24 03:00:00,0.24677616449331483,0.0,0.24677616449331483,3.2349541447321366,0.0,3.516254505143627
2026-01-24 04:00:00,0.23785463951139144,0.0,0.23785463951139144,3.1740544037615566,0.0,3.450059134523431
2026-01-24 05:00:00,0.24183190059261603,0.0,0.24183190059261603,3.1006164808264454,0.0,3.3702353052461365
2026-01-24 06:00:00,0.2626108241782878,0.0,0.2626108241782878,3.082704792305687,0.0,3.350766078593138
2026-01-24 07:00:00,0.3173859182680595,0.0,0.3173859182680595,3.0952429742702177,0.0,3.364394537250236
2026-01-24 08:00:00,0.4025727645246387,0.005161171242515623,0.39741159328212305,3.1346486890158873,0.0,3.407226835886834
2026-01-24 09:00:00,0.45043006901840854,0.019237923250863542,0.431192145767545,3.1221105070513557,0.0,3.3935983772297345
2026-01-24 10:00:00,0.44335653673071806,0.022151929669204224,0.42120460706151386,3.0862871300098385,0.0,3.3546599239237374
2026-01-24 11:00:00,0.4175264174400032,0.021366335462378837,0.39616008197762437,3.0110580382226515,0.0,3.272889171981143
2026-01-24 12:00:00,0.40800051515372526,0.11358230660077745,0.2944182085529478,2.9376201152875403,0.0,3.193065342703848
2026-01-24 13:00:00,0.3859570499071802,0.06505816210477215,0.32089888780240805,2.857017516944126,0.0,3.1054538227653543
2026-01-24 14:00:00,0.38760979009449825,0.07382758580886949,0.31378220428562875,2.7943266071214703,0.0,3.037311529479859
2026-01-24 15:00:00,0.4257552385490962,0.029806905777572525,0.3959483327715237,2.726262190742587,0.0,2.9633284681984637
2026-01-24 16:00:00,0.5085757243378785,0.0,0.5085757243378785,2.728053359594662,0.0,2.9652753908637632
2026-01-24 17:00:00,0.6707043321530272,0.0,0.6707043321530272,2.7853707628610906,0.0,3.027576916153359
2026-01-24 18:00:00,0.6778452714085182,0.0,0.6778452714085182,2.88567621857734,0.0,3.136604585410152
2026-01-24 19:00:00,0.6233374977120969,0.0,0.6233374977120969,3.0468814152641692,0.0,3.3118276252871404
2026-01-24 20:00:00,0.5636367365176065,0.0,0.5636367365176065,3.102407649678521,0.0,3.372182227911436
2026-01-24 21:00:00,0.5059094969625632,0.0,0.5059094969625632,3.1489780398324942,0.0,3.4228022172092327
2026-01-24 22:00:00,0.45661098290846297,0.0,0.45661098290846297,3.1776367414657085,0.0,3.4539529798540305
2026-01-24 23:00:00,0.40076195924307967,0.0,0.40076195924307967,3.2170424562113777,0.0,3.496785278490628
2026-01-25 00:00:00,0.33650280595718446,0.0,0.33650280595718446,3.2134601185072262,0.0,3.492891433160028
2026-01-25 01:00:00,0.28986819736088276,0.0,0.28986819736088276,3.229580638175909,0.0,3.510413737147727
2026-01-25 02:00:00,0.26053269922702665,0.0,0.26053269922702665,3.263612846365351,0.0,3.5474052677884247
2026-01-25 03:00:00,0.24486075540288896,0.0,0.24486075540288896,3.295853885702716,0.0,3.582449875763822
2026-01-25 04:00:00,0.23787788433140925,0.0,0.23787788433140925,3.313765574223475,0.0,3.6019191024168205
2026-01-25 05:00:00,0.23977469625897532,0.0,0.23977469625897532,3.3155567430755513,0.0,3.603866025082121
2026-01-25 06:00:00,0.25375671098654484,0.0,0.25375671098654484,3.2851068725902604,0.0,3.5707683397720222
2026-01-25 07:00:00,0.29301095513452424,0.0,0.29301095513452424,3.3155567430755513,0.0,3.603866025082121
2026-01-25 08:00:00,0.37616849172104,0.009080007460284121,0.36708848426075585,3.2689863529215777,0.0,3.5532460357843236
2026-01-25 09:00:00,0.4318269005572332,0.06071912433451566,0.37110777622271757,3.1794279103177843,0.0,3.4558999025193304
2026-01-25 10:00:00,0.44304737606137723,0.06921450354785995,0.37383287251351727,3.0003110251101965,0.0,3.261207635989344
2026-01-25 11:00:00,0.43892366731946547,0.057969544610626804,0.38095412270883866,2.822985308754684,0.0,3.0684622921246567
2026-01-25 12:00:00,0.45165043853783926,0.042513435332155236,0.409137003205684,2.633121410434641,0.0,2.8620884896028707
2026-01-25 13:00:00,0.43916541906758966,0.055895941297262115,0.38326947777032755,2.5005749153810255,0.0,2.7180162123706797
2026-01-25 14:00:00,0.43855407115972644,0.022489917874466307,0.41606415328526014,2.414598810481383,0.0,2.624563924436286
2026-01-25 15:00:00,0.45861936919224405,0.00679630337067544,0.4518230658215686,2.344743225250424,0.0,2.5486339404895912
2026-01-25 16:00:00,0.5235456638721876,0.0,0.5235456638721876,2.2444377695341746,0.0,2.4396062712327984
2026-01-25 17:00:00,0.6837518879449143,0.0,0.6837518879449143,2.038453351545449,0.0,2.2157101647233137
2026-01-25 18:00:00,0.6836821514121398,0.0,0.6836821514121398,1.7787338679944458,0.0,1.9334063782548323
2026-01-25 19:00:00,0.6315546904328673,0.0,0.6315546904328673,1.6533520483491344,0.0,1.7971217916838418
2026-01-25 20:00:00,0.5780720322671586,0.0,0.5780720322671586,1.608572827047237,0.0,1.7484487250513447
2026-01-25 21:00:00,0.5138733160872766,0.0,0.5138733160872766,1.6049904893430857,0.0,1.7445548797207453
2026-01-25 22:00:00,0.44303343387321187,0.0,0.44303343387321187,1.5817052942660992,0.0,1.719244885071847
2026-01-25 23:00:00,0.35964576986828395,0.0,0.35964576986828395,1.5763317877098715,0.0,1.7134041170759473
2026-01-26 00:00:00,0.29242749810721236,0.0,0.29242749810721236,1.5637936057453405,0.0,1.6997756584188484
2026-01-26 01:00:00,0.2527571650257774,0.0,0.2527571650257774,1.5673759434494923,0.0,1.703669503749448
2026-01-26 02:00:00,0.2322804296412609,0.0,0.2322804296412609,1.5924523073785544,0.0,1.730926421063646
2026-01-26 03:00:00,0.2215806434229165,0.0,0.2215806434229165,1.6103639958993134,0.0,1.750395647716645
2026-01-26 04:00:00,0.2186029273722073,0.0,0.2186029273722073,1.6031993204910098,0.0,1.7426079570554454
2026-01-26 05:00:00,0.2311879024098854,0.0,0.2311879024098854,1.583496463118175,0.0,1.7211918077371466
2026-01-26 06:00:00,0.2823878782307181,0.0,0.2823878782307181,1.5888699696744026,0.0,1.7270325757330465
2026-01-26 07:00:00,0.4058038377866847,0.0,0.4058038377866847,1.6049904893430857,0.0,1.7445548797207453
2026-01-26 08:00:00,0.44797303374356245,0.009536748278205859,0.4384362854653566,1.6336491909762998,0.0,1.775705642365543
2026-01-26 09:00:00,0.4410273534593982,0.023449073592101955,0.41757827986729623,1.6640990614615896,0.0,1.8088033276756408
2026-01-26 10:00:00,0.4013825883597811,0.024179858900776733,0.37720272945900435,1.674846074574045,0.0,1.82048486366744
2026-01-26 11:00:00,0.3746970459463122,0.03231898027614208,0.34237806567017015,1.6927577630948039,0.0,1.8399540903204388
2026-01-26 12:00:00,0.3648991745543316,0.039919147486359774,0.3249800270679718,1.705295945059335,0.0,1.853582548977538
2026-01-26 13:00:00,0.34969446208221383,0.03609165943217562,0.3136028026500382,1.6945489319468796,0.0,1.8419010129857387
2026-01-26 14:00:00,0.35910181401017177,0.05543006566298195,0.3036717483471898,1.689175425390652,0.0,1.8360602449898389
2026-01-26 15:00:00,0.405297087274973,0.035872423839573196,0.3694246634353998,1.6873842565385764,0.0,1.8341133223245394
2026-01-26 16:00:00,0.5364537264447512,0.0,0.5364537264447512,1.7142517893197142,0.0,1.8633171623040372
2026-01-26 17:00:00,0.7584155835459921,0.0,0.7584155835459921,1.7124606204676387,0.0,1.8613702396387377
2026-01-26 18:00:00,0.7537316666811521,0.0,0.7537316666811521,1.7142517893197142,0.0,1.8633171623040372
2026-01-26 19:00:00,0.69577662517588,0.0,0.69577662517588,1.6999224385031075,0.0,1.8477417809816385
2026-01-26 20:00:00,0.631501201888829,0.0,0.631501201888829,1.6999224385031075,0.0,1.8477417809816385
2026-01-26 21:00:00,0.5079411332918603,0.0,0.5079411332918603,1.6820107499823485,0.0,1.8282725543286396
2026-01-26 22:00:00,0.444100394186704,0.0,0.444100394186704,1.6927577630948039,0.0,1.8399540903204388
2026-01-26 23:00:00,0.36920421569581185,0.0,0.36920421569581185,1.703504776207259,0.0,1.8516356263122382
2026-01-27 00:00:00,0.30014492007076377,0.0,0.30014492007076377,1.7196252958759422,0.0,1.869157930299937
2026-01-27 01:00:00,0.2586614577574791,0.0,0.2586614577574791,1.6945489319468796,0.0,1.8419010129857387
2026-01-27 02:00:00,0.23463749753188345,0.0,0.23463749753188345,1.689175425390652,0.0,1.8360602449898389
2026-01-27 03:00:00,0.22241049879910632,0.0,0.22241049879910632,1.705295945059335,0.0,1.853582548977538
2026-01-27 04:00:00,0.21913059476975705,0.0,0.21913059476975705,1.7411193221008525,0.0,1.8925210022835353
2026-01-27 05:00:00,0.23365654794484647,0.0,0.23365654794484647,1.7608221794736874,0.0,1.913937151601834
2026-01-27 06:00:00,0.283234005382955,0.0,0.283234005382955,1.7894808811069014,0.0,1.9450879142466317
2026-01-27 07:00:00,0.4034142270145585,0.0,0.4034142270145585,1.7876897122548252,0.0,1.9431409915813318
2026-01-27 08:00:00,0.43857033244941,0.00812998655900691,0.4304403458904031,1.8073925696276598,0.0,1.96455714089963
2026-01-27 09:00:00,0.4261225030981052,0.05974169898416314,0.366380804113942,1.7930632188110531,0.0,1.9489817595772316
2026-01-27 10:00:00,0.38846055826216547,0.09359532840852225,0.2948652298536432,1.782316205698598,0.0,1.9373002235854324
2026-01-27 11:00:00,0.3790183400797666,0.05174873467053275,0.32726960540923383,1.83784244011295,0.0,1.9976548262097282
2026-01-27 12:00:00,0.3860035344936741,0.11545494395425657,0.2705485905394175,1.9023245187876818,0.0,2.0677440421605238
2026-01-27 13:00:00,0.3770006504527821,0.1322447364210596,0.24475591403172248,1.8682923105982399,0.0,2.0307525115198257
2026-01-27 14:00:00,0.3907269674290269,0.08549274629859065,0.30523422113043625,1.8736658171544676,0.0,2.0365932795157256
2026-01-27 15:00:00,0.4330542329879007,0.0009134816358434731,0.4321407513520572,1.9399390646812755,0.0,2.1086294181318213
2026-01-27 16:00:00,0.5413561467494566,0.0,0.5413561467494566,2.0241240007288415,0.0,2.2001347834009146
2026-01-27 17:00:00,0.7494731388009556,0.0,0.7494731388009556,2.0689032220307384,0.0,2.2488078500334114
2026-01-27 18:00:00,0.7482574126331718,0.0,0.7482574126331718,2.1029354302201804,0.0,2.285799380674109
2026-01-27 19:00:00,0.686315812195884,0.0,0.686315812195884,2.076067897439042,0.0,2.2565955406946108
2026-01-27 20:00:00,0.6252598555707645,0.0,0.6252598555707645,2.034871013841297,0.0,2.2118163193927143
2026-01-27 21:00:00,0.5059141485570012,0.0,0.5059141485570012,1.9936741302435517,0.0,2.167037098090817
2026-01-27 22:00:00,0.44474661223329015,0.0,0.44474661223329015,1.9345655581250476,0.0,2.1027886501359214
2026-01-27 23:00:00,0.3728583678829463,0.0,0.3728583678829463,1.8897863368231502,0.0,2.054115583503424
2026-01-28 00:00:00,0.3045150265437873,0.0,0.3045150265437873,1.8665011417461643,0.0,2.028805588854526
2026-01-28 01:00:00,0.260049199665095,0.0,0.260049199665095,1.89874218108353,0.0,2.063850196829924
2026-01-28 02:00:00,0.23624839347504809,0.0,0.23624839347504809,1.9094891941959853,0.0,2.075531732821723
2026-01-28 03:00:00,0.22317759174372112,0.0,0.22317759174372112,1.9220273761605162,0.0,2.089160191478822
2026-01-28 04:00:00,0.21925379415007928,0.0,0.21925379415007928,1.9685977663144896,0.0,2.139780180776619
2026-01-28 05:00:00,0.23186666378281948,0.0,0.23186666378281948,2.061738546622435,0.0,2.2410201593722117
2026-01-28 06:00:00,0.2775179995801672,0.0,0.2775179995801672,2.1548793269303808,0.0,2.342260137967805
2026-01-28 07:00:00,0.4024170061593714,0.0,0.4024170061593714,2.1907027039718985,0.0,2.3811985912738027
2026-01-28 08:00:00,0.44655507317112436,0.01305365257620323,0.43350142059492114,2.2444377695341746,0.0,2.4396062712327984
2026-01-28 09:00:00,0.4310597919082982,0.06978999697844135,0.36126979492985684,2.222943743309264,0.0,2.4162431992492
2026-01-28 10:00:00,0.39458335411587725,0.09663722225588102,0.29794613185999624,2.167417508894912,0.0,2.3558885966249044
2026-01-28 11:00:00,0.37899974245361717,0.19577738419397314,0.18322235825964403,2.120847118740939,0.0,2.305268607327107
2026-01-28 12:00:00,0.3868659313559316,0.16115643019550552,0.2257095011604261,2.059947377770359,0.0,2.239073236706912
2026-01-28 13:00:00,0.37762594684615997,0.044175971909390356,0.3334499749367696,2.018750494172614,0.0,2.1942940154050152
2026-01-28 14:00:00,0.38071291760275927,0.12944948261537859,0.2512634349873807,2.018750494172614,0.0,2.1942940154050152
2026-01-28 15:00:00,0.41702431401175666,0.005553968345928317,0.41147034566582835,2.0509915335099795,0.0,2.2293386233804124
2026-01-28 16:00:00,0.5373021772518437,0.0,0.5373021772518437,2.101144261368104,0.0,2.2838524580088087
2026-01-28 17:00:00,0.74516579527418,0.0,0.74516579527418,2.138758807261698,0.0,2.3247378339801066
2026-01-28 18:00:00,0.7394544387351336,0.0,0.7394544387351336,2.135176469557546,0.0,2.3208439886495063
2026-01-28 19:00:00,0.6831381871162798,0.0,0.6831381871162798,2.222943743309264,0.0,2.4162431992492
2026-01-28 20:00:00,0.6217800418205206,0.0,0.6217800418205206,2.2157790679009604,0.0,2.4084555085880006
2026-01-28 21:00:00,0.5068741766372752,0.0,0.5068741766372752,2.2462289383862504,0.0,2.441553193898098
2026-01-28 22:00:00,0.44332400315809,0.0,0.44332400315809,2.2784699777236166,0.0,2.476597801873496
2026-01-28 23:00:00,0.375261926268309,0.0,0.375261926268309,2.2927993285402235,0.0,2.492173183195895
2026-01-29 00:00:00,0.30307382053177584,0.0,0.30307382053177584,2.342952056398348,0.0,2.5466870178242913
2026-01-29 01:00:00,0.25982139530785475,0.0,0.25982139530785475,2.359072576067031,0.0,2.56420932181199
2026-01-29 02:00:00,0.2332055905652132,0.0,0.2332055905652132,2.3662372514753343,0.0,2.5719970124731892
2026-01-29 03:00:00,0.22075311264657155,0.0,0.22075311264657155,2.411016472777232,0.0,2.620670079105687
2026-01-29 04:00:00,0.21711290705363653,0.0,0.21711290705363653,2.409225303925156,0.0,2.6187231564403866
2026-01-29 05:00:00,0.2313459703017044,0.0,0.2313459703017044,2.470125044895736,0.0,2.6849185270605824
2026-01-29 06:00:00,0.2805491794348969,0.0,0.2805491794348969,2.5005749153810255,0.0,2.7180162123706797
2026-01-29 07:00:00,0.40247976747439546,0.0,0.40247976747439546,2.511321928493481,0.0,2.7296977483624794
2026-01-29 08:00:00,0.4373267115073669,0.014122426090140095,0.4232042854172268,2.55968348749953,0.0,2.7822646603255756
2026-01-29 09:00:00,0.4194487920199245,0.09238953264920886,0.32705925937071567,2.4916190711206463,0.0,2.708281599044181
2026-01-29 10:00:00,0.3752642301634188,0.15934773655653542,0.2159164936068834,2.409225303925156,0.0,2.6187231564403866
2026-01-29 11:00:00,0.34689340876248376,0.19280856887748185,0.1540848398850019,2.3608637449191066,0.0,2.56615624447729
2026-01-29 12:00:00,0.35300690767045845,0.20629155782253153,0.14671534984792692,2.330413874433817,0.0,2.533058559167192
2026-01-29 13:00:00,0.34321136224704973,0.16905804634555155,0.17415331590149818,2.301755172800603,0.0,2.5019077965223944
2026-01-29 14:00:00,0.3484229482680121,0.1013416526804749,0.24708129558753722,2.289216990836072,0.0,2.488279337865295
2026-01-29 15:00:00,0.3900598292089676,0.03716043294611249,0.3528993962628551,2.3214580301734373,0.0,2.523323945840693
2026-01-29 16:00:00,0.5029038659552849,0.0,0.5029038659552849,2.432510499002143,0.0,2.6440331510892854
2026-01-29 17:00:00,0.7120947865100107,0.0,0.7120947865100107,2.552518812091226,0.0,2.7744769696643763
2026-01-29 18:00:00,0.715946524256077,0.0,0.715946524256077,2.599089202245199,0.0,2.825096958962173
2026-01-29 19:00:00,0.6630798665125898,0.0,0.6630798665125898,2.557892318647454,0.0,2.780317737660276
2026-01-29 20:00:00,0.6058965668351495,0.0,0.6058965668351495,2.582968682576516,0.0,2.8075746549744736
2026-01-29 21:00:00,0.49625574853804755,0.0,0.49625574853804755,2.6080450465055782,0.0,2.834831572288672
2026-01-29 22:00:00,0.43498825817652687,0.0,0.43498825817652687,2.6510330989554,0.0,2.881557716255869
2026-01-29 23:00:00,0.37205640665133727,0.0,0.37205640665133727,2.6886476448489933,0.0,2.9224430922271667
2026-01-30 00:00:00,0.302990137765859,0.0,0.302990137765859,2.722679853038435,0.0,2.959434622867864
2026-01-30 01:00:00,0.25873816716964754,0.0,0.25873816716964754,2.756712061227876,0.0,2.996426153508561
2026-01-30 02:00:00,0.23062769319648718,0.0,0.23062769319648718,2.7853707628610906,0.0,3.027576916153359
2026-01-30 03:00:00,0.2167990964383523,0.0,0.2167990964383523,2.796117775973546,0.0,3.0392584521451584
2026-01-30 04:00:00,0.21466053398264262,0.0,0.21466053398264262,2.8122382956422287,0.0,3.0567807561328575
2026-01-30 05:00:00,0.22592750376671467,0.0,0.22592750376671467,2.8265676464588356,0.0,3.072356137455256
2026-01-30 06:00:00,0.2686592363228838,0.0,0.2686592363228838,2.837314659571291,0.0,3.0840376734470554
2026-01-30 07:00:00,0.388139776444668,0.0,0.388139776444668,2.8283588153109114,0.0,3.074303060120556
2026-01-30 08:00:00,0.44016960411834893,0.011701699755154891,0.42846790436319404,2.833732321867139,0.0,3.0801438281164555
2026-01-30 09:00:00,0.43063207853724905,0.06901353758797439,0.36161854094927465,2.8050736202339253,0.0,3.0489930654716577
2026-01-30 10:00:00,0.3843275500267445,0.1203329358896607,0.2639946141370838,2.753129723523725,0.0,2.992532308177962
2026-01-30 11:00:00,0.35151456332309733,0.11798528808554298,0.23352927523755435,2.6993946579614483,0.0,2.9341246282189655
2026-01-30 12:00:00,0.3624956181632604,0.154442340172056,0.20805327799120443,2.6349125792867167,0.0,2.8640354122681706
2026-01-30 13:00:00,0.3664635827260887,0.1254849723158179,0.2409786104102708,2.600880371097275,0.0,2.8270438816274726
2026-01-30 14:00:00,0.3760987374144078,0.0695707613858389,0.3065279760285689,2.602671539949351,0.0,2.8289908042927725
2026-01-30 15:00:00,0.41219162775834844,0.034620953998467624,0.37757067375988085,2.6134185530618064,0.0,2.8406723402845717
2026-01-30 16:00:00,0.5134432590355033,0.0,0.5134432590355033,2.6564066055116275,0.0,2.887398484251769
2026-01-30 17:00:00,0.7012648285131731,0.0,0.7012648285131731,2.690438813701069,0.0,2.924390014892466
2026-01-30 18:00:00,0.7101863528880464,0.0,0.7101863528880464,2.7334268661508903,0.0,2.971116158859663
2026-01-30 19:00:00,0.6468500371926835,0.0,0.6468500371926835,2.731635697298814,0.0,2.969169236194363
2026-01-30 20:00:00,0.5912148712818335,0.0,0.5912148712818335,2.7334268661508903,0.0,2.971116158859663
2026-01-30 21:00:00,0.4833941556793035,0.0,0.4833941556793035,2.7298445284467383,0.0,2.9672223135290636
2026-01-30 22:00:00,0.4323173801578291,0.0,0.4323173801578291,2.683274138292765,0.0,2.9166023242312664
2026-01-30 23:00:00,0.3794786130137663,0.0,0.3794786130137663,2.6187920596180336,0.0,2.846513108280471
2026-01-31 00:00:00,0.3139247000909092,0.0,0.3139247000909092,2.6080450465055782,0.0,2.834831572288672
2026-01-31 01:00:00,0.2681362187662438,0.0,0.2681362187662438,2.6044627088014267,0.0,2.8309377269580724
2026-01-31 02:00:00,0.24017451453314353,0.0,0.24017451453314353,2.6044627088014267,0.0,2.8309377269580724
2026-01-31 03:00:00,0.225867066638049,0.0,0.225867066638049,2.597298033393123,0.0,2.8231500362968727
2026-01-31 04:00:00,0.2183704752913744,0.0,0.2183704752913744,2.636703748138792,0.0,2.8659823349334697
2026-01-31 05:00:00,0.2218107712121833,0.0,0.2218107712121833,2.683274138292765,0.0,2.9166023242312664
2026-01-31 06:00:00,0.24279890221449485,0.0,0.24279890221449485,2.737009203855042,0.0,2.975010004190263
2026-01-31 07:00:00,0.29943826469438267,0.0,0.29943826469438267,2.663571280919931,0.0,2.8951861749129684
2026-01-31 08:00:00,0.37968317182355205,0.01560226634020652,0.36408090548334554,2.6886476448489933,0.0,2.9224430922271667
2026-01-31 09:00:00,0.4075611881060088,0.09732233348276363,0.31023885462324513,2.6402860858429444,0.0,2.86987618026407
2026-01-31 10:00:00,0.38909980999434063,0.16605269176362653,0.2230471182307141,2.5149042661976324,0.0,2.733591593693079
2026-01-31 11:00:00,0.3686602640536451,0.12791483346716154,0.24074543058648357,2.4128076416293074,0.0,2.622617001770986
2026-01-31 12:00:00,0.3671330499730168,0.04996744548063798,0.31716560449237885,2.3322050432858927,0.0,2.535005481832492
2026-01-31 13:00:00,0.3484020330660361,0.04994917584792111,0.298452857218115,2.3142933547651343,0.0,2.5155362551794935
2026-01-31 14:00:00,0.3502198137960429,0.023138489835915172,0.32708132396012773,2.3250403678775897,0.0,2.5272177911712927
2026-01-31 15:00:00,0.3795971560699951,0.02555008135454194,0.35404707471545316,2.359072576067031,0.0,2.56420932181199
2026-01-31 16:00:00,0.46437954073484716,0.0,0.46437954073484716,2.4880367334164943,0.0,2.704387753713581
2026-01-31 17:00:00,0.6304458940010654,0.0,0.6304458940010654,2.6743182940323864,0.0,2.9068677109047676
2026-01-31 18:00:00,0.6461829238266487,0.0,0.6461829238266487,2.790744269417318,0.0,3.0334176841492586
2026-01-31 19:00:00,0.5915566000289884,0.0,0.5915566000289884,2.790744269417318,0.0,3.0334176841492586
2026-01-31 20:00:00,0.5364212044923802,0.0,0.5364212044923802,2.7871619317131664,0.0,3.029523838818659
2026-01-31 21:00:00,0.4784382668966552,0.0,0.4784382668966552,2.839105828423367,0.0,3.0859845961123553
2026-01-31 22:00:00,0.43210584609261304,0.0,0.43210584609261304,2.8713468677607326,0.0,3.1210292040877525
2026-01-31 23:00:00,0.3803410122219697,0.0,0.3803410122219697,2.88567621857734,0.0,3.136604585410152
2026-02-01 00:00:00,0.3190595747744382,0.0,0.3190595747744382,2.9107525825064022,0.0,3.1638615027243504
2026-02-01 01:00:00,0.27239242291827,0.0,0.27239242291827,2.914334920210554,0.0,3.16775534805495
2026-02-01 02:00:00,0.24164128920406094,0.0,0.24164128920406094,2.9125437513584784,0.0,3.1658084253896503
2026-02-01 03:00:00,0.22494655434820596,0.0,0.22494655434820596,2.9125437513584784,0.0,3.1658084253896503
2026-02-01 04:00:00,0.21859130446114133,0.0,0.21859130446114133,2.894632062837719,0.0,3.146339198736651
2026-02-01 05:00:00,0.21975124221278594,0.0,0.21975124221278594,2.883885049725264,0.0,3.134657662744852
2026-02-01 06:00:00,0.23461657630780622,0.0,0.23461657630780622,2.8713468677607326,0.0,3.1210292040877525
2026-02-01 07:00:00,0.2753259728369243,0.0,0.2753259728369243,2.8928408939856434,0.0,3.1443922760713514
2026-02-01 08:00:00,0.35899722932439804,0.012286328002094712,0.3467109013223033,2.8928408939856434,0.0,3.1443922760713514
2026-02-01 09:00:00,0.4077029857759351,0.03180743056006974,0.3758955552158654,2.8462705038316707,0.0,3.093772286773555
2026-02-01 10:00:00,0.4156970209176846,0.03558924453246171,0.3801077763852229,2.7549208923758006,0.0,2.9944792308432615
2026-02-01 11:00:00,0.4144975638753269,0.03624695131026901,0.3782506125650579,2.649241930103324,0.0,2.8796107935905693
2026-02-01 12:00:00,0.4266617989004808,0.039224901443118736,0.38743689745736204,2.5399806301266947,0.0,2.760848511007277
2026-02-01 13:00:00,0.4009781278654269,0.0548911114978343,0.3460870163675926,2.4557956940791286,0.0,2.6693431457381833
2026-02-01 14:00:00,0.3903062376777134,0.03593636755408223,0.35436987012363114,2.3859401088481693,0.0,2.593413161791488
2026-02-01 15:00:00,0.40015060177678985,0.03173435202920225,0.3684162497475876,2.3608637449191066,0.0,2.56615624447729
2026-02-01 16:00:00,0.4718831058554859,0.0,0.4718831058554859,2.3680284203274105,0.0,2.5739439351384896
2026-02-01 17:00:00,0.643391170182194,0.0,0.643391170182194,2.405642966221004,0.0,2.614829311109787
2026-02-01 18:00:00,0.6600859035977965,0.0,0.6600859035977965,2.411016472777232,0.0,2.620670079105687
2026-02-01 19:00:00,0.6080049331352892,0.0,0.6080049331352892,2.5149042661976324,0.0,2.733591593693079
2026-02-01 20:00:00,0.5573465719503665,0.0,0.5573465719503665,2.5023660842331017,0.0,2.71996313503598
2026-02-01 21:00:00,0.49577689343863285,0.0,0.49577689343863285,2.48982790226857,0.0,2.7063346763788805
2026-02-01 22:00:00,0.4287840993442439,0.0,0.4287840993442439,2.484454395712343,0.0,2.700493908382981
2026-02-01 23:00:00,0.3502477180719412,0.0,0.3502477180719412,2.5005749153810255,0.0,2.7180162123706797
2026-02-02 00:00:00,0.2858002793011387,0.0,0.2858002793011387,2.525651279310088,0.0,2.745273129684878
2026-02-02 01:00:00,0.24547675478966197,0.0,0.24547675478966197,2.516695435049708,0.0,2.7355385163583787
2026-02-02 02:00:00,0.2248651966683314,0.0,0.2248651966683314,2.5220689416059363,0.0,2.7413792843542786
2026-02-02 03:00:00,0.21566472875626344,0.0,0.21566472875626344,2.5346071235704675,0.0,2.7550077430113777
2026-02-02 04:00:00,0.2138911161533474,0.0,0.2138911161533474,2.538189461274619,0.0,2.758901588341977
2026-02-02 05:00:00,0.22860535584742067,0.0,0.22860535584742067,2.5471453055349986,0.0,2.768636201668477
2026-02-02 06:00:00,0.27788759872019203,0.0,0.27788759872019203,2.582968682576516,0.0,2.8075746549744736
2026-02-02 07:00:00,0.40019708515216024,0.0,0.40019708515216024,2.5417717989787714,0.0,2.7627954336725775
2026-02-02 08:00:00,0.4331472170772056,0.020050921906764236,0.4130962951704414,2.5650569940557575,0.0,2.788105428321475
2026-02-02 09:00:00,0.39800505532339947,0.05335646234961726,0.3446485929737822,2.554309980943302,0.0,2.776423892329676
2026-02-02 10:00:00,0.3492016641512268,0.09878390410011317,0.2504177600511136,2.5471453055349986,0.0,2.768636201668477
2026-02-02 11:00:00,0.32916891102877993,0.12247961773389288,0.20668929329488706,2.582968682576516,0.0,2.8075746549744736
2026-02-02 12:00:00,0.3285157188552618,0.14524358009911223,0.1832721387561496,2.600880371097275,0.0,2.8270438816274726
2026-02-02 13:00:00,0.31377126276526596,0.1139385644387564,0.19983269832650957,2.599089202245199,0.0,2.825096958962173
2026-02-02 14:00:00,0.32222555929379454,0.09724925495189614,0.22497630434189841,2.5632658252036813,0.0,2.7861585056561755
2026-02-02 15:00:00,0.3633254754449103,0.04474233052361331,0.31858314492129697,2.5131130973455567,0.0,2.731644671027779
2026-02-02 16:00:00,0.48871496911031137,0.0,0.48871496911031137,2.479080889156115,0.0,2.6946531403870817
2026-02-02 17:00:00,0.7268113509571729,0.0,0.7268113509571729,2.457586862931204,0.0,2.671290068403483
2026-02-02 18:00:00,0.7382410363058424,0.0,0.7382410363058424,2.441466343262521,0.0,2.6537677644157838
2026-02-02 19:00:00,0.6830754247404701,0.0,0.6830754247404701,2.4952014088247982,0.0,2.7121754443747803
2026-02-02 20:00:00,0.6189650431452258,0.0,0.6189650431452258,2.5131130973455567,0.0,2.731644671027779
2026-02-02 21:00:00,0.49919627253750337,0.0,0.49919627253750337,2.5435629678308467,0.0,2.7647423563378766
2026-02-02 22:00:00,0.43547873278283394,0.0,0.43547873278283394,2.5740128383161367,0.0,2.7978400416479747
2026-02-02 23:00:00,0.3638461870999569,0.0,0.3638461870999569,2.5775951760202886,0.0,2.801733886978574
2026-02-03 00:00:00,0.29483105774893437,0.0,0.29483105774893437,2.55968348749953,0.0,2.7822646603255756
2026-02-03 01:00:00,0.2529222072492029,0.0,0.2529222072492029,2.531024785866316,0.0,2.751113897680778
2026-02-03 02:00:00,0.22785918448217513,0.0,0.22785918448217513,2.511321928493481,0.0,2.7296977483624794
2026-02-03 03:00:00,0.21674563275352196,0.0,0.21674563275352196,2.4719162137478117,0.0,2.686865449725882
2026-02-03 04:00:00,0.2142328216966819,0.0,0.2142328216966819,2.454004525227053,0.0,2.6673962230728834
2026-02-03 05:00:00,0.22845891116077832,0.0,0.22845891116077832,2.48982790226857,0.0,2.7063346763788805
2026-02-03 06:00:00,0.27803171940699606,0.0,0.27803171940699606,2.5131130973455567,0.0,2.731644671027779
2026-02-03 07:00:00,0.3979399721820506,0.0,0.3979399721820506,2.4683338760436593,0.0,2.682971604395282
2026-02-03 08:00:00,0.42739866820483696,0.021037482073475187,0.4063611861313618,2.4611692006353567,0.0,2.675183913734083
2026-02-03 09:00:00,0.4036908416065329,0.11721796351143446,0.28647287809509847,2.33757854984212,0.0,2.5408462498283915
2026-02-03 10:00:00,0.3596806196379329,0.18704449975530954,0.17263611988262337,2.1029354302201804,0.0,2.285799380674109
2026-02-03 11:00:00,0.34103328497942936,0.20584395182096824,0.13518933315846113,1.970388935166565,0.0,2.1417271034419185
2026-02-03 12:00:00,0.34544523232793833,0.24041009692128526,0.10503513540665307,1.9076980253439098,0.0,2.0735848101564236
2026-02-03 13:00:00,0.33085651602947236,0.1570731672832852,0.17378334874618717,1.880830492562771,0.0,2.044380970176925
2026-02-03 14:00:00,0.33456645772351745,0.10725187886438217,0.22731457885913528,1.896951012231454,0.0,2.0619032741646235
2026-02-03 15:00:00,0.3705896122253118,0.06364226556921476,0.306947346656097,1.9650154286103374,0.0,2.1358863354460187
2026-02-03 16:00:00,0.48144385494526104,0.0,0.48144385494526104,2.110100105628484,0.0,2.2935870713353084
2026-02-03 17:00:00,0.7060742688771886,0.0,0.7060742688771886,2.28563465313192,0.0,2.4843854925346958
2026-02-03 18:00:00,0.7234338163718319,0.0,0.7234338163718319,2.3805666022919416,0.0,2.587572393795589
2026-02-03 19:00:00,0.6694769566714956,0.0,0.6694769566714956,2.4737073825998874,0.0,2.688812372391182
2026-02-03 20:00:00,0.6108338567879514,0.0,0.6108338567879514,2.511321928493481,0.0,2.7296977483624794
2026-02-03 21:00:00,0.4946750721322504,0.0,0.4946750721322504,2.531024785866316,0.0,2.751113897680778
2026-02-03 22:00:00,0.4375033938273656,0.0,0.4375033938273656,2.5202777727538606,0.0,2.7394323616889786
2026-02-03 23:00:00,0.3666053967770636,0.0,0.3666053967770636,2.5328159547183913,0.0,2.7530608203460774
2026-02-04 00:00:00,0.30031925898594874,0.0,0.30031925898594874,2.570430500611985,0.0,2.7939461963173753
2026-02-04 01:00:00,0.2569017925434131,0.0,0.2569017925434131,2.602671539949351,0.0,2.8289908042927725
2026-02-04 02:00:00,0.23288480623392652,0.0,0.23288480623392652,2.602671539949351,0.0,2.8289908042927725
2026-02-04 03:00:00,0.22003483461135837,0.0,0.22003483461135837,2.599089202245199,0.0,2.825096958962173
2026-02-04 04:00:00,0.2176707930727142,0.0,0.2176707930727142,2.5793863448723644,0.0,2.803680809643874
2026-02-04 05:00:00,0.23129715561869993,0.0,0.23129715561869993,2.5919245268368956,0.0,2.8173092683009733
2026-02-04 06:00:00,0.27727160003593676,0.0,0.27727160003593676,2.643868423547096,0.0,2.8737700255946694
2026-02-04 07:00:00,0.40106180877006226,0.0,0.40106180877006226,2.615209721913882,0.0,2.8426192629498717
2026-02-04 08:00:00,0.43873769838444415,0.01936581067988163,0.4193718877045625,2.5722216694640605,0.0,2.7958931189826743
2026-02-04 09:00:00,0.4050785831812183,0.05219634067209605,0.35288224250912226,2.4880367334164943,0.0,2.704387753713581
2026-02-04 10:00:00,0.35537327630695187,0.040695606876826725,0.31467766943012515,2.3823577711440174,0.0,2.5895193164608883
2026-02-04 11:00:00,0.33046134781890285,0.04063166316231768,0.28982968465658515,2.310711017060982,0.0,2.5116424098488936
2026-02-04 12:00:00,0.3328393342266232,0.0438197140714114,0.2890196201552118,2.3608637449191066,0.0,2.56615624447729
2026-02-04 13:00:00,0.3190153881721226,0.05115497160723449,0.2678604165648881,2.509530759641405,0.0,2.7277508256971794
2026-02-04 14:00:00,0.32088430794948086,0.033086304850250596,0.28779800309923026,2.5023660842331017,0.0,2.71996313503598
2026-02-04 15:00:00,0.3549060479388672,0.03380795534256694,0.3210980925963003,2.436092836706294,0.0,2.6479269964198844
2026-02-04 16:00:00,0.4803443563993731,0.0,0.4803443563993731,2.3966871219606243,0.0,2.6050946977832874
2026-02-04 17:00:00,0.7133105138880115,0.0,0.7133105138880115,2.364446082623259,0.0,2.57005008980789
2026-02-04 18:00:00,0.7276249347812832,0.0,0.7276249347812832,2.3214580301734373,0.0,2.523323945840693
2026-02-04 19:00:00,0.6743259163259918,0.0,0.6743259163259918,2.206823223640581,0.0,2.3987208952615013
2026-02-04 20:00:00,0.6139324480619719,0.0,0.6139324480619719,2.1369676384096215,0.0,2.3227909113148058
2026-02-04 21:00:00,0.49896149571387904,0.0,0.49896149571387904,2.0724855597348903,0.0,2.2527016953640113
2026-02-04 22:00:00,0.4394211274585468,0.0,0.4394211274585468,2.02054166302469,0.0,2.1962409380703147
2026-02-04 23:00:00,0.3736580048849608,0.0,0.3736580048849608,1.9936741302435517,0.0,2.167037098090817
2026-02-05 00:00:00,0.3019208567016334,0.0,0.3019208567016334,1.9936741302435517,0.0,2.167037098090817
2026-02-05 01:00:00,0.25681113607509226,0.0,0.25681113607509226,2.0026299745039307,0.0,2.1767717114173157
2026-02-05 02:00:00,0.23126461235638082,0.0,0.23126461235638082,2.049200364657904,0.0,2.227391700715113
2026-02-05 03:00:00,0.2193560733635766,0.0,0.2193560733635766,2.110100105628484,0.0,2.2935870713353084
2026-02-05 04:00:00,0.21702689971901193,0.0,0.21702689971901193,2.170999846599064,0.0,2.359782441955504
2026-02-05 05:00:00,0.23113211427590913,0.0,0.23113211427590913,2.2175702367530365,0.0,2.4104024312533006
2026-02-05 06:00:00,0.28120701989314795,0.0,0.28120701989314795,2.2605582892028577,0.0,2.4571285752204974
2026-02-05 07:00:00,0.4014523281980431,0.0,0.4014523281980431,2.2121967301968093,0.0,2.404561663257401
2026-02-05 08:00:00,0.4288631185278182,0.019493698108899716,0.4093694204189185,2.149505820374153,0.0,2.3364193699719054
2026-02-05 09:00:00,0.3974518177016087,0.06540528512639267,0.33204653257521605,2.0420356892496003,0.0,2.2196040100539136
2026-02-05 10:00:00,0.35916689870280527,0.04241295235221246,0.31675394635059284,1.9112803630480613,0.0,2.077478655487023
2026-02-05 11:00:00,0.33435957333893457,0.07069434379792638,0.2636652295410082,1.8235130892963427,0.0,1.9820794448873291
2026-02-05 12:00:00,0.3416585808703612,0.049218390539246336,0.2924401903311149,1.7679868548819908,0.0,1.9217248422630335
2026-02-05 13:00:00,0.34173296768772765,0.036858984006284144,0.30487398368144353,1.7464928286570802,0.0,1.8983617702794349
2026-02-05 14:00:00,0.3509636561429156,0.03458441473303389,0.3163792414098817,1.7464928286570802,0.0,1.8983617702794349
2026-02-05 15:00:00,0.38934155239774454,0.010395421015898725,0.3789461313818458,1.7679868548819908,0.0,1.9217248422630335
2026-02-05 16:00:00,0.5017764719190557,0.0,0.5017764719190557,1.852171790929557,0.0,2.013230207532127
2026-02-05 17:00:00,0.7094657499970003,0.0,0.7094657499970003,1.9112803630480613,0.0,2.077478655487023
2026-02-05 18:00:00,0.7237755228287047,0.0,0.7237755228287047,1.9488949089416545,0.0,2.11836403145832
2026-02-05 19:00:00,0.6686029370985692,0.0,0.6686029370985692,2.0742767285869665,0.0,2.2546486180293113
2026-02-05 20:00:00,0.6109547324809445,0.0,0.6109547324809445,2.115473612184712,0.0,2.299427839331208
2026-02-05 21:00:00,0.5016625931375744,0.0,0.5016625931375744,2.1871203662677465,0.0,2.377304745943203
2026-02-05 22:00:00,0.44132026337948904,0.0,0.44132026337948904,2.213987899048885,0.0,2.406508585922701
2026-02-05 23:00:00,0.37729820986824264,0.0,0.37729820986824264,2.231899587569644,0.0,2.4259778125756997
2026-02-06 00:00:00,0.3099846323355218,0.0,0.3099846323355218,2.2480201072383266,0.0,2.4435001165633983
2026-02-06 01:00:00,0.2653188961211436,0.0,0.2653188961211436,2.2748876400194646,0.0,2.4727039565428965
2026-02-06 02:00:00,0.23777793048693036,0.0,0.23777793048693036,2.3142933547651343,0.0,2.5155362551794935
2026-02-06 03:00:00,0.2245746310258792,0.0,0.2245746310258792,2.3053375105047547,0.0,2.5058016418529943
2026-02-06 04:00:00,0.22040210967230164,0.0,0.22040210967230164,2.2820523154277685,0.0,2.4804916472040963
2026-02-06 05:00:00,0.23007910489404068,0.0,0.23007910489404068,2.2193614056051123,0.0,2.4123493539186005
2026-02-06 06:00:00,0.27463558911670266,0.0,0.27463558911670266,2.156670495782457,0.0,2.344207060633105
2026-02-06 07:00:00,0.3940370957603357,0.0,0.3940370957603357,1.9506860777937305,0.0,2.12031095412362
2026-02-06 08:00:00,0.43655496952247835,0.017931644511607375,0.41862332501087096,1.8772481548586193,0.0,2.0404871248463254
2026-02-06 09:00:00,0.4140419486947952,0.03392670795522659,0.3801152407395686,1.8020190630714328,0.0,1.9587163729037311
2026-02-06 10:00:00,0.36952497983076,0.08246912208394874,0.28705585774681125,1.7518663352133077,0.0,1.9042025382753345
2026-02-06 11:00:00,0.3443294597532593,0.05392282096384021,0.2904066387894191,1.7232076335800937,0.0,1.8730517756305365
2026-02-06 12:00:00,0.34849035884840446,0.03156992533475043,0.316920433513654,1.7017136073551828,0.0,1.8496887036469378
2026-02-06 13:00:00,0.3465331099614447,0.021311526564228224,0.32522158339721646,1.6999224385031075,0.0,1.8477417809816385
2026-02-06 14:00:00,0.3547805238128243,0.01988649521231241,0.33489402860051193,1.703504776207259,0.0,1.8516356263122382
2026-02-06 15:00:00,0.38337217391665696,0.031862239458220344,0.3515099344584366,1.7232076335800937,0.0,1.8730517756305365
2026-02-06 16:00:00,0.48029089288766175,0.0,0.48029089288766175,1.7482839975091562,0.0,1.9003086929447348
2026-02-06 17:00:00,0.6723430963248347,0.0,0.6723430963248347,1.7679868548819908,0.0,1.9217248422630335
2026-02-06 18:00:00,0.6945237080355858,0.0,0.6945237080355858,1.7858985434027494,0.0,1.941194068916032
2026-02-06 19:00:00,0.6361618744738586,0.0,0.6361618744738586,1.7894808811069014,0.0,1.9450879142466317
2026-02-06 20:00:00,0.5828349612231429,0.0,0.5828349612231429,1.782316205698598,0.0,1.9373002235854324
2026-02-06 21:00:00,0.4761974278221294,0.0,0.4761974278221294,1.7733603614382185,0.0,1.9275656102589331
2026-02-06 22:00:00,0.4241327296343499,0.0,0.4241327296343499,1.7590310106216112,0.0,1.9119902289365338
2026-02-06 23:00:00,0.37455062148891183,0.0,0.37455062148891183,1.7429104909529283,0.0,1.894467924948835
2026-02-07 00:00:00,0.3085318034674075,0.0,0.3085318034674075,1.7303723089883971,0.0,1.8808394662917358
2026-02-07 01:00:00,0.2626549901662104,0.0,0.2626549901662104,1.7232076335800937,0.0,1.8730517756305365
2026-02-07 02:00:00,0.23432136173167137,0.0,0.23432136173167137,1.6676813991657418,0.0,1.812697173006241
2026-02-07 03:00:00,0.22117850091164543,0.0,0.22117850091164543,1.5440907483725057,0.0,1.6783595091005497
2026-02-07 04:00:00,0.21451408915785372,0.0,0.21451408915785372,1.4348294483958772,0.0,1.5595972265172577
2026-02-07 05:00:00,0.21712917880824004,0.0,0.21712917880824004,1.377512045129449,0.0,1.4972957012276618
2026-02-07 06:00:00,0.23764775608372268,0.0,0.23764775608372268,1.3864678893898283,0.0,1.507030314554161
2026-02-07 07:00:00,0.29429409246771354,0.0,0.29429409246771354,1.4330382795438013,0.0,1.557650303851958
2026-02-07 08:00:00,0.368746284039768,0.03327813599377772,0.3354681480459903,1.6246933467159201,0.0,1.7659710290390436
2026-02-07 09:00:00,0.3876330387066425,0.12965044857526414,0.25798259013137836,1.6497697106449825,0.0,1.793227946353242
2026-02-07 10:00:00,0.370640760789491,0.19619758574646115,0.17444317504302984,1.5781229565619477,0.0,1.7153510397412473
2026-02-07 11:00:00,0.3593737890153923,0.25591188028154893,0.10346190873384337,1.4885645139581531,0.0,1.6180049064762534
2026-02-07 12:00:00,0.35978290393210993,0.2744281530400962,0.08535475089201372,1.4402029549521045,0.0,1.5654379945131571
2026-02-07 13:00:00,0.34069391024174805,0.237359068257568,0.10333484198418005,1.4563234746207874,0.0,1.5829602985008557
2026-02-07 14:00:00,0.33402717585082475,0.16289204530360812,0.17113513054721663,1.4867733451060774,0.0,1.6160579838109537
2026-02-07 15:00:00,0.35406922836700155,0.040987921000296634,0.3130813073667049,1.5476730860766574,0.0,1.6822533544311495
2026-02-07 16:00:00,0.43411888070528204,0.0,0.43411888070528204,1.6031993204910098,0.0,1.7426079570554454
2026-02-07 17:00:00,0.5999760280524129,0.0,0.5999760280524129,1.6605167237574379,0.0,1.8049094823450411
2026-02-07 18:00:00,0.630141381000249,0.0,0.630141381000249,1.6784284122781967,0.0,1.8243787089980399
2026-02-07 19:00:00,0.5757637811503812,0.0,0.5757637811503812,1.6658902303136653,0.0,1.8107502503409405
2026-02-07 20:00:00,0.5202587861448976,0.0,0.5202587861448976,1.6730549057219688,0.0,1.81853794100214
2026-02-07 21:00:00,0.4642400713671652,0.0,0.4642400713671652,1.6999224385031075,0.0,1.8477417809816385
2026-02-07 22:00:00,0.4176031379726089,0.0,0.4176031379726089,1.7375369843967006,0.0,1.8886271569529354
2026-02-07 23:00:00,0.3628326940676139,0.0,0.3628326940676139,1.7858985434027494,0.0,1.941194068916032
2026-02-08 00:00:00,0.3048776514096211,0.0,0.3048776514096211,1.8450071155212535,0.0,2.005442516870928
2026-02-08 01:00:00,0.26063032936849684,0.0,0.26063032936849684,1.886203999118999,0.0,2.0502217381728247
2026-02-08 02:00:00,0.23081132999385578,0.0,0.23081132999385578,1.9094891941959853,0.0,2.075531732821723
2026-02-08 03:00:00,0.2153416199071528,0.0,0.2153416199071528,1.9041156876397576,0.0,2.0696909648258233
2026-02-08 04:00:00,0.208816679577237,0.0,0.208816679577237,1.8790393237106955,0.0,2.0424340475116254
2026-02-08 05:00:00,0.2099254773636099,0.0,0.2099254773636099,1.8629188040420124,0.0,2.0249117435239263
2026-02-08 06:00:00,0.22652955572978176,0.0,0.22652955572978176,1.8324689335567224,0.0,1.9918140582138286
2026-02-08 07:00:00,0.267443510320014,0.0,0.267443510320014,1.6855930876865,0.0,1.832166399659239
2026-02-08 08:00:00,0.34501056574319083,0.009098277093000992,0.33591228865018985,1.6515608794970584,0.0,1.7951748690185416
2026-02-08 09:00:00,0.4006898963998533,0.030811735577000343,0.36987816082285296,1.6479785417929067,0.0,1.791281023687942
2026-02-08 10:00:00,0.41363981815587636,0.03453874065124172,0.3791010775046346,1.6193198401596927,0.0,1.7601302610431442
2026-02-08 11:00:00,0.41631301783113933,0.0577046349362322,0.35860838289490715,1.5512554237808092,0.0,1.686147199761749
2026-02-08 12:00:00,0.4235818043637229,0.05524736933581325,0.36833443502790963,1.4885645139581531,0.0,1.6180049064762534
2026-02-08 13:00:00,0.4001389747986292,0.03817439756189874,0.3619645772367305,1.4563234746207874,0.0,1.5829602985008557
2026-02-08 14:00:00,0.3906525932580547,0.027669358749698798,0.3629832345083559,1.4276647729875733,0.0,1.551809535856058
2026-02-08 15:00:00,0.39224721940629564,0.038220071643690914,0.35402714776260474,1.39005022709398,0.0,1.510924159884761
2026-02-08 16:00:00,0.45453982911324986,0.0,0.45453982911324986,1.3667650320169935,0.0,1.4856141652358625
2026-02-08 17:00:00,0.6215127474835204,0.0,0.6215127474835204,1.3524356812003866,0.0,1.4700387839134637
2026-02-08 18:00:00,0.647649699473413,0.0,0.647649699473413,1.3363151615317035,0.0,1.4525164799257646
2026-02-08 19:00:00,0.5949875975770688,0.0,0.5949875975770688,1.3237769795671726,0.0,1.4388880212686659
2026-02-08 20:00:00,0.5464817456817718,0.0,0.5464817456817718,1.3452710057920831,0.0,1.462251093252264
2026-02-08 21:00:00,0.48540254184099035,0.0,0.48540254184099035,1.3918413959460558,0.0,1.5128710825500606
2026-02-08 22:00:00,0.4190652632337927,0.0,0.4190652632337927,1.4258736041354976,0.0,1.5498626131907582
2026-02-08 23:00:00,0.34106817127347744,0.0,0.34106817127347744,1.4545323057687118,0.0,1.5810133758355562
2026-02-09 00:00:00,0.27648590982077786,0.0,0.27648590982077786,1.4903556828102293,0.0,1.6199518291415536
2026-02-09 01:00:00,0.23795226893813998,0.0,0.23795226893813998,1.5046850336268363,0.0,1.6355272104639524
2026-02-09 02:00:00,0.21587626026077109,0.0,0.21587626026077109,1.5817052942660992,0.0,1.719244885071847
2026-02-09 03:00:00,0.2084401064226246,0.0,0.2084401064226246,1.6533520483491344,0.0,1.7971217916838418
2026-02-09 04:00:00,0.20636430578901085,0.0,0.20636430578901085,1.662307892609514,0.0,1.8068564050103413
2026-02-09 05:00:00,0.22053228224851393,0.0,0.22053228224851393,1.6784284122781967,0.0,1.8243787089980399
2026-02-09 06:00:00,0.26712737473676157,0.0,0.26712737473676157,1.7106694516155627,0.0,1.8594233169734375
2026-02-09 07:00:00,0.3848389532895555,0.0,0.3848389532895555,1.6354403598283755,0.0,1.777652565030843
2026-02-09 08:00:00,0.41359564316887865,0.04248603088307993,0.3711096122857987,1.612155164751389,0.0,1.7523425703819444
2026-02-09 09:00:00,0.3778769986528629,0.13486642871593035,0.24301056993693254,1.5333437352600505,0.0,1.6666779731087504
2026-02-09 10:00:00,0.3298662708324283,0.21803893165947857,0.11182733917294974,1.4581146434728633,0.0,1.584907221166156
2026-02-09 11:00:00,0.30189526792037813,0.23111998868475714,0.07077527923562099,1.3990060713543593,0.0,1.52065877321126
2026-02-09 12:00:00,0.2956213756834338,0.22298086730939176,0.07264050837404201,1.3828855516856764,0.0,1.5031364692235611
2026-02-09 13:00:00,0.27402887055717234,0.23761484311560424,0.0364140274415681,1.3613915254607658,0.0,1.479773397239963
2026-02-09 14:00:00,0.273905671324597,0.16515747976049994,0.10874819156409704,1.3739297074252974,0.0,1.4934018558970623
2026-02-09 15:00:00,0.3025670578072388,0.08525524107327134,0.21731181673396746,1.39005022709398,0.0,1.510924159884761
2026-02-09 16:00:00,0.41364213012338924,0.0032428598072443294,0.4103992703161449,1.4258736041354976,0.0,1.5498626131907582
2026-02-09 17:00:00,0.6688702584134659,0.0,0.6688702584134659,1.4563234746207874,0.0,1.5829602985008557
2026-02-09 18:00:00,0.7158860870225285,0.0,0.7158860870225285,1.4885645139581531,0.0,1.6180049064762534
2026-02-09 19:00:00,0.6632960477986157,0.0,0.6632960477986157,1.5369260729642023,0.0,1.67057181843935
2026-02-09 20:00:00,0.6048970226323742,0.0,0.6048970226323742,1.565584774597416,0.0,1.7017225810841479
2026-02-09 21:00:00,0.4916229720354621,0.0,0.4916229720354621,1.5942434762306306,0.0,1.7328733437289463
2026-02-09 22:00:00,0.4285423519215841,0.0,0.4285423519215841,1.612155164751389,0.0,1.7523425703819444
2026-02-09 23:00:00,0.35845793886945304,0.0,0.35845793886945304,1.6443962040887545,0.0,1.7873871783573418
2026-02-10 00:00:00,0.28939399454300063,0.0,0.28939399454300063,1.658725554905362,0.0,1.8029625596797414
2026-02-10 01:00:00,0.24875201002799638,0.0,0.24875201002799638,1.6927577630948039,0.0,1.8399540903204388
2026-02-10 02:00:00,0.22816834587394347,0.0,0.22816834587394347,1.7267899712842454,0.0,1.8769456209611364
2026-02-10 03:00:00,0.21773123082027313,0.0,0.21773123082027313,1.7267899712842454,0.0,1.8769456209611364
2026-02-10 04:00:00,0.21555082705704165,0.0,0.21555082705704165,1.7303723089883971,0.0,1.8808394662917358
2026-02-10 05:00:00,0.2289377635559686,0.0,0.2289377635559686,1.7661956860299148,0.0,1.9197779195977334
2026-02-10 06:00:00,0.27900337126042124,0.0,0.27900337126042124,1.8163484138880392,0.0,1.9742917542261296
2026-02-10 07:00:00,0.3974518230687639,0.0,0.3974518230687639,1.791272049958977,0.0,1.9470348369119315
2026-02-10 08:00:00,0.4072566652853276,0.03365266346447355,0.37360400182085407,1.7858985434027494,0.0,1.941194068916032
2026-02-10 09:00:00,0.35411570917737367,0.048094808127158856,0.30602090105021484,1.7626133483257629,0.0,1.9158840742671335
2026-02-10 10:00:00,0.30020301278860606,0.05455312329257221,0.24564988949603384,1.7447016598050045,0.0,1.8964148476141354
2026-02-10 11:00:00,0.2694820979425685,0.1750413510603263,0.09444074688224219,1.735745815544625,0.0,1.8866802342876359
2026-02-10 12:00:00,0.2719414456143835,0.17173454753857295,0.10020689807581054,1.7375369843967006,0.0,1.8886271569529354
2026-02-10 13:00:00,0.2620598931454515,0.10257485288886359,0.15948504025658788,1.7232076335800937,0.0,1.8730517756305365
2026-02-10 14:00:00,0.2739289166151453,0.10640234094304775,0.16752657567209756,1.7411193221008525,0.0,1.8925210022835353
2026-02-10 15:00:00,0.3152659343593274,0.07267659894770673,0.2425893354116207,1.809183738479736,0.0,1.9665040635649305
2026-02-10 16:00:00,0.4352113917909217,0.00013702224537652096,0.4350743695455452,1.8682923105982399,0.0,2.0307525115198257
2026-02-10 17:00:00,0.6780893216350036,0.0,0.6780893216350036,1.9094891941959853,0.0,2.075531732821723
2026-02-10 18:00:00,0.7120947880599341,0.0,0.7120947880599341,1.9488949089416545,0.0,2.11836403145832
2026-02-10 19:00:00,0.656103968601086,0.0,0.656103968601086,2.016959325320538,0.0,2.1923470927397153
2026-02-10 20:00:00,0.6003641994144755,0.0,0.6003641994144755,1.9936741302435517,0.0,2.167037098090817
2026-02-10 21:00:00,0.48944954124931317,0.0,0.48944954124931317,1.970388935166565,0.0,2.1417271034419185
2026-02-10 22:00:00,0.4322406705987855,0.0,0.4322406705987855,1.9614330909061857,0.0,2.1319924901154192
2026-02-10 23:00:00,0.3633975534347335,0.0,0.3633975534347335,1.9560595843499584,0.0,2.12615172211952
2026-02-11 00:00:00,0.2970137854468012,0.0,0.2970137854468012,1.9291920515688201,0.0,2.096947882140022
2026-02-11 01:00:00,0.25578602097855446,0.0,0.25578602097855446,1.925609713864668,0.0,2.0930540368094217
2026-02-11 02:00:00,0.23262910890321287,0.0,0.23262910890321287,1.954268415497882,0.0,2.1242047994542195
2026-02-11 03:00:00,0.21943045853742205,0.0,0.21943045853742205,1.9775536105748688,0.0,2.1495147941031183
2026-02-11 04:00:00,0.2161970446277742,0.0,0.2161970446277742,1.9990476367997791,0.0,2.1728778660867163
2026-02-11 05:00:00,0.2309345299494402,0.0,0.2309345299494402,2.0008388056518553,0.0,2.1748247887520167
2026-02-11 06:00:00,0.27620696826374225,0.0,0.27620696826374225,1.9900917925393997,0.0,2.163143252760217
2026-02-11 07:00:00,0.39488787263175856,0.0,0.39488787263175856,1.9578507532020337,0.0,2.128098644784819
2026-02-11 08:00:00,0.4245023117202263,0.031524251252958255,0.392978060467268,1.9291920515688201,0.0,2.096947882140022
2026-02-11 09:00:00,0.393532670598465,0.12353012161511286,0.27000254898335213,1.8217219204442672,0.0,1.9801325222220296
2026-02-11 10:00:00,0.3457311482827367,0.24154281414973114,0.10418833413300557,1.703504776207259,0.0,1.8516356263122382
2026-02-11 11:00:00,0.31484519158508134,0.28314276784604286,0.03170242373903848,1.6246933467159201,0.0,1.7659710290390436
2026-02-11 12:00:00,0.3201962455780808,0.2683260957126618,0.05187014986541899,1.5978258139347823,0.0,1.736767189059546
2026-02-11 13:00:00,0.3114816048784146,0.2548157023185368,0.0566659025598778,1.5996169827868578,0.0,1.7387141117248455
2026-02-11 14:00:00,0.3194826195835108,0.17738899886444404,0.14209362071906678,1.6103639958993134,0.0,1.750395647716645
2026-02-11 15:00:00,0.34497103200960716,0.09665549188859789,0.24831554012100926,1.6712637368698933,0.0,1.8165910183368406
2026-02-11 16:00:00,0.4549559021952317,0.006768898921600135,0.44818700327363153,1.775151530290294,0.0,1.9295125329242326
2026-02-11 17:00:00,0.6875896516905329,0.0,0.6875896516905329,1.8933686745273022,0.0,2.058009428834024
2026-02-11 18:00:00,0.7095750032720287,0.0,0.7095750032720287,1.9847182859831722,0.0,2.1573024847643176
2026-02-11 19:00:00,0.6555484080540964,0.0,0.6555484080540964,2.0026299745039307,0.0,2.1767717114173157
2026-02-11 20:00:00,0.598123357968923,0.0,0.598123357968923,2.016959325320538,0.0,2.1923470927397153
2026-02-11 21:00:00,0.48918687038136477,0.0,0.48918687038136477,2.0223328318767657,0.0,2.1981878607356147
2026-02-11 22:00:00,0.43141081550676896,0.0,0.43141081550676896,2.0312886761371445,0.0,2.2079224740621135
2026-02-11 23:00:00,0.36843247312895505,0.0,0.36843247312895505,2.0527827023620557,0.0,2.2312855460457124
2026-02-12 00:00:00,0.29728343035176896,0.0,0.29728343035176896,2.0509915335099795,0.0,2.2293386233804124
2026-02-12 01:00:00,0.2533522434709845,0.0,0.2533522434709845,2.0420356892496003,0.0,2.2196040100539136
2026-02-12 02:00:00,0.22784988556385755,0.0,0.22784988556385755,2.0366621826933726,0.0,2.213763242058014
2026-02-12 03:00:00,0.2158692862355372,0.0,0.2158692862355372,2.08144140399527,0.0,2.2624363086905106
2026-02-12 04:00:00,0.21272420477994813,0.0,0.21272420477994813,2.110100105628484,0.0,2.2935870713353084
2026-02-12 05:00:00,0.22716182636684115,0.0,0.22716182636684115,2.08144140399527,0.0,2.2624363086905106
2026-02-12 06:00:00,0.27525391269751665,0.0,0.27525391269751665,2.015168156468462,0.0,2.190400170074415
2026-02-12 07:00:00,0.39236343838298005,0.0,0.39236343838298005,2.054573871214132,0.0,2.2332324687110128
2026-02-12 08:00:00,0.41445804163231587,0.04112494324567316,0.3733330983866427,1.991882961391476,0.0,2.165090175425517
2026-02-12 09:00:00,0.38135913667471694,0.083483086699735,0.29787604997498196,1.8485894532254052,0.0,2.0093363622015272
2026-02-12 10:00:00,0.34288360651509225,0.20459248197986266,0.1382911245352296,1.6963401007989554,0.0,1.8438479356510384
2026-02-12 11:00:00,0.3179577300102344,0.17991934299573045,0.13803838701450397,1.5799141254140234,0.0,1.7172979624065472
2026-02-12 12:00:00,0.315840088430516,0.22403137119061178,0.09180871723990419,1.5494642549287334,0.0,1.6842002770964493
2026-02-12 13:00:00,0.3024973193117866,0.2615480619747032,0.04094925733708338,1.524387890999671,0.0,1.656943359782251
2026-02-12 14:00:00,0.3062398060389625,0.1616588450952194,0.1445809609437431,1.5637936057453405,0.0,1.6997756584188484
2026-02-12 15:00:00,0.34716305838019407,0.05913880110450644,0.28802425727568765,1.6049904893430857,0.0,1.7445548797207453
2026-02-12 16:00:00,0.45631575013860354,0.008084312477214736,0.4482314376613888,1.6909665942427279,0.0,1.838007167655139
2026-02-12 17:00:00,0.6719618747109058,0.0,0.6719618747109058,1.7948543876631289,0.0,1.9509286822425311
2026-02-12 18:00:00,0.7037427718411952,0.0,0.7037427718411952,1.8163484138880392,0.0,1.9742917542261296
2026-02-12 19:00:00,0.6553647710315624,0.0,0.6553647710315624,1.8073925696276598,0.0,1.96455714089963
2026-02-12 20:00:00,0.598313970000023,0.0,0.598313970000023,1.7894808811069014,0.0,1.9450879142466317
2026-02-12 21:00:00,0.4933407965437562,0.0,0.4933407965437562,1.7536575040653837,0.0,1.9061494609406344
2026-02-12 22:00:00,0.4330426322332812,0.0,0.4330426322332812,1.7196252958759422,0.0,1.869157930299937
2026-02-12 23:00:00,0.3711033527030045,0.0,0.3711033527030045,1.6873842565385764,0.0,1.8341133223245394
2026-02-13 00:00:00,0.30355499801504254,0.0,0.30355499801504254,1.6479785417929067,0.0,1.791281023687942
2026-02-13 01:00:00,0.26060011174426023,0.0,0.26060011174426023,1.6479785417929067,0.0,1.791281023687942
2026-02-13 02:00:00,0.23354032250951542,0.0,0.23354032250951542,1.6497697106449825,0.0,1.793227946353242
2026-02-13 03:00:00,0.22017895572109808,0.0,0.22017895572109808,1.662307892609514,0.0,1.8068564050103413
2026-02-13 04:00:00,0.21403523748842668,0.0,0.21403523748842668,1.6802195811302723,0.0,1.8263256316633394
2026-02-13 05:00:00,0.2219525676717059,0.0,0.2219525676717059,1.6927577630948039,0.0,1.8399540903204388
2026-02-13 06:00:00,0.2652375375206643,0.0,0.2652375375206643,1.7106694516155627,0.0,1.8594233169734375
2026-02-13 07:00:00,0.3801713091335371,0.0,0.3801713091335371,1.7232076335800937,0.0,1.8730517756305365
2026-02-13 08:00:00,0.4227961115566028,0.007262179004955611,0.41553393255164717,1.7232076335800937,0.0,1.8730517756305365
2026-02-13 09:00:00,0.40481823846415416,0.09655500890865511,0.30826322955549906,1.689175425390652,0.0,1.8360602449898389
2026-02-13 10:00:00,0.3691832776766995,0.10159742753851107,0.2675858501381884,1.6605167237574379,0.0,1.8049094823450411
2026-02-13 11:00:00,0.3522142483421477,0.026308271112292024,0.3259059772298557,1.6014081516389338,0.0,1.7406610343901454
2026-02-13 12:00:00,0.3494201690284044,0.1782750760512122,0.1711450929771922,1.5888699696744026,0.0,1.7270325757330465
2026-02-13 13:00:00,0.33796258847182314,0.2285348356553201,0.10942775281650305,1.5673759434494923,0.0,1.703669503749448
2026-02-13 14:00:00,0.3313260710117423,0.16013333076336084,0.17119274024838144,1.5620024368932646,0.0,1.6978287357535484
2026-02-13 15:00:00,0.3441946384883815,0.10079356369896883,0.24340107478941267,1.565584774597416,0.0,1.7017225810841479
2026-02-13 16:00:00,0.4326567398118733,0.00797469468091352,0.4246820451309598,1.6336491909762998,0.0,1.775705642365543
2026-02-13 17:00:00,0.6430471159917868,0.0,0.6430471159917868,1.7590310106216112,0.0,1.9119902289365338
2026-02-13 18:00:00,0.6821130731926046,0.0,0.6821130731926046,1.8432159466691778,0.0,2.003495594205628
2026-02-13 19:00:00,0.6252063919304486,0.0,0.6252063919304486,1.9112803630480613,0.0,2.077478655487023
2026-02-13 20:00:00,0.5708590117768997,0.0,0.5708590117768997,1.9488949089416545,0.0,2.11836403145832
2026-02-13 21:00:00,0.46386814979992447,0.0,0.46386814979992447,1.9775536105748688,0.0,2.1495147941031183
2026-02-13 22:00:00,0.41295874023345214,0.0,0.41295874023345214,2.0062123122080826,0.0,2.180665556747916
2026-02-13 23:00:00,0.3657801904091269,0.0,0.3657801904091269,2.043826858101676,0.0,2.221550932719213
2026-02-14 00:00:00,0.30455221767603946,0.0,0.30455221767603946,2.067112053178662,0.0,2.246860927368111
2026-02-14 01:00:00,0.2575735796560107,0.0,0.2575735796560107,2.0724855597348903,0.0,2.2527016953640113
2026-02-14 02:00:00,0.23026739096111346,0.0,0.23026739096111346,2.0868149105514977,0.0,2.2682770766864104
2026-02-14 03:00:00,0.215543853768101,0.0,0.215543853768101,2.104726599072256,0.0,2.2877463033394085
2026-02-14 04:00:00,0.20926996208669513,0.0,0.20926996208669513,2.1315941318533946,0.0,2.3169501433189073
2026-02-14 05:00:00,0.21240806984210012,0.0,0.21240806984210012,2.1584616646345323,0.0,2.3461539832984046
2026-02-14 06:00:00,0.23169464908210785,0.0,0.23169464908210785,2.19428504167605,0.0,2.3850924366044017
2026-02-14 07:00:00,0.288508351200352,0.0,0.288508351200352,2.2910081596881477,0.0,2.490226260530595
2026-02-14 08:00:00,0.3575722948403251,0.060572967272780706,0.2969993275675444,2.296381666244375,0.0,2.4960670285264945
2026-02-14 09:00:00,0.37322098751105404,0.15210382718429669,0.22111716032675735,2.1423411449658496,0.0,2.328631679310706
2026-02-14 10:00:00,0.3597643116129569,0.22062408468891562,0.1391402269240413,1.9309832204208957,0.0,2.0988948048053215
2026-02-14 11:00:00,0.3512100588046137,0.28987512750220934,0.06133493130240436,1.7303723089883971,0.0,1.8808394662917358
2026-02-14 12:00:00,0.3503662555513305,0.3006816152542376,0.04968464029709291,1.5530465926328851,0.0,1.6880941224270491
2026-02-14 13:00:00,0.3284180967751522,0.2739531425894576,0.054464954185694636,1.431247110691725,0.0,1.5557033811866576
2026-02-14 14:00:00,0.3211237411557641,0.20222656454302806,0.11889717661273602,1.3613915254607658,0.0,1.479773397239963
2026-02-14 15:00:00,0.34468977298177894,0.1072336092316653,0.23745616375011364,1.3452710057920831,0.0,1.462251093252264
2026-02-14 16:00:00,0.4147462936481246,0.01054157807763368,0.4042047155704909,1.4169177598751181,0.0,1.5401279998642587
2026-02-14 17:00:00,0.5763960525030923,0.0,0.5763960525030923,1.6193198401596927,0.0,1.7601302610431442
2026-02-14 18:00:00,0.6142904492788124,0.0,0.6142904492788124,1.8073925696276598,0.0,1.96455714089963
2026-02-14 19:00:00,0.5585715979855596,0.0,0.5585715979855596,1.8790393237106955,0.0,2.0424340475116254
2026-02-14 20:00:00,0.504458993308526,0.0,0.504458993308526,1.9685977663144896,0.0,2.139780180776619
2026-02-14 21:00:00,0.45070204072526726,0.0,0.45070204072526726,2.0241240007288415,0.0,2.2001347834009146
2026-02-14 22:00:00,0.4078145652228389,0.0,0.4078145652228389,2.067112053178662,0.0,2.246860927368111
2026-02-14 23:00:00,0.3549479067569239,0.0,0.3549479067569239,2.11189127448056,0.0,2.2955339940006088
2026-02-15 00:00:00,0.30029833755851004,0.0,0.30029833755851004,2.167417508894912,0.0,2.3558885966249044
2026-02-15 01:00:00,0.25767585809706794,0.0,0.25767585809706794,2.222943743309264,0.0,2.4162431992492
2026-02-15 02:00:00,0.2290051740589778,0.0,0.2290051740589778,2.271305302315313,0.0,2.4688101112122967
2026-02-15 03:00:00,0.2134843243155838,0.0,0.2134843243155838,2.317875692469286,0.0,2.519430100510093
2026-02-15 04:00:00,0.20780086219606336,0.0,0.20780086219606336,2.362654913771183,0.0,2.5681031671425902
2026-02-15 05:00:00,0.20877018858558302,0.0,0.20877018858558302,2.4002694596647762,0.0,2.608988543113887
2026-02-15 06:00:00,0.22479778483407797,0.0,0.22479778483407797,2.434301667854218,0.0,2.645980073754585
2026-02-15 07:00:00,0.26542117435524865,0.0,0.26542117435524865,2.3984782908127005,0.0,2.6070416204485873
2026-02-15 08:00:00,0.33782081151336196,0.06545095920818485,0.27236985230517713,2.3214580301734373,0.0,2.523323945840693
2026-02-15 09:00:00,0.38949498618075196,0.17178022162036513,0.21771476456038683,2.0742767285869665,0.0,2.2546486180293113
2026-02-15 10:00:00,0.3994439474769194,0.2645716861893451,0.1348722612875743,1.7715691925861425,0.0,1.925618687593633
2026-02-15 11:00:00,0.4041813256992857,0.311826091211528,0.09235523448775773,1.4885645139581531,0.0,1.6180049064762534
2026-02-15 12:00:00,0.4148276474499111,0.3203032007921554,0.09452444665775567,1.2592949008924408,0.0,1.3687988053178706
2026-02-15 13:00:00,0.40515065368236036,0.2888337584373477,0.11631689524501265,1.0891338599452323,0.0,1.1838411521143828
2026-02-15 14:00:00,0.39907899784447887,0.20792668995069136,0.1911523078937875,0.9816637288206791,0.0,1.0670257921963902
2026-02-15 15:00:00,0.40026450593097745,0.11112504100035851,0.28913946493061893,0.9744990534123759,0.0,1.059238101535191
2026-02-15 16:00:00,0.45230363669795215,0.012523833227414018,0.43977980347053813,1.1016720419097632,0.0,1.1974696107714817
2026-02-15 17:00:00,0.6050411673048411,0.0,0.6050411673048411,1.341688668087931,0.0,1.458357247921664
2026-02-15 18:00:00,0.6325077476237847,0.0,0.6325077476237847,1.4993115270706086,0.0,1.6296864424680528
2026-02-15 19:00:00,0.5852176218283254,0.0,0.5852176218283254,1.5584200991891128,0.0,1.6939348904229488
2026-02-15 20:00:00,0.5364490992254493,0.0,0.5364490992254493,1.6246933467159201,0.0,1.7659710290390436
2026-02-15 21:00:00,0.4770319297529318,0.0,0.4770319297529318,1.674846074574045,0.0,1.82048486366744
2026-02-15 22:00:00,0.4118011246852065,0.0,0.4118011246852065,1.7214164647280177,0.0,1.8711048529652365
2026-02-15 23:00:00,0.33692354398369156,0.0,0.33692354398369156,1.7769426991423705,0.0,1.931459455589533
2026-02-16 00:00:00,0.2747657616320933,0.0,0.2747657616320933,1.8306777647046466,0.0,1.9898671355485287
2026-02-16 01:00:00,0.23617865633617693,0.0,0.23617865633617693,1.8915775056752266,0.0,2.0560625061687245
2026-02-16 02:00:00,0.21427931181390752,0.0,0.21427931181390752,1.9488949089416545,0.0,2.11836403145832
2026-02-16 03:00:00,0.20540660203470593,0.0,0.20540660203470593,2.0062123122080826,0.0,2.180665556747916
2026-02-16 04:00:00,0.20327036398029166,0.0,0.20327036398029166,2.0563650400662072,0.0,2.2351793913763123
2026-02-16 05:00:00,0.21660848516774375,0.0,0.21660848516774375,2.0868149105514977,0.0,2.2682770766864104
2026-02-16 06:00:00,0.26103247189997997,0.0,0.26103247189997997,2.0993530925160284,0.0,2.281905535343509
2026-02-16 07:00:00,0.3677746201037263,0.0,0.3677746201037263,2.0724855597348903,0.0,2.2527016953640113
2026-02-16 08:00:00,0.38566183457750447,0.0631763899349346,0.3224854446425699,1.9972564679477038,0.0,2.1709309434214172
2026-02-16 09:00:00,0.37275839824607043,0.16889361965109972,0.2038647785949707,1.7930632188110531,0.0,1.9489817595772316
2026-02-16 10:00:00,0.3587089712697144,0.24733428772097876,0.11137468354873564,1.5709582811536438,0.0,1.7075633490800477
2026-02-16 11:00:00,0.3433624591351802,0.295036298744725,0.04832616039045523,1.3882590582419043,0.0,1.5089772372194612
2026-02-16 12:00:00,0.3443829233948885,0.2990008090442856,0.04538211435060291,1.2592949008924408,0.0,1.3687988053178706
2026-02-16 13:00:00,0.3184249602539206,0.27697676680409944,0.04144819344982115,1.2001863287739365,0.0,1.3045503573629744
2026-02-16 14:00:00,0.3106564001607517,0.19506486851801522,0.11559153164273647,1.2037686664780882,0.0,1.308444202693574
2026-02-16 15:00:00,0.32169324309149233,0.08150996636631311,0.24018327672517922,1.2592949008924408,0.0,1.3687988053178706
2026-02-16 16:00:00,0.41546455668475524,0.007773728721027956,0.4076908279637273,1.356018018904538,0.0,1.4739326292440633
2026-02-16 17:00:00,0.6471615261715322,0.0,0.6471615261715322,1.526179059851747,0.0,1.658890282447551
2026-02-16 18:00:00,0.6990193400125024,0.0,0.6990193400125024,1.5781229565619477,0.0,1.7153510397412473
2026-02-16 19:00:00,0.6440350397664953,0.0,0.6440350397664953,1.524387890999671,0.0,1.656943359782251
2026-02-16 20:00:00,0.5901548893794192,0.0,0.5901548893794192,1.583496463118175,0.0,1.7211918077371466
2026-02-16 21:00:00,0.4808580993611925,0.0,0.4808580993611925,1.6533520483491344,0.0,1.7971217916838418
2026-02-16 22:00:00,0.42145720192704494,0.0,0.42145720192704494,1.6945489319468796,0.0,1.8419010129857387
2026-02-16 23:00:00,0.3526303557581972,0.0,0.3526303557581972,1.7518663352133077,0.0,1.9042025382753345
2026-02-17 00:00:00,0.2858653656694525,0.0,0.2858653656694525,1.8432159466691778,0.0,2.003495594205628
2026-02-17 01:00:00,0.24499092897132446,0.0,0.24499092897132446,1.9130715319001368,0.0,2.0794255781523225
2026-02-17 02:00:00,0.22569272706899823,0.0,0.22569272706899823,2.0008388056518553,0.0,2.1748247887520167
2026-02-17 03:00:00,0.21479768087123746,0.0,0.21479768087123746,2.0724855597348903,0.0,2.2527016953640113
2026-02-17 04:00:00,0.21157124123845347,0.0,0.21157124123845347,2.1423411449658496,0.0,2.328631679310706
2026-02-17 05:00:00,0.22512321903031002,0.0,0.22512321903031002,2.196076210528126,0.0,2.3870393592697026
2026-02-17 06:00:00,0.27080477376986534,0.0,0.27080477376986534,2.235481925273795,0.0,2.4298716579062987
2026-02-17 07:00:00,0.3781512974297587,0.0,0.3781512974297587,2.2372730941258716,0.0,2.4318185805715995
2026-02-17 08:00:00,0.37641952496703396,0.07380018135979419,0.30261934360723974,2.1477146515220773,0.0,2.334472447306606
2026-02-17 09:00:00,0.33304854491864744,0.1728307255015851,0.16021781941706234,1.896951012231454,0.0,2.0619032741646235
2026-02-17 10:00:00,0.29438472966575147,0.25468781488951875,0.03969691477623272,1.5799141254140234,0.0,1.7172979624065472
2026-02-17 11:00:00,0.27873835566735,0.3138083463613083,-0.035069990693958275,1.286162433673579,0.0,1.3980026452973684
2026-02-17 12:00:00,0.2847728220816332,0.30657357180542805,-0.021800749723794866,1.0389811320871072,0.0,1.1293273174859861
2026-02-17 13:00:00,0.27350585266323235,0.2789133478720876,-0.005407495208855251,0.8706112599919748,0.0,0.9463165869477986
2026-02-17 14:00:00,0.2794659344811755,0.196005754602934,0.0834601798782415,0.7667234665715736,0.0,0.8333950723604061
2026-02-17 15:00:00,0.3253171792697144,0.10769948486594548,0.21761769440376888,0.777470479684029,0.0,0.8450766083522054
2026-02-17 16:00:00,0.43830301016459267,0.018160014920568242,0.42014299524402443,0.9100169747376443,0.0,0.989148885584396
2026-02-17 17:00:00,0.6690910880651881,0.0,0.6690910880651881,1.132121912395053,0.0,1.2305672960815792
2026-02-17 18:00:00,0.6991727573121485,0.0,0.6991727573121485,1.2987006156381102,0.0,1.4116311039544676
2026-02-17 19:00:00,0.6432749191425053,0.0,0.6432749191425053,1.330941654975476,0.0,1.4466757119298652
2026-02-17 20:00:00,0.5878117680842168,0.0,0.5878117680842168,1.4151265910230422,0.0,1.5381810771989588
2026-02-17 21:00:00,0.48010495318063034,0.0,0.48010495318063034,1.4867733451060774,0.0,1.6160579838109537
2026-02-17 22:00:00,0.4219616231063752,0.0,0.4219616231063752,1.5620024368932646,0.0,1.6978287357535484
2026-02-17 23:00:00,0.35799070924440446,0.0,0.35799070924440446,1.646187372940831,0.0,1.7893341010226422
2026-02-18 00:00:00,0.2908514713368949,0.0,0.2908514713368949,1.7267899712842454,0.0,1.8769456209611364
2026-02-18 01:00:00,0.2497050650456689,0.0,0.2497050650456689,1.791272049958977,0.0,1.9470348369119315
2026-02-18 02:00:00,0.22596237240471206,0.0,0.22596237240471206,1.839633608965026,0.0,1.9996017488750282
2026-02-18 03:00:00,0.21560894008670495,0.0,0.21560894008670495,1.8915775056752266,0.0,2.0560625061687245
2026-02-18 04:00:00,0.21166422172666163,0.0,0.21166422172666163,1.9793447794269443,0.0,2.151461716768418
2026-02-18 05:00:00,0.22285215819572943,0.0,0.22285215819572943,2.0706943908828146,0.0,2.250754772698712
2026-02-18 06:00:00,0.26619059216108965,0.0,0.26619059216108965,2.1315941318533946,0.0,2.3169501433189073
2026-02-18 07:00:00,0.3732395766817893,0.0,0.3732395766817893,2.085023741699421,0.0,2.26633015402111
2026-02-18 08:00:00,0.38948102710567534,0.07003663702011909,0.31944439008555625,2.0312886761371445,0.0,2.2079224740621135
2026-02-18 09:00:00,0.35974570897308467,0.1766216742903355,0.18312403468274915,1.8432159466691778,0.0,2.003495594205628
2026-02-18 10:00:00,0.3188131570962344,0.26395965349333,0.05485350360290442,1.6031993204910098,0.0,1.7426079570554454
2026-02-18 11:00:00,0.30069813769208054,0.29795030516306564,0.002747832529014893,1.372138538573221,0.0,1.491454933231762
2026-02-18 12:00:00,0.3090385311514981,0.3192801013600107,-0.01024157020851263,1.2091421730343161,0.0,1.314284970689474
2026-02-18 13:00:00,0.30617936621452124,0.2873813226363567,0.01879804357816456,1.0998808730576874,0.0,1.195522688106182
2026-02-18 14:00:00,0.31417108139228594,0.1824314174943,0.13173966389798594,1.056892820607866,0.0,1.148796544138985
2026-02-18 15:00:00,0.3382880239257051,0.11719969387871762,0.2210883300469875,1.0694310025723974,0.0,1.162425002796084
2026-02-18 16:00:00,0.44249877498753415,0.014780132867947394,0.42771864211958677,1.1876481468094053,0.0,1.2909218987058755
2026-02-18 17:00:00,0.663303020309317,0.0,0.663303020309317,1.4151265910230422,0.0,1.5381810771989588
2026-02-18 18:00:00,0.6904511406436081,0.0,0.6904511406436081,1.583496463118175,0.0,1.7211918077371466
2026-02-18 19:00:00,0.6359735875682365,0.0,0.6359735875682365,1.703504776207259,0.0,1.8516356263122382
2026-02-18 20:00:00,0.5806871000729791,0.0,0.5806871000729791,1.7214164647280177,0.0,1.8711048529652365
2026-02-18 21:00:00,0.4769505730754619,0.0,0.4769505730754619,1.703504776207259,0.0,1.8516356263122382
2026-02-18 22:00:00,0.4181098854376801,0.0,0.4181098854376801,1.6479785417929067,0.0,1.791281023687942
2026-02-18 23:00:00,0.3558149540359578,0.0,0.3558149540359578,1.5817052942660992,0.0,1.719244885071847
2026-02-19 00:00:00,0.28692999826688825,0.0,0.28692999826688825,1.57274945000572,0.0,1.7095102717453476
2026-02-19 01:00:00,0.2423804880676706,0.0,0.2423804880676706,1.6049904893430857,0.0,1.7445548797207453
2026-02-19 02:00:00,0.2170617677310495,0.0,0.2170617677310495,1.6658902303136653,0.0,1.8107502503409405
2026-02-19 03:00:00,0.20571576329384855,0.0,0.20571576329384855,1.7285811401363216,0.0,1.8788925436264363
2026-02-19 04:00:00,0.2014037706305524,0.0,0.2014037706305524,1.8002278942193566,0.0,1.956769450238431
2026-02-19 05:00:00,0.21344015824049117,0.0,0.21344015824049117,1.8629188040420124,0.0,2.0249117435239263
2026-02-19 06:00:00,0.2582523403871204,0.0,0.2582523403871204,1.8897863368231502,0.0,2.054115583503424
2026-02-19 07:00:00,0.3652060198667576,0.0,0.3652060198667576,1.8539629597816332,0.0,2.015177130197427
2026-02-19 08:00:00,0.3809662942002326,0.0628109972805972,0.3181552969196354,1.7948543876631289,0.0,1.9509286822425311
2026-02-19 09:00:00,0.3525629296930466,0.09822668030224867,0.2543362493907979,1.662307892609514,0.0,1.8068564050103413
2026-02-19 10:00:00,0.3144221316474146,0.10017239618659525,0.21424973546081938,1.5852876319702511,0.0,1.7231387304024468
2026-02-19 11:00:00,0.29275756370890155,0.10343352562655646,0.1893240380823451,1.5637936057453405,0.0,1.6997756584188484
2026-02-19 12:00:00,0.2998264424537357,0.07828537619178565,0.22154106626195003,1.524387890999671,0.0,1.656943359782251
2026-02-19 13:00:00,0.28727401185892176,0.10000796949214344,0.18726604236677832,1.5118497090351402,0.0,1.6433149011251522
2026-02-19 14:00:00,0.29305045616470454,0.16447236853361735,0.1285780876310872,1.5208055532955194,0.0,1.6530495144516515
2026-02-19 15:00:00,0.32623536664998126,0.12373108757499841,0.20250427907498286,1.538717241816278,0.0,1.6725187411046498
2026-02-19 16:00:00,0.4225450606682495,0.02170432366764092,0.40084073700060857,1.6193198401596927,0.0,1.7601302610431442
2026-02-19 17:00:00,0.6332771402454377,0.0,0.6332771402454377,1.7214164647280177,0.0,1.8711048529652365
2026-02-19 18:00:00,0.6753370839870496,0.0,0.6753370839870496,1.7733603614382185,0.0,1.9275656102589331
2026-02-19 19:00:00,0.6367685756429379,0.0,0.6367685756429379,1.7339546466925486,0.0,1.8847333116223355
2026-02-19 20:00:00,0.5834463119014802,0.0,0.5834463119014802,1.7106694516155627,0.0,1.8594233169734375
2026-02-19 21:00:00,0.4809975711269364,0.0,0.4809975711269364,1.6999224385031075,0.0,1.8477417809816385
2026-02-19 22:00:00,0.4231889730267724,0.0,0.4231889730267724,1.7196252958759422,0.0,1.869157930299937
2026-02-19 23:00:00,0.36292102648621244,0.0,0.36292102648621244,1.7482839975091562,0.0,1.9003086929447348
2026-02-20 00:00:00,0.2978901317513945,0.0,0.2978901317513945,1.7393281532487765,0.0,1.8905740796182353
2026-02-20 01:00:00,0.2574131886328542,0.0,0.2574131886328542,1.7572398417695358,0.0,1.9100433062712345
2026-02-20 02:00:00,0.2316039935184457,0.0,0.2316039935184457,1.7679868548819908,0.0,1.9217248422630335
2026-02-20 03:00:00,0.21893998420719893,0.0,0.21893998420719893,1.7411193221008525,0.0,1.8925210022835353
2026-02-20 04:00:00,0.2151277640210035,0.0,0.2151277640210035,1.735745815544625,0.0,1.8866802342876359
2026-02-20 05:00:00,0.22444213341273014,0.0,0.22444213341273014,1.7393281532487765,0.0,1.8905740796182353
2026-02-20 06:00:00,0.2626270965019,0.0,0.2626270965019,1.7518663352133077,0.0,1.9042025382753345
2026-02-20 07:00:00,0.3683046117359263,0.0,0.3683046117359263,1.7554486729174594,0.0,1.9080963836059341
2026-02-20 08:00:00,0.4017963582451841,0.05935803669710889,0.34243832154807524,1.7249988024321696,0.0,1.8749986982958364
2026-02-20 09:00:00,0.39484370454303314,0.15475292392824277,0.24009078061479036,1.6605167237574379,0.0,1.8049094823450411
2026-02-20 10:00:00,0.37453433403601943,0.15766693034658347,0.21686740368943597,1.596034645082706,0.0,1.7348202663942458
2026-02-20 11:00:00,0.36720510662382283,0.26582315603045065,0.10138195059337218,1.5440907483725057,0.0,1.6783595091005497
2026-02-20 12:00:00,0.3704617637070387,0.3227056574944237,0.047756106212615,1.4831910074019259,0.0,1.612164138480354
2026-02-20 13:00:00,0.35685167260205486,0.2947257149885381,0.06212595761351675,1.39005022709398,0.0,1.510924159884761
2026-02-20 14:00:00,0.3428371135964882,0.18096984687695045,0.16186726671953777,1.3434798369400072,0.0,1.4603041705869644
2026-02-20 15:00:00,0.3446316468886433,0.1137284636625124,0.2309031832261309,1.3596003566086903,0.0,1.4778264745746634
2026-02-20 16:00:00,0.41835393877266097,0.02817177364941271,0.39018216512324827,1.4491587992124841,0.0,1.5751726078396566
2026-02-20 17:00:00,0.6211314990874083,0.0,0.6211314990874083,1.5225967221475951,0.0,1.6549964371169512
2026-02-20 18:00:00,0.6746815675162587,0.0,0.6746815675162587,1.5190143844434434,0.0,1.6511025917863513
2026-02-20 19:00:00,0.6255620431464828,0.0,0.6255620431464828,1.4706528254373947,0.0,1.598535679823255
2026-02-20 20:00:00,0.5680928275461132,0.0,0.5680928275461132,1.4796086696977742,0.0,1.6082702931497546
2026-02-20 21:00:00,0.45988159013967017,0.0,0.45988159013967017,1.5315525664079745,0.0,1.6647310504434505
2026-02-20 22:00:00,0.4142418775940827,0.0,0.4142418775940827,1.613946333603465,0.0,1.7542894930472446
2026-02-20 23:00:00,0.3653757231594113,0.0,0.3653757231594113,1.6658902303136653,0.0,1.8107502503409405
2026-02-21 00:00:00,0.3088874561237291,0.0,0.3088874561237291,1.703504776207259,0.0,1.8516356263122382
2026-02-21 01:00:00,0.2626084999303526,0.0,0.2626084999303526,1.7214164647280177,0.0,1.8711048529652365
2026-02-21 02:00:00,0.23578348804796875,0.0,0.23578348804796875,1.7429104909529283,0.0,1.894467924948835
2026-02-21 03:00:00,0.2206113171619664,0.0,0.2206113171619664,1.7482839975091562,0.0,1.9003086929447348
2026-02-21 04:00:00,0.21399572077267193,0.0,0.21399572077267193,1.7518663352133077,0.0,1.9042025382753345
2026-02-21 05:00:00,0.21819148729532958,0.0,0.21819148729532958,1.7303723089883971,0.0,1.8808394662917358
2026-02-21 06:00:00,0.23833814066547146,0.0,0.23833814066547146,1.6802195811302723,0.0,1.8263256316633394
2026-02-21 07:00:00,0.2913070785763016,0.0,0.2913070785763016,1.658725554905362,0.0,1.8029625596797414
2026-02-21 08:00:00,0.3429556838400311,0.04892607641577642,0.2940296074242547,1.5852876319702511,0.0,1.7231387304024468
2026-02-21 09:00:00,0.3572584770039251,0.051237184954460405,0.3060212920494647,1.4939380205143813,0.0,1.6238456744721534
2026-02-21 10:00:00,0.34502915081195035,0.09402466477736869,0.25100448603458164,1.436620617247953,0.0,1.5615441491825575
2026-02-21 11:00:00,0.3415493352813524,0.1805861845898962,0.1609631506914562,1.438411786100029,0.0,1.5634910718478576
2026-02-21 12:00:00,0.34557308562536526,0.17107684076076565,0.1744962448645996,1.445576461508332,0.0,1.5712787625090565
2026-02-21 13:00:00,0.32500104536206104,0.06129461776509704,0.263706427596964,1.4169177598751181,0.0,1.5401279998642587
2026-02-21 14:00:00,0.31134679082765443,0.06998182812196847,0.24136496270568597,1.4061707467626632,0.0,1.52844646387246
2026-02-21 15:00:00,0.3251149516371577,0.03207234023446434,0.2930426114026934,1.4473676303604084,0.0,1.573225685174357
2026-02-21 16:00:00,0.3867009041133173,0.007198235290446568,0.37950266882287076,1.45094996806456,0.0,1.5771195305049563
2026-02-21 17:00:00,0.5492642011964107,0.0,0.5492642011964107,1.4599058123249393,0.0,1.5868541438314556
2026-02-21 18:00:00,0.6102202064690131,0.0,0.6102202064690131,1.4563234746207874,0.0,1.5829602985008557
2026-02-21 19:00:00,0.5652313599066007,0.0,0.5652313599066007,1.4581146434728633,0.0,1.584907221166156
2026-02-21 20:00:00,0.5116394488772925,0.0,0.5116394488772925,1.461696981177015,0.0,1.5888010664967556
2026-02-21 21:00:00,0.457698859402115,0.0,0.457698859402115,1.4563234746207874,0.0,1.5829602985008557
2026-02-21 22:00:00,0.41550409178017356,0.0,0.41550409178017356,1.4634881500290915,0.0,1.5907479891620557
2026-02-21 23:00:00,0.36372298615505455,0.0,0.36372298615505455,1.4760263319936224,0.0,1.6043764478191547
2026-02-22 00:00:00,0.30725331454201116,0.0,0.30725331454201116,1.4921468516623053,0.0,1.6218987518068537
2026-02-22 01:00:00,0.26355225566645374,0.0,0.26355225566645374,1.5297613975558986,0.0,1.6627841277781508
2026-02-22 02:00:00,0.23695504764591901,0.0,0.23695504764591901,1.5942434762306306,0.0,1.7328733437289463
2026-02-22 03:00:00,0.22122499059419645,0.0,0.22122499059419645,1.6515608794970584,0.0,1.7951748690185416
2026-02-22 04:00:00,0.21446062462161947,0.0,0.21446062462161947,1.7393281532487765,0.0,1.8905740796182353
2026-02-22 05:00:00,0.2173290878674469,0.0,0.2173290878674469,1.8790393237106955,0.0,2.0424340475116254
2026-02-22 06:00:00,0.2327918246859674,0.0,0.2327918246859674,1.8951598433793782,0.0,2.059956351499324
2026-02-22 07:00:00,0.27408235272202847,0.0008952120031266036,0.2731871407189019,1.6640990614615896,0.0,1.8088033276756408
2026-02-22 08:00:00,0.32461983574497444,0.044102893378522884,0.2805169423664515,1.5799141254140234,0.0,1.7172979624065472
2026-02-22 09:00:00,0.35506412728423964,0.08259700951296683,0.2724671177712728,1.422291266431346,0.0,1.5459687678601586
2026-02-22 10:00:00,0.3615077052172837,0.08676248577241308,0.2747452194448706,1.252130225484137,0.0,1.3610111146566708
2026-02-22 11:00:00,0.3616657711978428,0.1675690712791267,0.19409669991871611,1.1303307435429772,0.0,1.2286203734162795
2026-02-22 12:00:00,0.3751340654839557,0.0697534577130076,0.3053806077709481,1.001366586193514,0.0,1.088441941514689
2026-02-22 13:00:00,0.362751325797572,0.055576222724716906,0.3071751030728551,0.863446584583671,0.0,0.9385288962865989
2026-02-22 14:00:00,0.3499780650591084,0.10116809116966465,0.24880997388944376,0.8222497009859261,0.0,0.8937496749847023
2026-02-22 15:00:00,0.3506010377302318,0.06398025377447686,0.28662078395575497,0.8222497009859261,0.0,0.8937496749847023
2026-02-22 16:00:00,0.3973565240039861,0.023860140328231517,0.37349638367575455,0.8795671042523541,0.0,0.9560512002742979
2026-02-22 17:00:00,0.5599895566029204,0.0,0.5599895566029204,1.0156959370101213,0.0,1.1040173228370882
2026-02-22 18:00:00,0.620617804033652,0.0,0.620617804033652,1.166154120584495,0.0,1.267558826722277
2026-02-22 19:00:00,0.5849805195534526,0.0,0.5849805195534526,1.300491784490186,0.0,1.4135780266197673
2026-02-22 20:00:00,0.537120885851094,0.0,0.537120885851094,1.3685562008690695,0.0,1.4875610879011623
2026-02-22 21:00:00,0.47908215978425533,0.0,0.47908215978425533,1.3864678893898283,0.0,1.507030314554161
2026-02-22 22:00:00,0.41736836112226416,0.0,0.41736836112226416,1.4007972402064353,0.0,1.52260569587656
2026-02-22 23:00:00,0.3436716388629579,0.0,0.3436716388629579,1.4706528254373947,0.0,1.598535679823255
2026-02-23 00:00:00,0.28367101543881296,0.0,0.28367101543881296,1.5172232155913674,0.0,1.6491556691210516
2026-02-23 01:00:00,0.2443377377187485,0.0,0.2443377377187485,1.5781229565619477,0.0,1.7153510397412473
2026-02-23 02:00:00,0.2249651512510677,0.0,0.2249651512510677,1.6694725680178173,0.0,1.8146440956715404
2026-02-23 03:00:00,0.21631559605081935,0.0,0.21631559605081935,1.7626133483257629,0.0,1.9158840742671335
2026-02-23 04:00:00,0.21438391597247644,0.0,0.21438391597247644,1.8539629597816332,0.0,2.015177130197427
2026-02-23 05:00:00,0.2283171150948907,0.0,0.2283171150948907,1.9327743892729716,0.0,2.100841727470621
2026-02-23 06:00:00,0.2747704118448346,0.0,0.2747704118448346,2.0062123122080826,0.0,2.180665556747916
2026-02-23 07:00:00,0.3779002474235056,0.003854892503259456,0.37404535492024615,2.02054166302469,0.0,2.1962409380703147
2026-02-23 08:00:00,0.3743739424856728,0.09745022091178172,0.27692372157389106,1.954268415497882,0.0,2.1242047994542195
2026-02-23 09:00:00,0.3604430664138415,0.21171763873944177,0.14872542767439972,1.7536575040653837,0.0,1.9061494609406344
2026-02-23 10:00:00,0.34937832785256706,0.29860801194087294,0.05077031591169412,1.5440907483725057,0.0,1.6783595091005497
2026-02-23 11:00:00,0.33881801138106993,0.34973557909903213,-0.010917567717962207,1.3381063303837797,0.0,1.4544634025910648
2026-02-23 12:00:00,0.34663538518442955,0.3530332478044271,-0.00639786261999753,1.17690113369695,0.0,1.279240362714076
2026-02-23 13:00:00,0.33003828131848534,0.32579322542357464,0.004245055894910699,1.06405749601617,0.0,1.1565842348001847
2026-02-23 14:00:00,0.3235389121082063,0.24156108378244803,0.08197782832575826,1.001366586193514,0.0,1.088441941514689
2026-02-23 15:00:00,0.3319536912234367,0.14620273581674786,0.18575095540668884,0.9924107419331347,0.0,1.0787073281881898
2026-02-23 16:00:00,0.4212688919033545,0.0394532718520796,0.3818156200512749,1.0962985353535355,0.0,1.1916288427755821
2026-02-23 17:00:00,0.6397207217717219,0.0,0.6397207217717219,1.327359317271324,0.0,1.442781866599265
2026-02-23 18:00:00,0.7005116828308258,0.0,0.7005116828308258,1.5369260729642023,0.0,1.67057181843935
2026-02-23 19:00:00,0.6563131767569133,0.0,0.6563131767569133,1.6067816581951613,0.0,1.7465018023860448
2026-02-23 20:00:00,0.6017263706594679,0.0,0.6017263706594679,1.7088782827634865,0.0,1.8574763943081376
2026-02-23 21:00:00,0.48855924824709074,0.0,0.48855924824709074,1.8038102319235083,0.0,1.9606632955690309
2026-02-23 22:00:00,0.42830292600739517,0.0,0.42830292600739517,1.8772481548586193,0.0,2.0404871248463254
2026-02-23 23:00:00,0.3574630423313324,0.0,0.3574630423313324,1.945312571237503,0.0,2.1144701861277206
2026-02-24 00:00:00,0.29253442655904427,0.0,0.29253442655904427,2.0277063384329934,0.0,2.2040286287315145
2026-02-24 01:00:00,0.2508766252737166,0.0,0.2508766252737166,2.115473612184712,0.0,2.299427839331208
2026-02-24 02:00:00,0.22906561245453336,0.0,0.22906561245453336,2.1996585482322777,0.0,2.3909332046003016
2026-02-24 03:00:00,0.2176150048993954,0.0,0.2176150048993954,2.2820523154277685,0.0,2.4804916472040963
2026-02-24 04:00:00,0.21522771828504728,0.0,0.21522771828504728,2.364446082623259,0.0,2.57005008980789
2026-02-24 05:00:00,0.22933525698850685,0.0,0.22933525698850685,2.436092836706294,0.0,2.6479269964198844
2026-02-24 06:00:00,0.2742264733418516,0.0,0.2742264733418516,2.496992577676874,0.0,2.7141223670400803
2026-02-24 07:00:00,0.37380908472155844,0.006421775899979616,0.36738730882157883,2.5292336170142398,0.0,2.7491669750154775
2026-02-24 08:00:00,0.3633696446357158,0.10568982526708984,0.25767981936862594,2.402060628516852,0.0,2.610935465779187
2026-02-24 09:00:00,0.3388552072168483,0.22228662126615073,0.11656858595069758,2.0402445203975246,0.0,2.2176570873886137
2026-02-24 10:00:00,0.3061096311351681,0.31176214749701897,-0.005652516361850879,1.775151530290294,0.0,1.9295125329242326
2026-02-24 11:00:00,0.2930667242067621,0.3589434739883343,-0.06587674978157221,1.5190143844434434,0.0,1.6511025917863513
2026-02-24 12:00:00,0.2924530499400738,0.3561116809172195,-0.06365863097714569,1.2987006156381102,0.0,1.4116311039544676
2026-02-24 13:00:00,0.279782067247417,0.32690767301930374,-0.047125605771886736,1.132121912395053,0.0,1.2305672960815792
2026-02-24 14:00:00,0.2793171628256949,0.20469296495980546,0.07462419786588945,1.0497281451995628,0.0,1.1410088534777858
2026-02-24 15:00:00,0.31504045457143426,0.13281109503528254,0.1822293595361517,1.0300252878267282,0.0,1.119592704159487
2026-02-24 16:00:00,0.4093115403473617,0.030007871737458093,0.3793036686099036,1.103463210761839,0.0,1.1994165334367815
2026-02-24 17:00:00,0.6347067222127121,0.0,0.6347067222127121,1.3524356812003866,0.0,1.4700387839134637
2026-02-24 18:00:00,0.6901907933893131,0.0,0.6901907933893131,1.735745815544625,0.0,1.8866802342876359
2026-02-24 19:00:00,0.649939329123068,0.0,0.649939329123068,1.7626133483257629,0.0,1.9158840742671335
2026-02-24 20:00:00,0.5932186104142398,0.0,0.5932186104142398,2.0366621826933726,0.0,2.213763242058014
2026-02-24 21:00:00,0.48467729220707995,0.0,0.48467729220707995,2.170999846599064,0.0,2.359782441955504
2026-02-24 22:00:00,0.4256506430490242,0.0,0.4256506430490242,2.196076210528126,0.0,2.3870393592697026
2026-02-24 23:00:00,0.36197029508895767,0.0,0.36197029508895767,2.2032408859364296,0.0,2.3948270499309015
2026-02-25 00:00:00,0.2968580424445905,0.0,0.2968580424445905,2.213987899048885,0.0,2.406508585922701
2026-02-25 01:00:00,0.25415420484427326,0.0,0.25415420484427326,2.2408554318300227,0.0,2.4357124259021985
2026-02-25 02:00:00,0.23144825012643547,0.0,0.23144825012643547,2.2927993285402235,0.0,2.492173183195895
2026-02-25 03:00:00,0.22060201862394122,0.0,0.22060201862394122,2.3483255629545754,0.0,2.5525277858201907
2026-02-25 04:00:00,0.2188028365765343,0.0,0.2188028365765343,2.4486310186708256,0.0,2.661555455076984
2026-02-25 05:00:00,0.22970718077844665,0.0,0.22970718077844665,2.226526081013416,0.0,2.4201370445798003
2026-02-25 06:00:00,0.2746634835754198,0.0,0.2746634835754198,2.0868149105514977,0.0,2.2682770766864104
2026-02-25 07:00:00,0.3759058053011327,0.008230469538949693,0.36767533576218303,2.3501167318066516,0.0,2.5544747084854906
2026-02-25 08:00:00,0.3657313601105872,0.11083272687688858,0.25489863323369866,2.369819589179486,0.0,2.5758908578037896
2026-02-25 09:00:00,0.3269489932555878,0.2246159994375516,0.1023329938180362,1.8181395827401157,0.0,1.97623867689143
2026-02-25 10:00:00,0.28663011658800913,0.3058427864967532,-0.019212669908744096,1.4688616565853188,0.0,1.5965887571579551
2026-02-25 11:00:00,0.26448437196619146,0.3615468966504882,-0.09706252468429677,1.162571782880343,0.0,1.2636649813916772
2026-02-25 12:00:00,0.26326864578566966,0.3517178342488124,-0.08844918846314276,0.899269961625189,0.0,0.9774673495925967
2026-02-25 13:00:00,0.2604675937845614,0.319161348747351,-0.05869375496278961,0.7380647649383597,0.0,0.8022443097156083
2026-02-25 14:00:00,0.2628316352553529,0.2568344967337509,0.005997138521601997,0.659253335447021,0.0,0.716579712442414
2026-02-25 15:00:00,0.287459971887606,0.15911023133121616,0.12834974055638987,0.6359681403700345,0.0,0.6912697177935156
2026-02-25 16:00:00,0.38856050973408224,0.04671545085703521,0.341845058877047,0.7147795698613729,0.0,0.7769343150667096
2026-02-25 17:00:00,0.6144112985303978,0.0,0.6144112985303978,0.927928663258403,0.0,1.0086181122373945
2026-02-25 18:00:00,0.6758066363086564,0.0,0.6758066363086564,1.2055598353301642,0.0,1.3103911253588743
2026-02-25 19:00:00,0.6378425041546029,0.0,0.6378425041546029,1.4133354221709664,0.0,1.536234154533659
2026-02-25 20:00:00,0.5859033315800042,0.0,0.5859033315800042,1.613946333603465,0.0,1.7542894930472446
2026-02-25 21:00:00,0.48115563709052706,0.0,0.48115563709052706,1.8360512712608739,0.0,1.995707903544428
2026-02-25 22:00:00,0.4250462663603674,0.0,0.4250462663603674,1.9435214023854273,0.0,2.1125232634624207
2026-02-25 23:00:00,0.3596341479211635,0.0,0.3596341479211635,2.043826858101676,0.0,2.221550932719213
2026-02-26 00:00:00,0.2930039806850871,0.0,0.2930039806850871,2.3322050432858927,0.0,2.535005481832492
2026-02-26 01:00:00,0.24761764189748334,0.0,0.24761764189748334,2.411016472777232,0.0,2.620670079105687
2026-02-26 02:00:00,0.2242398996523409,0.0,0.2242398996523409,2.0581562089182834,0.0,2.2371263140416127
2026-02-26 03:00:00,0.21523701606692777,0.0,0.21523701606692777,1.9130715319001368,0.0,2.0794255781523225
2026-02-26 04:00:00,0.21260797897849282,0.0,0.21260797897849282,1.954268415497882,0.0,2.1242047994542195
2026-02-26 05:00:00,0.22516505990285507,0.0,0.22516505990285507,2.1226382875930154,0.0,2.307215529992408
2026-02-26 06:00:00,0.2702678075828814,0.0,0.2702678075828814,2.454004525227053,0.0,2.6673962230728834
2026-02-26 07:00:00,0.37162170657990473,0.009618961625431771,0.36200274495447293,2.631330241582565,0.0,2.8601415669375703
2026-02-26 08:00:00,0.36441800434849186,0.11430395709309378,0.2501140472553981,2.28563465313192,0.0,2.4843854925346958
2026-02-26 09:00:00,0.3294292618145057,0.2250910098881902,0.10433825192631552,1.5817052942660992,0.0,1.719244885071847
2026-02-26 10:00:00,0.29147907540377027,0.30673799849987987,-0.0152589230961096,1.1446600943595844,0.0,1.2441957547386786
2026-02-26 11:00:00,0.27569787894791614,0.3572900722274576,-0.08159219327954148,0.8276232075421536,0.0,0.8995904429806016
2026-02-26 12:00:00,0.2863139819330675,0.35718045443115637,-0.07086647249808886,0.6091006075888963,0.0,0.6620658778140176
2026-02-26 13:00:00,0.279926190276401,0.3371843414225428,-0.0572581511461418,0.47297177483112934,0.0,0.5140997552512275
2026-02-26 14:00:00,0.29274594233923995,0.25803115767670587,0.03471478466253408,0.401325020748094,0.0,0.43622284863923255
2026-02-26 15:00:00,0.3192757385863543,0.15979534255809874,0.15948039602825553,0.401325020748094,0.0,0.43622284863923255
2026-02-26 16:00:00,0.40681500072315535,0.04943762613184876,0.3573773745913066,0.5052128141684951,0.0,0.5491443632266251
2026-02-26 17:00:00,0.6036417776230693,0.0,0.6036417776230693,0.7667234665715736,0.0,0.8333950723604061
2026-02-26 18:00:00,0.6709995210892148,0.0,0.6709995210892148,1.1518247697678878,0.0,1.2519834453998782
2026-02-26 19:00:00,0.6435329417883784,0.0,0.6435329417883784,1.3524356812003866,0.0,1.4700387839134637
2026-02-26 20:00:00,0.5913659662083206,0.0,0.5913659662083206,1.5333437352600505,0.0,1.6666779731087504
2026-02-26 21:00:00,0.486190558866117,0.0,0.486190558866117,1.6443962040887545,0.0,1.7873871783573418
2026-02-26 22:00:00,0.4296720714652108,0.0,0.4296720714652108,1.7375369843967006,0.0,1.8886271569529354
2026-02-26 23:00:00,0.3670610041670645,0.0,0.3670610041670645,1.8127660761838877,0.0,1.97039790889553
2026-02-27 00:00:00,0.3038618352300879,0.0,0.3038618352300879,1.871874648302392,0.0,2.034646356850426
2026-02-27 01:00:00,0.26237372373985934,0.0,0.26237372373985934,1.9094891941959853,0.0,2.075531732821723
2026-02-27 02:00:00,0.23788950739988043,0.0,0.23788950739988043,1.9345655581250476,0.0,2.1027886501359214
2026-02-27 03:00:00,0.2278917276924946,0.0,0.2278917276924946,1.945312571237503,0.0,2.1144701861277206
2026-02-27 04:00:00,0.2254881694394904,0.0,0.2254881694394904,1.9685977663144896,0.0,2.139780180776619
2026-02-27 05:00:00,0.2372804820347381,0.0,0.2372804820347381,2.016959325320538,0.0,2.1923470927397153
2026-02-27 06:00:00,0.27705309543334333,0.0,0.27705309543334333,2.0742767285869665,0.0,2.2546486180293113
2026-02-27 07:00:00,0.3778537569060198,0.01156467750977837,0.36628907939624145,2.1226382875930154,0.0,2.307215529992408
2026-02-27 08:00:00,0.3832559492920513,0.12053390184954627,0.26272204744250505,1.9632242597582616,0.0,2.133939412780719
2026-02-27 09:00:00,0.3583905095645415,0.2362720251109143,0.12211848445362719,1.569167112301568,0.0,1.7056164264147478
2026-02-27 10:00:00,0.3290550105032458,0.3174896773537575,0.011565333149488322,1.255712563188289,0.0,1.3649049599872707
2026-02-27 11:00:00,0.3080203877171866,0.37042593815088676,-0.06240555043370016,1.0049489238976659,0.0,1.092335786845289
2026-02-27 12:00:00,0.3059771298797317,0.37173221689014296,-0.06575508701041127,0.8401613895066847,0.0,0.9132189016377007
2026-02-27 13:00:00,0.2992383335068426,0.35272266404824026,-0.05348433054139767,0.75955879116327,0.0,0.8256073816992064
2026-02-27 14:00:00,0.2958700983269122,0.27030835086244215,0.02556174746447004,0.7506029469028909,0.0,0.8158727683727074
2026-02-27 15:00:00,0.3108772284155622,0.1708850096172385,0.13999221879832371,0.8258320386900777,0.0,0.8976435203153018
2026-02-27 16:00:00,0.38986224247323226,0.05521996488673795,0.3346422775864943,1.0085312616018174,0.0,1.0962296321758886
2026-02-27 17:00:00,0.5885044738834049,0.0,0.5885044738834049,1.2915359402298068,0.0,1.4038434132932682
2026-02-27 18:00:00,0.6627311868178811,0.0,0.6627311868178811,1.5297613975558986,0.0,1.6627841277781508
2026-02-27 19:00:00,0.6288907609468903,0.0,0.6288907609468903,1.5978258139347823,0.0,1.736767189059546
2026-02-27 20:00:00,0.5741272919245426,0.0,0.5741272919245426,1.6658902303136653,0.0,1.8107502503409405
2026-02-27 21:00:00,0.4669086270787438,0.0,0.4669086270787438,1.689175425390652,0.0,1.8360602449898389
2026-02-27 22:00:00,0.4225125352938285,0.0,0.4225125352938285,1.689175425390652,0.0,1.8360602449898389
2026-02-27 23:00:00,0.37276771111703955,0.0,0.37276771111703955,1.6999224385031075,0.0,1.8477417809816385
2026-02-28 00:00:00,0.3133040527653736,0.0,0.3133040527653736,1.7106694516155627,0.0,1.8594233169734375
2026-02-28 01:00:00,0.26856393202086903,0.0,0.26856393202086903,1.7303723089883971,0.0,1.8808394662917358
2026-02-28 02:00:00,0.24214803619026867,0.0,0.24214803619026867,1.7661956860299148,0.0,1.9197779195977334
2026-02-28 03:00:00,0.2281776439877081,0.0,0.2281776439877081,1.8181395827401157,0.0,1.97623867689143
2026-02-28 04:00:00,0.22282658893124987,0.0,0.22282658893124987,1.864709972894088,0.0,2.026858666189226
2026-02-28 05:00:00,0.22715717811338457,0.0,0.22715717811338457,1.8933686745273022,0.0,2.058009428834024
2026-02-28 06:00:00,0.24912393401719468,0.0,0.24912393401719468,1.9309832204208957,0.0,2.0988948048053215
2026-02-28 07:00:00,0.29665580878035547,0.0009134816358434731,0.295742327144512,1.954268415497882,0.0,2.1242047994542195
2026-02-28 08:00:00,0.3273441749767066,0.08754807997923847,0.23979609499746812,1.8199307515921912,0.0,1.9781855995567295
2026-02-28 09:00:00,0.3320885233633396,0.15577602336038748,0.17631250000295212,1.5297613975558986,0.0,1.6627841277781508
2026-02-28 10:00:00,0.3158470689371891,0.13920546648618687,0.17664160245100224,1.3739297074252974,0.0,1.4934018558970623
2026-02-28 11:00:00,0.3100101856851476,0.275012781287036,0.03499740439811161,1.2485478877799856,0.0,1.3571172693260711
2026-02-28 12:00:00,0.31246720650088744,0.37009708476198305,-0.05762987826109561,1.0837603533890043,0.0,1.178000384118483
2026-02-28 13:00:00,0.2992801800921409,0.15590391078940555,0.14337626930273537,1.076595677980701,0.0,1.1702126934572838
2026-02-28 14:00:00,0.28942652236812155,0.07512472973176722,0.21430179263635435,1.150033600915812,0.0,1.2500365227345784
2026-02-28 15:00:00,0.2962652753984676,0.08614131826003951,0.21012395713842807,1.212724510738468,0.0,1.3181788160200738
2026-02-28 16:00:00,0.35279771204991356,0.04925492980468007,0.3035427822452335,1.2575037320403648,0.0,1.3668518826525704
2026-02-28 17:00:00,0.5198589640662249,0.0,0.5198589640662249,1.325568148419248,0.0,1.4408349439339654
2026-02-28 18:00:00,0.602593440809613,0.0,0.602593440809613,1.3936325647981318,0.0,1.5148180052153606
2026-02-28 19:00:00,0.5710380218901308,0.0,0.5710380218901308,1.4491587992124841,0.0,1.5751726078396566
2026-02-28 20:00:00,0.5188826673134475,0.0,0.5188826673134475,1.4688616565853188,0.0,1.5965887571579551
2026-02-28 21:00:00,0.46679937353321055,0.0,0.46679937353321055,1.4903556828102293,0.0,1.6199518291415536
2026-02-28 22:00:00,0.42253577924085944,0.0,0.42253577924085944,1.5011026959226847,0.0,1.6316333651333528
2026-02-28 23:00:00,0.36892294777409335,0.0,0.36892294777409335,1.5333437352600505,0.0,1.6666779731087504
2026-03-01 00:00:00,0.30937793057515295,0.0,0.30937793057515295,1.5602112680411884,0.0,1.6958818130882483
2026-03-01 01:00:00,0.2664997532000413,0.0,0.2664997532000413,1.6390226975325275,0.0,1.781546410361443
2026-03-01 02:00:00,0.24153203671844095,0.0,0.24153203671844095,1.6802195811302723,0.0,1.8263256316633394
2026-03-01 03:00:00,0.22748726013439588,0.0,0.22748726013439588,1.689175425390652,0.0,1.8360602449898389
2026-03-01 04:00:00,0.22141560247768938,0.0,0.22141560247768938,1.6909665942427279,0.0,1.838007167655139
2026-03-01 05:00:00,0.22430033746442882,0.0,0.22430033746442882,1.7285811401363216,0.0,1.8788925436264363
2026-03-01 06:00:00,0.2420178629217083,0.0,0.2420178629217083,1.7841073745506737,0.0,1.9392471462507321
2026-03-01 07:00:00,0.2795077923753735,0.004375577035690236,0.27513221533968324,1.8270954270004947,0.0,1.985973290217929
2026-03-01 08:00:00,0.3052030801221695,0.05506467300864456,0.250138407113525,1.8414247778171018,0.0,2.001548671540328
2026-03-01 09:00:00,0.31550304160935916,0.11239478047418094,0.20310826113517821,1.8163484138880392,0.0,1.9742917542261296
2026-03-01 10:00:00,0.31374802168113214,0.06271964911701286,0.25102837256411925,1.7894808811069014,0.0,1.9450879142466317
2026-03-01 11:00:00,0.3070068990683289,0.15966745512908065,0.14733944393924825,1.7984367253672806,0.0,1.954822527573131
2026-03-01 12:00:00,0.3074625048897516,0.05874600400109376,0.24871650088865782,1.7984367253672806,0.0,1.954822527573131
2026-03-01 13:00:00,0.2920671808368175,0.05312809194065639,0.2389390888961611,1.7554486729174594,0.0,1.9080963836059341
2026-03-01 14:00:00,0.2805607864935573,0.06577067778073006,0.21479010871282725,1.750075166361232,0.0,1.9022556156100348
2026-03-01 15:00:00,0.28961481072088857,0.0949472812295706,0.194667529491318,1.7679868548819908,0.0,1.9217248422630335
2026-03-01 16:00:00,0.34856940214273624,0.03011748953375931,0.31845191260897693,1.782316205698598,0.0,1.9373002235854324
2026-03-01 17:00:00,0.5308376938240879,0.0,0.5308376938240879,1.8163484138880392,0.0,1.9742917542261296
2026-03-01 18:00:00,0.6180329325392376,0.0,0.6180329325392376,1.8575452974857847,0.0,2.019070975528027
2026-03-01 19:00:00,0.5924538655573356,0.0,0.5924538655573356,1.945312571237503,0.0,2.1144701861277206
2026-03-01 20:00:00,0.546572401823288,0.0,0.546572401823288,1.954268415497882,0.0,2.1242047994542195
2026-03-01 21:00:00,0.4866624342032774,0.0,0.4866624342032774,1.9614330909061857,0.0,2.1319924901154192
2026-03-01 22:00:00,0.42370036597440874,0.0,0.42370036597440874,1.9685977663144896,0.0,2.139780180776619
2026-03-01 23:00:00,0.3462751070456687,0.0,0.3462751070456687,1.972180104018641,0.0,2.1436740261072185
2026-03-02 00:00:00,0.2853377001472834,0.0,0.2853377001472834,1.9793447794269443,0.0,2.151461716768418
2026-03-02 01:00:00,0.24708997574687872,0.0,0.24708997574687872,2.038453351545449,0.0,2.2157101647233137
2026-03-02 02:00:00,0.22827295027463487,0.0,0.22827295027463487,2.034871013841297,0.0,2.2118163193927143
2026-03-02 03:00:00,0.22054390614012295,0.0,0.22054390614012295,2.038453351545449,0.0,2.2157101647233137
2026-03-02 04:00:00,0.21916546295142697,0.0,0.21916546295142697,2.02054166302469,0.0,2.1962409380703147
2026-03-02 05:00:00,0.23494898383672638,0.0,0.23494898383672638,2.004421143356007,0.0,2.178718634082616
2026-03-02 06:00:00,0.28478678840697624,0.0,0.28478678840697624,1.9650154286103374,0.0,2.1358863354460187
2026-03-02 07:00:00,0.3867427386130252,0.0001461570617349557,0.3865965815512903,1.9184450384563645,0.0,2.0852663461482224
2026-03-02 08:00:00,0.3600176784689017,0.018525407574905634,0.3414922708939961,1.8020190630714328,0.0,1.9587163729037311
2026-03-02 09:00:00,0.3246128442817305,0.12062525001313062,0.20398759426859986,1.6784284122781967,0.0,1.8243787089980399
2026-03-02 10:00:00,0.29063759448157184,0.2998686165983369,-0.009231022116765075,1.4867733451060774,0.0,1.6160579838109537
2026-03-02 11:00:00,0.2707512872479771,0.38012711312354447,-0.10937582587556738,1.327359317271324,0.0,1.442781866599265
2026-03-02 12:00:00,0.27065830573022504,0.3205224363847578,-0.04986413065453277,1.1446600943595844,0.0,1.2441957547386786
2026-03-02 13:00:00,0.26182743861052415,0.27578010586114454,-0.013952667250620387,0.9995754173414382,0.0,1.0864950188493894
2026-03-02 14:00:00,0.25941458294281,0.25839655033104325,0.0010180326117667504,0.9959930796372863,0.0,1.0826011735187895
2026-03-02 15:00:00,0.2800400888467187,0.07378191172707732,0.2062581771196414,1.0945073665014597,0.0,1.1896819201102822
2026-03-02 16:00:00,0.37239576822786774,0.041992750799724456,0.33040301742814326,1.227053861555075,0.0,1.3337541973424727
2026-03-02 17:00:00,0.607505138072552,0.0,0.607505138072552,1.3237769795671726,0.0,1.4388880212686659
2026-03-02 18:00:00,0.6901698731433379,0.0,0.6901698731433379,1.3434798369400072,0.0,1.4603041705869644
2026-03-02 19:00:00,0.666052933499699,0.0,0.666052933499699,1.3094476287505654,0.0,1.4233126399462666
2026-03-02 20:00:00,0.6094135723325175,0.0,0.6094135723325175,1.3291504861234003,0.0,1.4447287892645655
2026-03-02 21:00:00,0.4952027393415019,0.0,0.4952027393415019,1.4258736041354976,0.0,1.5498626131907582
2026-03-02 22:00:00,0.42881432138532244,0.0,0.42881432138532244,1.4097530844668147,0.0,1.5323403092030594
2026-03-02 23:00:00,0.35712831114609234,0.0,0.35712831114609234,1.2933271090818823,0.0,1.4057903359585677
2026-03-03 00:00:00,0.2948473288770552,0.0,0.2948473288770552,1.2180980172946954,0.0,1.3240195840159732
2026-03-03 01:00:00,0.2532360181784957,0.0,0.2532360181784957,1.1983951599218607,0.0,1.3026034346976747
2026-03-03 02:00:00,0.2305858517366277,0.0,0.2305858517366277,1.182274640253178,0.0,1.285081130709976
2026-03-03 03:00:00,0.2207507884215914,0.0,0.2207507884215914,1.1786923025490263,0.0,1.2811872853793764
2026-03-03 04:00:00,0.21961177129315765,0.0,0.21961177129315765,1.1966039910697852,0.0,1.3006565120323752
2026-03-03 05:00:00,0.23327300130138431,0.0,0.23327300130138431,1.1983951599218607,0.0,1.3026034346976747
2026-03-03 06:00:00,0.2839987740844817,0.0,0.2839987740844817,1.2073510041822402,0.0,1.312338048024174
2026-03-03 07:00:00,0.3842392252411679,0.00221976037509964,0.38201946486606825,1.2395920435196062,0.0,1.3473826559995719
2026-03-03 08:00:00,0.36337661691323236,0.019648989986993107,0.34372762692623926,1.2592949008924408,0.0,1.3687988053178706
2026-03-03 09:00:00,0.33300205398893035,0.0394532718520796,0.29354878213685076,1.2754154205611237,0.0,1.3863211093055692
2026-03-03 10:00:00,0.293694345063919,0.047089978327731034,0.24660436673618796,1.252130225484137,0.0,1.3610111146566708
2026-03-03 11:00:00,0.27266204779484593,0.03191704835637095,0.240744999438475,1.223471523850923,0.0,1.329860352011873
2026-03-03 12:00:00,0.27005625564248054,0.03638397355564553,0.233672282086835,1.1894393156614813,0.0,1.2928688213711752
2026-03-03 13:00:00,0.25907752728014616,0.041618223329028634,0.2174593039511175,1.1357042500992052,0.0,1.2344611414121793
2026-03-03 14:00:00,0.2623365114422784,0.04925492980468007,0.2130815816375983,1.1088367173180667,0.0,1.205257301432681
2026-03-03 15:00:00,0.2882131175347248,0.06316725511857617,0.2250458624161486,1.1285395746909013,0.0,1.2266734507509798
2026-03-03 16:00:00,0.37682166213710305,0.0037361398905998047,0.37308552224650327,1.137495418951281,0.0,1.2364080640774793
2026-03-03 17:00:00,0.6018100524064056,0.0,0.6018100524064056,1.092716197649384,0.0,1.1877349974449825
2026-03-03 18:00:00,0.689609663199481,0.0,0.689609663199481,1.0497281451995628,0.0,1.1410088534777858
2026-03-03 19:00:00,0.662849738424703,0.0,0.662849738424703,1.0103224304538934,0.0,1.0981765548411884
2026-03-03 20:00:00,0.6057663933023604,0.0,0.6057663933023604,1.0031577550455901,0.0,1.0903888641799893
2026-03-03 21:00:00,0.495981454987476,0.0,0.495981454987476,0.958378533743693,0.0,1.0417157975474924
2026-03-03 22:00:00,0.4339538448108769,0.0,0.4339538448108769,0.927928663258403,0.0,1.0086181122373945
2026-03-03 23:00:00,0.36829067761950096,0.0,0.36829067761950096,0.9494226894833134,0.0,1.031981184220993
2026-03-04 00:00:00,0.30311333795443035,0.0,0.30311333795443035,1.028234118974652,0.0,1.117645781494187
2026-03-04 01:00:00,0.26059313783816984,0.0,0.26059313783816984,1.046145807495411,0.0,1.137115008147186
2026-03-04 02:00:00,0.24021403214991918,0.0,0.24021403214991918,1.1303307435429772,0.0,1.2286203734162795
2026-03-04 03:00:00,0.22802190082626764,0.0,0.22802190082626764,1.2073510041822402,0.0,1.312338048024174
2026-03-04 04:00:00,0.22650398647565795,0.0,0.22650398647565795,1.2825800959694271,0.0,1.3941087999667685
2026-03-04 05:00:00,0.24116476204191617,0.0,0.24116476204191617,1.3667650320169935,0.0,1.4856141652358625
2026-03-04 06:00:00,0.28937074999352347,0.0,0.28937074999352347,1.526179059851747,0.0,1.658890282447551
2026-03-04 07:00:00,0.3889998513572954,0.003279399072678068,0.3857204522846174,1.7375369843967006,0.0,1.8886271569529354
2026-03-04 08:00:00,0.36482711909253207,0.046249575222755045,0.31857754386977705,1.8933686745273022,0.0,2.058009428834024
2026-03-04 09:00:00,0.32642364847997907,0.16548633314940359,0.16093731533057548,1.89874218108353,0.0,2.063850196829924
2026-03-04 10:00:00,0.28663011456738074,0.28600196536623296,0.0006281492011477874,1.782316205698598,0.0,1.9373002235854324
2026-03-04 11:00:00,0.25901476373591387,0.3417334799690433,-0.08271871623312943,1.6694725680178173,0.0,1.8146440956715404
2026-03-04 12:00:00,0.25815933790090345,0.3253912935038035,-0.06723195560290007,1.6067816581951613,0.0,1.7465018023860448
2026-03-04 13:00:00,0.254293654665647,0.3758428842514385,-0.12154922958579151,1.554837761484961,0.0,1.6900410450923486
2026-03-04 14:00:00,0.2549282506650304,0.30800773797370223,-0.05307948730867185,1.4778175008456984,0.0,1.6063233704844546
2026-03-04 15:00:00,0.2746378931478081,0.19618845093010273,0.07844944221770539,1.4276647729875733,0.0,1.551809535856058
2026-03-04 16:00:00,0.36376015711599213,0.07286843009123384,0.2908917270247583,1.4491587992124841,0.0,1.5751726078396566
2026-03-04 17:00:00,0.5833974934071722,0.0,0.5833974934071722,1.495729189366457,0.0,1.6257925971374532
2026-03-04 18:00:00,0.6648511530468985,0.0,0.6648511530468985,1.524387890999671,0.0,1.656943359782251
2026-03-04 19:00:00,0.6478263361979263,0.0,0.6478263361979263,1.583496463118175,0.0,1.7211918077371466
2026-03-04 20:00:00,0.5964938647063182,0.0,0.5964938647063182,1.6569343860532861,0.0,1.8010156370144412
2026-03-04 21:00:00,0.4879130300605683,0.0,0.4879130300605683,1.6551432172012104,0.0,1.7990687143491417
2026-03-04 22:00:00,0.43203146309062934,0.0,0.43203146309062934,1.658725554905362,0.0,1.8029625596797414
2026-03-04 23:00:00,0.3673538940329393,0.0,0.3673538940329393,1.6784284122781967,0.0,1.8243787089980399
2026-03-05 00:00:00,0.3016233179552262,0.0,0.3016233179552262,1.6999224385031075,0.0,1.8477417809816385
2026-03-05 01:00:00,0.2589241296178138,0.0,0.2589241296178138,1.7858985434027494,0.0,1.941194068916032
2026-03-05 02:00:00,0.23451197366171284,0.0,0.23451197366171284,1.83784244011295,0.0,1.9976548262097282
2026-03-05 03:00:00,0.22449094838433611,0.0,0.22449094838433611,1.9094891941959853,0.0,2.075531732821723
2026-03-05 04:00:00,0.22190840172404383,0.0,0.22190840172404383,1.9488949089416545,0.0,2.11836403145832
2026-03-05 05:00:00,0.23697596882903846,0.0,0.23697596882903846,1.988300623687324,0.0,2.161196330094917
2026-03-05 06:00:00,0.28596067277564713,0.0,0.28596067277564713,1.9578507532020337,0.0,2.128098644784819
2026-03-05 07:00:00,0.3814776903247627,0.03622868167755214,0.34524900864721053,1.9202362073084407,0.0,2.0872132688135223
2026-03-05 08:00:00,0.3499734089798585,0.14958261786936872,0.2003907911104898,1.8270954270004947,0.0,1.985973290217929
2026-03-05 09:00:00,0.31040767749139,0.2428582277053458,0.06754944978604419,1.7411193221008525,0.0,1.8925210022835353
2026-03-05 10:00:00,0.2712998785247468,0.32468791264420405,-0.05338803411945725,1.6658902303136653,0.0,1.8107502503409405
2026-03-05 11:00:00,0.25682506467134936,0.38877778421498216,-0.1319527195436328,1.596034645082706,0.0,1.7348202663942458
2026-03-05 12:00:00,0.25896362642851595,0.2681890734672852,-0.009225447038769263,1.5369260729642023,0.0,1.67057181843935
2026-03-05 13:00:00,0.24759670243873405,0.3095880612037115,-0.06199135876497747,1.4831910074019259,0.0,1.612164138480354
2026-03-05 14:00:00,0.2538357266131521,0.2980325185102915,-0.044196791897139376,1.465279318881167,0.0,1.5926949118273552
2026-03-05 15:00:00,0.27636036891347304,0.19712020219866305,0.07924016671480999,1.4778175008456984,0.0,1.6063233704844546
2026-03-05 16:00:00,0.36922976557631654,0.07592859357130949,0.29330117200500705,1.5046850336268363,0.0,1.6355272104639524
2026-03-05 17:00:00,0.5731161233771195,0.0,0.5731161233771195,1.583496463118175,0.0,1.7211918077371466
2026-03-05 18:00:00,0.6587725236129598,0.0,0.6587725236129598,1.6694725680178173,0.0,1.8146440956715404
2026-03-05 19:00:00,0.6463618886979412,0.0,0.6463618886979412,1.6372315286804513,0.0,1.7795994876961427
2026-03-05 20:00:00,0.5958522987173671,0.0,0.5958522987173671,1.6802195811302723,0.0,1.8263256316633394
2026-03-05 21:00:00,0.486980897303258,0.0,0.486980897303258,1.7339546466925486,0.0,1.8847333116223355
2026-03-05 22:00:00,0.42895146913094634,0.0,0.42895146913094634,1.7679868548819908,0.0,1.9217248422630335
2026-03-05 23:00:00,0.36565234221949594,0.0,0.36565234221949594,1.7697780237340663,0.0,1.923671764928333
2026-03-06 00:00:00,0.30173257068387516,0.0,0.30173257068387516,1.750075166361232,0.0,1.9022556156100348
2026-03-06 01:00:00,0.2602188895320101,0.0,0.2602188895320101,1.6963401007989554,0.0,1.8438479356510384
2026-03-06 02:00:00,0.23717820319898786,0.0,0.23717820319898786,1.6927577630948039,0.0,1.8399540903204388
2026-03-06 03:00:00,0.22700375955768137,0.0,0.22700375955768137,1.6533520483491344,0.0,1.7971217916838418
2026-03-06 04:00:00,0.22422595279841062,0.0,0.22422595279841062,1.6049904893430857,0.0,1.7445548797207453
2026-03-06 05:00:00,0.23605778240762645,0.0,0.23605778240762645,1.5745406188577957,0.0,1.7114571944106474
2026-03-06 06:00:00,0.28023072097363366,0.0,0.28023072097363366,1.5763317877098715,0.0,1.7134041170759473
2026-03-06 07:00:00,0.37047106782565786,0.009701174972657683,0.3607698928530002,1.5476730860766574,0.0,1.6822533544311495
2026-03-06 08:00:00,0.3528744153763116,0.026947708257382453,0.3259267071189291,1.461696981177015,0.0,1.5888010664967556
2026-03-06 09:00:00,0.32231156701143115,0.09160393844238349,0.23070762856904767,1.3613915254607658,0.0,1.479773397239963
2026-03-06 10:00:00,0.2902284795578106,0.057348377098253245,0.23288010245955737,1.347062174644159,0.0,1.464198015917564
2026-03-06 11:00:00,0.2699284068852931,0.11264142051585867,0.15728698636943444,1.332732823827552,0.0,1.4486226345951652
2026-03-06 12:00:00,0.2696215692641183,0.08644276719986785,0.18317880206425044,1.2001863287739365,0.0,1.3045503573629744
2026-03-06 13:00:00,0.26671359010878637,0.04084176393856168,0.2258718261702247,1.153615938619964,0.0,1.253930368065178
2026-03-06 14:00:00,0.2751120980622718,0.026006822172463678,0.24910527588980816,1.1930216533656328,0.0,1.2967626667017749
2026-03-06 15:00:00,0.29939872930565503,0.028957367856238096,0.27044136144941694,1.2467567189279094,0.0,1.3551703466607712
2026-03-06 16:00:00,0.37717963919037306,0.004841452669970408,0.3723381865204027,1.266459576300744,0.0,1.3765864959790697
2026-03-06 17:00:00,0.5661913656588188,0.0,0.5661913656588188,1.2646684074486683,0.0,1.37463957331377
2026-03-06 18:00:00,0.6564572974395916,0.0,0.6564572974395916,1.2449655500758336,0.0,1.3532234239954712
2026-03-06 19:00:00,0.6316848409648833,0.0,0.6316848409648833,1.1751099648448742,0.0,1.2772934400487763
2026-03-06 20:00:00,0.5793179563575697,0.0,0.5793179563575697,1.162571782880343,0.0,1.2636649813916772
2026-03-06 21:00:00,0.4709788702298998,0.0,0.4709788702298998,1.166154120584495,0.0,1.267558826722277
2026-03-06 22:00:00,0.42325405875309907,0.0,0.42325405875309907,1.1858569779573296,0.0,1.2889749760405755
2026-03-06 23:00:00,0.37389278126564696,0.0,0.37389278126564696,1.236009705815454,0.0,1.3434888106689717
2026-03-07 00:00:00,0.31265086130861125,0.0,0.31265086130861125,1.2825800959694271,0.0,1.3941087999667685
2026-03-07 01:00:00,0.26901024049141326,0.0,0.26901024049141326,1.2843712648215033,0.0,1.3960557226320687
2026-03-07 02:00:00,0.2411438412295701,0.0,0.2411438412295701,1.2897447713777306,0.0,1.401896490627968
2026-03-07 03:00:00,0.22525571641469092,0.0,0.22525571641469092,1.2987006156381102,0.0,1.4116311039544676
2026-03-07 04:00:00,0.22049044136091764,0.0,0.22049044136091764,1.3237769795671726,0.0,1.4388880212686659
2026-03-07 05:00:00,0.22519992804947106,0.0,0.22519992804947106,1.3685562008690695,0.0,1.4875610879011623
2026-03-07 06:00:00,0.24775711325368088,0.0,0.24775711325368088,1.42050009757927,0.0,1.5440218451948589
2026-03-07 07:00:00,0.2900239397721289,0.0048871267517625805,0.28513681302036636,1.5136408778872157,0.0,1.6452618237904517
2026-03-07 08:00:00,0.3107145262785512,0.09343090171407042,0.21728362456448075,1.5996169827868578,0.0,1.7387141117248455
2026-03-07 09:00:00,0.3100473827060156,0.2802470310604191,0.029800351645596523,1.5996169827868578,0.0,1.7387141117248455
2026-03-07 10:00:00,0.29488915590749054,0.22959447435289854,0.065294681554592,1.4831910074019259,0.0,1.612164138480354
2026-03-07 11:00:00,0.28827355639727664,0.38073001100320114,-0.0924564546059245,1.372138538573221,0.0,1.491454933231762
2026-03-07 12:00:00,0.28507733407079244,0.27879459525942796,0.0062827388113644855,1.3237769795671726,0.0,1.4388880212686659
2026-03-07 13:00:00,0.2709721202588127,0.22078851138336744,0.050183608875445235,1.2807889271173514,0.0,1.3921618773014688
2026-03-07 14:00:00,0.2666764008208475,0.17779093078421515,0.08888547003663233,1.3542268500524623,0.0,1.4719857065787634
2026-03-07 15:00:00,0.28233439930998144,0.18882578894520433,0.09350861036477712,1.431247110691725,0.0,1.5557033811866576
2026-03-07 16:00:00,0.33877385545055516,0.08283451473828615,0.255939340712269,1.4079619156147387,0.0,1.5303933865377595
2026-03-07 17:00:00,0.4998471318169915,0.0,0.4998471318169915,1.4061707467626632,0.0,1.52844646387246
2026-03-07 18:00:00,0.5870493456854092,0.0,0.5870493456854092,1.5297613975558986,0.0,1.6627841277781508
2026-03-07 19:00:00,0.5610355936469977,0.0,0.5610355936469977,1.5494642549287334,0.0,1.6842002770964493
2026-03-07 20:00:00,0.5123182107563106,0.0,0.5123182107563106,1.6229021778638446,0.0,1.764024106373744
2026-03-07 21:00:00,0.46097644026690904,0.0,0.46097644026690904,1.6658902303136653,0.0,1.8107502503409405
2026-03-07 22:00:00,0.416299080959687,0.0,0.416299080959687,1.6640990614615896,0.0,1.8088033276756408
2026-03-07 23:00:00,0.36258397032184614,0.0,0.36258397032184614,1.7142517893197142,0.0,1.8633171623040372
2026-03-08 00:00:00,0.3020673014662981,0.0,0.3020673014662981,1.7267899712842454,0.0,1.8769456209611364
2026-03-08 01:00:00,0.25975165905680114,0.0,0.25975165905680114,1.7124606204676387,0.0,1.8613702396387377
2026-03-08 02:00:00,0.23267094958692508,0.0,0.23267094958692508,1.7017136073551828,0.0,1.8496887036469378
2026-03-08 03:00:00,0.21966058635397867,0.0,0.21966058635397867,1.7160429581717904,0.0,1.8652640849693372
2026-03-08 04:00:00,0.21445830083005854,0.0,0.21445830083005854,1.7518663352133077,0.0,1.9042025382753345
2026-03-08 05:00:00,0.21638300713442535,0.0,0.21638300713442535,1.7894808811069014,0.0,1.9450879142466317
2026-03-08 06:00:00,0.23316374933198325,0.0,0.23316374933198325,1.8038102319235083,0.0,1.9606632955690309
2026-03-08 07:00:00,0.26857090410399687,0.04810394294351729,0.2204669611604796,1.8020190630714328,0.0,1.9587163729037311
2026-03-08 08:00:00,0.30385950458662747,0.07105973645226378,0.2327997681343637,1.7411193221008525,0.0,1.8925210022835353
2026-03-08 09:00:00,0.3281786737260459,0.2174634382288972,0.11071523549714873,1.6694725680178173,0.0,1.8146440956715404
2026-03-08 10:00:00,0.3283785796431562,0.2103108770202428,0.11806770262291341,1.6103639958993134,0.0,1.750395647716645
2026-03-08 11:00:00,0.3227997190525152,0.32186525438944774,0.000934464663067458,1.5637936057453405,0.0,1.6997756584188484
2026-03-08 12:00:00,0.3179995755903841,0.28640389728600407,0.03159567830438004,1.524387890999671,0.0,1.656943359782251
2026-03-08 13:00:00,0.2990407545141011,0.3279581769005237,-0.028917422386422587,1.538717241816278,0.0,1.6725187411046498
2026-03-08 14:00:00,0.2884571956701606,0.29103524917973056,-0.0025780535095699664,1.5458819172245815,0.0,1.6803064317658494
2026-03-08 15:00:00,0.2932526911495029,0.06231771719724174,0.23093497395226117,1.538717241816278,0.0,1.6725187411046498
2026-03-08 16:00:00,0.3511798425714199,0.04703516942958043,0.30414467314183946,1.5637936057453405,0.0,1.6997756584188484
2026-03-08 17:00:00,0.5287595679073468,0.0,0.5287595679073468,1.5942434762306306,0.0,1.7328733437289463
2026-03-08 18:00:00,0.6096413990619208,0.0,0.6096413990619208,1.6014081516389338,0.0,1.7406610343901454
2026-03-08 19:00:00,0.5861567287552458,0.0,0.5861567287552458,1.5817052942660992,0.0,1.719244885071847
2026-03-08 20:00:00,0.5379832846008311,0.0,0.5379832846008311,1.5996169827868578,0.0,1.7387141117248455
2026-03-08 21:00:00,0.478477783637201,0.0,0.478477783637201,1.630066853272148,0.0,1.7718117970349436
2026-03-08 22:00:00,0.41209401468801937,0.0,0.41209401468801937,1.630066853272148,0.0,1.7718117970349436
2026-03-08 23:00:00,0.3340109152499349,0.0,0.3340109152499349,1.6390226975325275,0.0,1.781546410361443
2026-03-09 00:00:00,0.2710697683256539,0.0,0.2710697683256539,1.6640990614615896,0.0,1.8088033276756408
2026-03-09 01:00:00,0.23299173437572465,0.0,0.23299173437572465,1.6246933467159201,0.0,1.7659710290390436
2026-03-09 02:00:00,0.21427698813980486,0.0,0.21427698813980486,1.465279318881167,0.0,1.5926949118273552
2026-03-09 03:00:00,0.20511836110863851,0.0,0.20511836110863851,1.436620617247953,0.0,1.5615441491825575
2026-03-09 04:00:00,0.20507419513412808,0.0,0.20507419513412808,1.4921468516623053,0.0,1.6218987518068537
2026-03-09 05:00:00,0.2196210693223907,0.0,0.2196210693223907,1.5763317877098715,0.0,1.7134041170759473
2026-03-09 06:00:00,0.26751324687303496,0.0,0.26751324687303496,1.631858022124224,0.0,1.7737587197002433
2026-03-09 07:00:00,0.3700619524375031,0.01882685651473398,0.35123509592276914,1.5064762024789125,0.0,1.6374741331292526
2026-03-09 08:00:00,0.35317660450358107,0.06051815837463009,0.292658446128951,1.4706528254373947,0.0,1.598535679823255
2026-03-09 09:00:00,0.32279041918702384,0.042696131659323934,0.2800942875276999,1.422291266431346,0.0,1.5459687678601586
2026-03-09 10:00:00,0.28970313827798605,0.2468592772703402,0.04284386100764584,1.3381063303837797,0.0,1.4544634025910648
2026-03-09 11:00:00,0.2745821054218439,0.11192890483990076,0.16265320058194316,1.2897447713777306,0.0,1.401896490627968
2026-03-09 12:00:00,0.27224363334700735,0.02610730515240646,0.2461363281946009,1.286162433673579,0.0,1.3980026452973684
2026-03-09 13:00:00,0.25877766460096324,0.02760541503518976,0.23117224956577348,1.341688668087931,0.0,1.458357247921664
2026-03-09 14:00:00,0.25626020455533804,0.02184134591301744,0.2344188586423206,1.356018018904538,0.0,1.4739326292440633
2026-03-09 15:00:00,0.2763162018750971,0.19776877416011193,0.07854742771498516,1.431247110691725,0.0,1.5557033811866576
2026-03-09 16:00:00,0.36366717986458064,0.0903707382339948,0.27329644163058586,1.5530465926328851,0.0,1.6880941224270491
2026-03-09 17:00:00,0.5865518747974772,0.0013793572701236445,0.5851725175273536,1.613946333603465,0.0,1.7542894930472446
2026-03-09 18:00:00,0.6645791851018189,0.0,0.6645791851018189,1.6443962040887545,0.0,1.7873871783573418
2026-03-09 19:00:00,0.6469220978178004,0.0,0.6469220978178004,1.565584774597416,0.0,1.7017225810841479
2026-03-09 20:00:00,0.5881302270275399,0.0,0.5881302270275399,1.5369260729642023,0.0,1.67057181843935
2026-03-09 21:00:00,0.4777595074744854,0.0,0.4777595074744854,1.5208055532955194,0.0,1.6530495144516515
2026-03-09 22:00:00,0.4123055483724201,0.0,0.4123055483724201,1.5172232155913674,0.0,1.6491556691210516
2026-03-09 23:00:00,0.3439040905732383,0.0,0.3439040905732383,1.5476730860766574,0.0,1.6822533544311495
2026-03-10 00:00:00,0.28113263395649757,0.0,0.28113263395649757,1.5870788008223269,0.0,1.7250856530677465
2026-03-10 01:00:00,0.2410741056829756,0.0,0.2410741056829756,1.6336491909762998,0.0,1.775705642365543
2026-03-10 02:00:00,0.2192398474221267,0.0,0.2192398474221267,1.6712637368698933,0.0,1.8165910183368406
2026-03-10 03:00:00,0.20876553989744018,0.0,0.20876553989744018,1.6981312696510311,0.0,1.8457948583163382
2026-03-10 04:00:00,0.20769858317939544,0.0,0.20769858317939544,1.7805250368465217,0.0,1.9353533009201322
2026-03-10 05:00:00,0.2197977327115707,0.0,0.2197977327115707,1.9041156876397576,0.0,2.0696909648258233
2026-03-10 06:00:00,0.271632303700734,0.0,0.271632303700734,1.986509454835248,0.0,2.159249407429617
2026-03-10 07:00:00,0.36944827698817784,0.027221752748135496,0.34222652424004235,1.9757624417227928,0.0,2.1475678714378184
2026-03-10 08:00:00,0.35897861738694625,0.05268962075545153,0.3062889966314947,2.0366621826933726,0.0,2.213763242058014
2026-03-10 09:00:00,0.33007547876183563,0.05829839799953045,0.27177708076230517,2.061738546622435,0.0,2.2410201593722117
2026-03-10 10:00:00,0.293750134951889,0.06237252609539235,0.23137760885649666,2.092188417107725,0.0,2.2741178446823094
2026-03-10 11:00:00,0.27199955957420585,0.06801784260490501,0.20398171696930084,2.0957707548118765,0.0,2.2780116900129093
2026-03-10 12:00:00,0.27387777426899,0.02668279858298785,0.24719497568600216,2.1172647810367873,0.0,2.301374761996508
2026-03-10 13:00:00,0.25431457777799454,0.048277504454327554,0.206037073323667,2.19428504167605,0.0,2.3850924366044017
2026-03-10 14:00:00,0.256811117839177,0.08490811805165083,0.17190299978752616,2.323249199025513,0.0,2.5252708685059924
2026-03-10 15:00:00,0.28632560368054644,0.02166778440220718,0.26465781927833926,2.2605582892028577,0.0,2.4571285752204974
2026-03-10 16:00:00,0.37714709392508056,0.00861413182600395,0.3685329620990766,2.1584616646345323,0.0,2.3461539832984046
2026-03-10 17:00:00,0.5885439894421387,0.0,0.5885439894421387,2.231899587569644,0.0,2.4259778125756997
2026-03-10 18:00:00,0.6672430897168142,0.0,0.6672430897168142,2.1853291974156708,0.0,2.3753578232779033
2026-03-10 19:00:00,0.6508737891589476,0.0,0.6508737891589476,2.0008388056518553,0.0,2.1748247887520167
2026-03-10 20:00:00,0.5975863928699794,0.0,0.5975863928699794,1.991882961391476,0.0,2.165090175425517
2026-03-10 21:00:00,0.4905862340275098,0.0,0.4905862340275098,1.9435214023854273,0.0,2.1125232634624207
2026-03-10 22:00:00,0.43138292092385255,0.0,0.43138292092385255,1.9435214023854273,0.0,2.1125232634624207
2026-03-10 23:00:00,0.3656174744148526,0.0,0.3656174744148526,2.0115858187643103,0.0,2.1865063247438155
2026-03-11 00:00:00,0.2987804243904682,0.0,0.2987804243904682,2.0778590662911176,0.0,2.2585424633599107
2026-03-11 01:00:00,0.25788041776277887,0.0,0.25788041776277887,2.1924938728239742,0.0,2.3831455139391022
2026-03-11 02:00:00,0.23326602833397184,0.0,0.23326602833397184,2.267722964611161,0.0,2.4649162658816968
2026-03-11 03:00:00,0.2218944542398649,0.0,0.2218944542398649,2.2927993285402235,0.0,2.492173183195895
2026-03-11 04:00:00,0.21995347646237137,0.0,0.21995347646237137,2.2820523154277685,0.0,2.4804916472040963
2026-03-11 05:00:00,0.23409588320268288,0.0,0.23409588320268288,2.296381666244375,0.0,2.4960670285264945
2026-03-11 06:00:00,0.2808513677364017,0.0,0.2808513677364017,2.28563465313192,0.0,2.4843854925346958
2026-03-11 07:00:00,0.36717489176037943,0.040047034915377866,0.32712785684500156,2.061738546622435,0.0,2.2410201593722117
2026-03-11 08:00:00,0.3444201193748691,0.11460540603292212,0.22981471334194697,1.9775536105748688,0.0,2.1495147941031183
2026-03-11 09:00:00,0.3093151488270959,0.2668645250953122,0.042450623731783654,1.864709972894088,0.0,2.026858666189226
2026-03-11 10:00:00,0.2742380747767416,0.2653298759470952,0.008908198829646441,1.805601400775584,0.0,1.9626102182343306
2026-03-11 11:00:00,0.2544633449326827,0.24315967664517407,0.011303668287508617,1.7518663352133077,0.0,1.9042025382753345
2026-03-11 12:00:00,0.2599399235207676,0.3256379335454813,-0.0656980100247137,1.717834127023866,0.0,1.8672110076346369
2026-03-11 13:00:00,0.25602310097673187,0.25050406899735567,0.005519031979376199,1.7249988024321696,0.0,1.8749986982958364
2026-03-11 14:00:00,0.2583755201762595,0.05480889815060838,0.2035666220256511,1.6981312696510311,0.0,1.8457948583163382
2026-03-11 15:00:00,0.2773715333106882,0.18332662949742662,0.09404490381326158,1.7017136073551828,0.0,1.8496887036469378
2026-03-11 16:00:00,0.36998988144545536,0.04645054118264061,0.3235393402628147,1.7447016598050045,0.0,1.8964148476141354
2026-03-11 17:00:00,0.5828977197264557,0.0009043468194850383,0.5819933729069706,1.7805250368465217,0.0,1.9353533009201322
2026-03-11 18:00:00,0.6532703728144544,0.0,0.6532703728144544,1.8270954270004947,0.0,1.985973290217929
2026-03-11 19:00:00,0.6373938717356967,0.0,0.6373938717356967,1.83784244011295,0.0,1.9976548262097282
2026-03-11 20:00:00,0.5873398892472168,0.0,0.5873398892472168,1.8611276351899366,0.0,2.022964820858627
2026-03-11 21:00:00,0.4817669879562094,0.0,0.4817669879562094,1.9417302335333508,0.0,2.1105763407971203
2026-03-11 22:00:00,0.4223591169990415,0.0,0.4223591169990415,1.9900917925393997,0.0,2.163143252760217
2026-03-11 23:00:00,0.35823013585281305,0.0,0.35823013585281305,2.033079844989221,0.0,2.209869396727414
2026-03-12 00:00:00,0.29300165720254867,0.0,0.29300165720254867,2.0366621826933726,0.0,2.213763242058014
2026-03-12 01:00:00,0.25234107674580386,0.0,0.25234107674580386,2.054573871214132,0.0,2.2332324687110128
2026-03-12 02:00:00,0.22684104307866182,0.0,0.22684104307866182,2.0474091958058276,0.0,2.2254447780498126
2026-03-12 03:00:00,0.21429558368472565,0.0,0.21429558368472565,2.0312886761371445,0.0,2.2079224740621135
2026-03-12 04:00:00,0.21154102223255372,0.0,0.21154102223255372,1.9829271171310963,0.0,2.1553555620990177
2026-03-12 05:00:00,0.22561834196751518,0.0,0.22561834196751518,1.9238185450125924,0.0,2.091107114144122
2026-03-12 06:00:00,0.27513303744979783,0.0,0.27513303744979783,1.8790393237106955,0.0,2.0424340475116254
2026-03-12 07:00:00,0.35870432490995685,0.017849431164381462,0.34085489374557537,1.805601400775584,0.0,1.9626102182343306
2026-03-12 08:00:00,0.3293595258660826,0.05960467673878662,0.26975484912729597,1.791272049958977,0.0,1.9470348369119315
2026-03-12 09:00:00,0.2947357332292539,0.10667638543380079,0.1880593477954531,1.7661956860299148,0.0,1.9197779195977334
2026-03-12 10:00:00,0.2553327198953578,0.15950302843462885,0.09582969146072892,1.7303723089883971,0.0,1.8808394662917358
2026-03-12 11:00:00,0.2364296873905612,0.13867564713739766,0.09775404025316353,1.705295945059335,0.0,1.853582548977538
2026-03-12 12:00:00,0.2360484649046911,0.1262248924408511,0.10982357246384,1.6927577630948039,0.0,1.8399540903204388
2026-03-12 13:00:00,0.22515341910442435,0.053941090596557086,0.17121232850786727,1.6694725680178173,0.0,1.8146440956715404
2026-03-12 14:00:00,0.225987924281298,0.07465885409748706,0.15132907018381092,1.658725554905362,0.0,1.8029625596797414
2026-03-12 15:00:00,0.24464455775959387,0.036822444740850405,0.20782211301874348,1.6282756844200719,0.0,1.7698648743696432
2026-03-12 16:00:00,0.33019867620897786,0.0219875029747524,0.3082111732342255,1.5996169827868578,0.0,1.7387141117248455
2026-03-12 17:00:00,0.5280761384967333,0.0,0.5280761384967333,1.5942434762306306,0.0,1.7328733437289463
2026-03-12 18:00:00,0.6162476745383418,0.0,0.6162476745383418,1.5584200991891128,0.0,1.6939348904229488
2026-03-12 19:00:00,0.6199111250948689,0.0,0.6199111250948689,1.8235130892963427,0.0,1.9820794448873291
2026-03-12 20:00:00,0.5756893738273523,0.0,0.5756893738273523,2.0706943908828146,0.0,2.250754772698712
2026-03-12 21:00:00,0.4722155169063295,0.0,0.4722155169063295,1.972180104018641,0.0,2.1436740261072185
2026-03-12 22:00:00,0.4170150357812741,0.0,0.4170150357812741,1.9059068564918333,0.0,2.071637887491123
2026-03-12 23:00:00,0.3579511928651945,0.0,0.3579511928651945,1.8754569860065435,0.0,2.0385402021810255
2026-03-13 00:00:00,0.2945474653846951,0.0,0.2945474653846951,1.8575452974857847,0.0,2.019070975528027
2026-03-13 01:00:00,0.2540891185418713,0.0,0.2540891185418713,1.8629188040420124,0.0,2.0249117435239263
2026-03-13 02:00:00,0.2306904557337465,0.0,0.2306904557337465,1.8324689335567224,0.0,1.9918140582138286
2026-03-13 03:00:00,0.2180892083649246,0.0,0.2180892083649246,1.7984367253672806,0.0,1.954822527573131
2026-03-13 04:00:00,0.21584139314344322,0.0,0.21584139314344322,1.7697780237340663,0.0,1.923671764928333
2026-03-13 05:00:00,0.2254277320629952,0.0,0.2254277320629952,1.7608221794736874,0.0,1.913937151601834
2026-03-13 06:00:00,0.2690497577288149,0.0,0.2690497577288149,1.7267899712842454,0.0,1.8769456209611364
2026-03-13 07:00:00,0.3409100911558161,0.058006083876060544,0.28290400727975556,1.7017136073551828,0.0,1.8496887036469378
2026-03-13 08:00:00,0.31383867735833604,0.011025723344630721,0.30281295401370534,1.6658902303136653,0.0,1.8107502503409405
2026-03-13 09:00:00,0.2876738294606631,0.04295190651736011,0.244721922943303,1.6103639958993134,0.0,1.750395647716645
2026-03-13 10:00:00,0.260130538895825,0.0601527657202927,0.19997777317553228,1.5709582811536438,0.0,1.7075633490800477
2026-03-13 11:00:00,0.2536404656269253,0.07532569569165279,0.17831476993527254,1.5637936057453405,0.0,1.6997756584188484
2026-03-13 12:00:00,0.2549770670018877,0.22076110693429213,0.034215960067595586,1.5225967221475951,0.0,1.6549964371169512
2026-03-13 13:00:00,0.24627869691454168,0.28226582547563317,-0.035987128561091486,1.465279318881167,0.0,1.5926949118273552
2026-03-13 14:00:00,0.2514995793737741,0.15721018952866173,0.09428938984511237,1.4187089287271941,0.0,1.5420749225295587
2026-03-13 15:00:00,0.27441706553980827,0.15397646453777583,0.12044060100203244,1.4276647729875733,0.0,1.551809535856058
2026-03-13 16:00:00,0.3472676587057831,0.08678989022148839,0.2604777684842947,1.4276647729875733,0.0,1.551809535856058
2026-03-13 17:00:00,0.524219753191104,0.005535698713211446,0.5186840544778926,1.461696981177015,0.0,1.5888010664967556
2026-03-13 18:00:00,0.6173332280956494,0.0,0.6173332280956494,1.4849821762540016,0.0,1.614111061145654
2026-03-13 19:00:00,0.6048296111423598,0.0,0.6048296111423598,1.461696981177015,0.0,1.5888010664967556
2026-03-13 20:00:00,0.558608769332822,0.0,0.558608769332822,1.4831910074019259,0.0,1.612164138480354
2026-03-13 21:00:00,0.45549753792163106,0.0,0.45549753792163106,1.5154320467392917,0.0,1.6472087464557517
2026-03-13 22:00:00,0.40867464159281547,0.0,0.40867464159281547,1.5673759434494923,0.0,1.703669503749448
2026-03-13 23:00:00,0.3645900348379158,0.0,0.3645900348379158,1.6211110090117686,0.0,1.7620771837084441
2026-03-14 00:00:00,0.30520773442436705,0.0,0.30520773442436705,1.640813866384603,0.0,1.7834933330267424
2026-03-14 01:00:00,0.26178096974289117,0.0,0.26178096974289117,1.6802195811302723,0.0,1.8263256316633394
2026-03-14 02:00:00,0.23212236211016146,0.0,0.23212236211016146,1.7106694516155627,0.0,1.8594233169734375
2026-03-14 03:00:00,0.21550666121906215,0.0,0.21550666121906215,1.7303723089883971,0.0,1.8808394662917358
2026-03-14 04:00:00,0.20970464813350995,0.0,0.20970464813350995,1.7447016598050045,0.0,1.8964148476141354
2026-03-14 05:00:00,0.2125940316346804,0.0,0.2125940316346804,1.7375369843967006,0.0,1.8886271569529354
2026-03-14 06:00:00,0.23412377713988103,0.0,0.23412377713988103,1.7267899712842454,0.0,1.8769456209611364
2026-03-14 07:00:00,0.2674667536491851,0.025477002823674464,0.24198975082551064,1.7232076335800937,0.0,1.8730517756305365
2026-03-14 08:00:00,0.286307018930106,0.054005034311066125,0.2323019846190399,1.7088782827634865,0.0,1.8574763943081376
2026-03-14 09:00:00,0.2929644524964608,0.05158430797608093,0.24138014452037987,1.6676813991657418,0.0,1.812697173006241
2026-03-14 10:00:00,0.28334789127640087,0.04525388023968566,0.2380940110367152,1.6014081516389338,0.0,1.7406610343901454
2026-03-14 11:00:00,0.27771091746167387,0.09211548815845583,0.18559542930321804,1.4760263319936224,0.0,1.6043764478191547
2026-03-14 12:00:00,0.2789801062286643,0.07897048741866824,0.20000961880999607,1.3613915254607658,0.0,1.479773397239963
2026-03-14 13:00:00,0.2630640882346613,0.0,0.2630640882346613,1.3918413959460558,0.0,1.5128710825500606
2026-03-14 14:00:00,0.24861717080274046,0.18580216473056244,0.06281500607217802,1.377512045129449,0.0,1.4972957012276618
2026-03-14 15:00:00,0.2610859216199659,0.16608009621270184,0.09500582540726407,1.3488533434962349,0.0,1.466144938582864
2026-03-14 16:00:00,0.3079436867410698,0.04831404371976129,0.25962964302130853,1.3452710057920831,0.0,1.462251093252264
2026-03-14 17:00:00,0.4592958024101114,0.006814573003392309,0.4524812294067191,1.4097530844668147,0.0,1.5323403092030594
2026-03-14 18:00:00,0.5580485789134453,0.0,0.5580485789134453,1.461696981177015,0.0,1.5888010664967556
2026-03-14 19:00:00,0.5473673899536267,0.0,0.5473673899536267,1.465279318881167,0.0,1.5926949118273552
2026-03-14 20:00:00,0.5040940431946181,0.0,0.5040940431946181,1.4849821762540016,0.0,1.614111061145654
2026-03-14 21:00:00,0.4524756538518872,0.0,0.4524756538518872,1.5064762024789125,0.0,1.6374741331292526
2026-03-14 22:00:00,0.40566205633756425,0.0,0.40566205633756425,1.5440907483725057,0.0,1.6783595091005497
2026-03-14 23:00:00,0.3517377389604157,0.0,0.3517377389604157,1.57274945000572,0.0,1.7095102717453476
2026-03-15 00:00:00,0.2956841572364171,0.0,0.2956841572364171,1.612155164751389,0.0,1.7523425703819444
2026-03-15 01:00:00,0.2536218881109329,0.0,0.2536218881109329,1.608572827047237,0.0,1.7484487250513447
2026-03-15 02:00:00,0.22559742122967022,0.0,0.22559742122967022,1.5978258139347823,0.0,1.736767189059546
2026-03-15 03:00:00,0.211587512520876,0.0,0.211587512520876,1.5942434762306306,0.0,1.7328733437289463
2026-03-15 04:00:00,0.20668973964465326,0.0,0.20668973964465326,1.565584774597416,0.0,1.7017225810841479
2026-03-15 05:00:00,0.21011143963999357,0.0,0.21011143963999357,1.5476730860766574,0.0,1.6822533544311495
2026-03-15 06:00:00,0.2240237187327065,0.0,0.2240237187327065,1.5315525664079745,0.0,1.6647310504434505
2026-03-15 07:00:00,0.24929594604076155,0.01700902805940547,0.2322869179813561,1.538717241816278,0.0,1.6725187411046498
2026-03-15 08:00:00,0.2901657303712783,0.04342691696799871,0.24673881340327958,1.3990060713543593,0.0,1.52065877321126
2026-03-15 09:00:00,0.32374813084864396,0.10016326137023683,0.2235848694784071,1.166154120584495,0.0,1.267558826722277
2026-03-15 10:00:00,0.33095647881486556,0.08150996636631311,0.24944651244855245,1.0819691845369286,0.0,1.1760534614531832
2026-03-15 11:00:00,0.32974075019906635,0.1434805605419343,0.18626018965713204,1.0103224304538934,0.0,1.0981765548411884
2026-03-15 12:00:00,0.3317189200019294,0.0982632195676824,0.23345570043424696,1.0425634697912591,0.0,1.133221162816586
2026-03-15 13:00:00,0.30940348568345655,0.13862997305560545,0.1707735126278511,1.0515193140516386,0.0,1.1429557761430853
2026-03-15 14:00:00,0.29741591505136344,0.13852035525930426,0.1588955597920592,1.0407723009391834,0.0,1.1312742401512863
2026-03-15 15:00:00,0.3024113201580381,0.19885581730676566,0.10355550285127246,1.0980897042056115,0.0,1.193575765440882
2026-03-15 16:00:00,0.35266986472799255,0.09038900786671165,0.2622808568612809,1.1571982763241153,0.0,1.2578242133957775
2026-03-15 17:00:00,0.5132596394427257,0.005535698713211446,0.5077239407295142,1.2539213943362135,0.0,1.3629580373219712
2026-03-15 18:00:00,0.5859498459074762,0.0,0.5859498459074762,1.3345239926796277,0.0,1.4505695572604649
2026-03-15 19:00:00,0.5683276259214944,0.0,0.5683276259214944,1.3649738631649178,0.0,1.4836672425705628
2026-03-15 20:00:00,0.5266279823902456,0.0,0.5266279823902456,1.3990060713543593,0.0,1.52065877321126
2026-03-15 21:00:00,0.46876824457097704,0.0,0.46876824457097704,1.4419941238041805,0.0,1.5673849171784568
2026-03-15 22:00:00,0.4023379851067737,0.0,0.4023379851067737,1.4867733451060774,0.0,1.6160579838109537
2026-03-15 23:00:00,0.32573328356126435,0.0,0.32573328356126435,1.5351349041121263,0.0,1.6686248957740504
2026-03-16 00:00:00,0.2639846176159396,0.0,0.2639846176159396,1.5852876319702511,0.0,1.7231387304024468
2026-03-16 01:00:00,0.22701770633952775,0.0,0.22701770633952775,1.5924523073785544,0.0,1.730926421063646
2026-03-16 02:00:00,0.20796357952838102,0.0,0.20796357952838102,1.5942434762306306,0.0,1.7328733437289463
2026-03-16 03:00:00,0.19820290079086825,0.0,0.19820290079086825,1.583496463118175,0.0,1.7211918077371466
2026-03-16 04:00:00,0.19757527927123336,0.0,0.19757527927123336,1.6067816581951613,0.0,1.7465018023860448
2026-03-16 05:00:00,0.21126207913710035,0.0,0.21126207913710035,1.6336491909762998,0.0,1.775705642365543
2026-03-16 06:00:00,0.25629741573347403,0.0,0.25629741573347403,1.705295945059335,0.0,1.853582548977538
2026-03-16 07:00:00,0.34285571810361704,0.003809218421467283,0.3390464996821497,1.6784284122781967,0.0,1.8243787089980399
2026-03-16 08:00:00,0.33216987779994306,0.030583365168039476,0.30158651263190356,1.3846767205377521,0.0,1.505083391888861
2026-03-16 09:00:00,0.3113514352101953,0.052671351122734654,0.2586800840874607,1.325568148419248,0.0,1.4408349439339654
2026-03-16 10:00:00,0.2807490705248112,0.06366053520193164,0.21708853532287953,1.3094476287505654,0.0,1.4233126399462666
2026-03-16 11:00:00,0.2688196101989905,0.11102455802041572,0.15779505217857476,1.2485478877799856,0.0,1.3571172693260711
2026-03-16 12:00:00,0.26817339204682444,0.19012293286810203,0.07805045917872241,1.1840658091052538,0.0,1.2870280533752758
2026-03-16 13:00:00,0.2524479854830434,0.18011117413925756,0.07233681134378586,1.139286587803357,0.0,1.2383549867427792
2026-03-16 14:00:00,0.2533847686578851,0.05860898175571723,0.1947757869021679,1.1070455484659911,0.0,1.2033103787673816
2026-03-16 15:00:00,0.27020037806971514,0.10304072852314376,0.16715964954657136,1.121374899282598,0.0,1.2188857600897804
2026-03-16 16:00:00,0.3504383102567764,0.06640098010946206,0.28403733014731436,1.17690113369695,0.0,1.279240362714076
2026-03-16 17:00:00,0.5552753977118933,0.003745274706958239,0.551530123004935,1.221680354998847,0.0,1.3279134293465729
2026-03-16 18:00:00,0.6315569914782482,0.0,0.6315569914782482,1.2628772385965925,0.0,1.37269265064847
2026-03-16 19:00:00,0.6185838204497416,0.0,0.6185838204497416,1.2288450304071508,0.0,1.3357011200077726
2026-03-16 20:00:00,0.5644572706475739,0.0,0.5644572706475739,1.2378008746675302,0.0,1.345435733334272
2026-03-16 21:00:00,0.45863331976467125,0.0,0.45863331976467125,1.2485478877799856,0.0,1.3571172693260711
2026-03-16 22:00:00,0.3995811013971459,0.0,0.3995811013971459,1.2539213943362135,0.0,1.3629580373219712
2026-03-16 23:00:00,0.33387841677488683,0.0,0.33387841677488683,1.2646684074486683,0.0,1.37463957331377
2026-03-17 00:00:00,0.2696541324968208,0.0,0.2696541324968208,1.2807889271173514,0.0,1.3921618773014688
2026-03-17 01:00:00,0.23016046305745103,0.0,0.23016046305745103,1.316612304158869,0.0,1.4311003306074663
2026-03-17 02:00:00,0.20829366153141218,0.0,0.20829366153141218,1.4097530844668147,0.0,1.5323403092030594
2026-03-17 03:00:00,0.1978193539961375,0.0,0.1978193539961375,1.510058540183064,0.0,1.641367978459852
2026-03-17 04:00:00,0.1959225420046122,0.0,0.1959225420046122,1.7375369843967006,0.0,1.8886271569529354
2026-03-17 05:00:00,0.20847032493866532,0.0,0.20847032493866532,1.8360512712608739,0.0,1.995707903544428
2026-03-17 06:00:00,0.2560231218455789,0.0,0.2560231218455789,1.8306777647046466,0.0,1.9898671355485287
2026-03-17 07:00:00,0.33495001062609037,0.07258525078412235,0.262364759841968,1.8217219204442672,0.0,1.9801325222220296
2026-03-17 08:00:00,0.3208982595177465,0.1401098133056719,0.18078844621207457,1.782316205698598,0.0,1.9373002235854324
2026-03-17 09:00:00,0.29089794608633274,0.054763224068816216,0.2361347220175165,1.7267899712842454,0.0,1.8769456209611364
2026-03-17 10:00:00,0.2579943022880562,0.41426392185501504,-0.15626961956695884,1.689175425390652,0.0,1.8360602449898389
2026-03-17 11:00:00,0.23814518766122983,0.31579973632744707,-0.07765454866621724,1.6963401007989554,0.0,1.8438479356510384
2026-03-17 12:00:00,0.23598105359844201,0.3354395914980817,-0.09945853789963971,1.6533520483491344,0.0,1.7971217916838418
2026-03-17 13:00:00,0.21599246931405378,0.3680782903467691,-0.1520858210327153,1.640813866384603,0.0,1.7834933330267424
2026-03-17 14:00:00,0.21465354416456933,0.3155256918366941,-0.10087214767212477,1.6264845155679966,0.0,1.767917951704344
2026-03-17 15:00:00,0.24008848957273352,0.16671039854143382,0.07337809103129969,1.6372315286804513,0.0,1.7795994876961427
2026-03-17 16:00:00,0.32917820892807254,0.12941294334994483,0.1997652655781277,1.6372315286804513,0.0,1.7795994876961427
2026-03-17 17:00:00,0.538090188805758,0.011592081958853674,0.5264981068469043,1.6838019188344246,0.0,1.83021947699394
2026-03-17 18:00:00,0.6136674524297764,0.0,0.6136674524297764,1.7160429581717904,0.0,1.8652640849693372
2026-03-17 19:00:00,0.6100179489549601,0.0,0.6100179489549601,1.9112803630480613,0.0,2.077478655487023
2026-03-17 20:00:00,0.5622954644217185,0.0,0.5622954644217185,1.8575452974857847,0.0,2.019070975528027
2026-03-17 21:00:00,0.4640471381050032,0.0,0.4640471381050032,1.7876897122548252,0.0,1.9431409915813318
2026-03-17 22:00:00,0.409525417607186,0.0,0.409525417607186,1.8020190630714328,0.0,1.9587163729037311
2026-03-17 23:00:00,0.34477113916929,0.0,0.34477113916929,1.8879951679710747,0.0,2.0521686608381247
2026-03-18 00:00:00,0.28064448479329174,0.0,0.28064448479329174,1.9417302335333508,0.0,2.1105763407971203
2026-03-18 01:00:00,0.2423990847979597,0.0,0.2423990847979597,1.8897863368231502,0.0,2.054115583503424
2026-03-18 02:00:00,0.2167479577499189,0.0,0.2167479577499189,1.8467982843733295,0.0,2.0073894395362277
2026-03-18 03:00:00,0.20599703172671827,0.0,0.20599703172671827,1.8611276351899366,0.0,2.022964820858627
2026-03-18 04:00:00,0.2033517228007176,0.0,0.2033517228007176,1.884412830266923,0.0,2.0482748155075248
2026-03-18 05:00:00,0.21569494738629882,0.0,0.21569494738629882,1.9023245187876818,0.0,2.0677440421605238
2026-03-18 06:00:00,0.25778976042578294,0.0,0.25778976042578294,1.9166538696042887,0.0,2.0833194234829224
2026-03-18 07:00:00,0.31653047828292935,0.08866252757496751,0.22786795070796184,1.9041156876397576,0.0,2.0696909648258233
2026-03-18 08:00:00,0.29311321716318656,0.23539508274050455,0.057718134422682005,1.8163484138880392,0.0,1.9742917542261296
2026-03-18 09:00:00,0.2644216109756715,0.30375091355067163,-0.039329302575000114,1.7447016598050045,0.0,1.8964148476141354
2026-03-18 10:00:00,0.24263849221903624,0.25293393014869925,-0.010295437929663004,1.6927577630948039,0.0,1.8399540903204388
2026-03-18 11:00:00,0.2331985985212672,0.20050921906764235,0.03268937945362485,1.6211110090117686,0.0,1.7620771837084441
2026-03-18 12:00:00,0.24438188500828,0.2962877685858305,-0.05190588357755049,1.5852876319702511,0.0,1.7231387304024468
2026-03-18 13:00:00,0.24096948374137872,0.43386723776021596,-0.19289775401883724,1.5817052942660992,0.0,1.719244885071847
2026-03-18 14:00:00,0.24297089952691767,0.3313745982185783,-0.08840369869166062,1.596034645082706,0.0,1.7348202663942458
2026-03-18 15:00:00,0.25617419778688666,0.09212462297481426,0.16404957481207239,1.6229021778638446,0.0,1.764024106373744
2026-03-18 16:00:00,0.3383019674339345,0.11344528435540092,0.22485668307853357,1.6784284122781967,0.0,1.8243787089980399
2026-03-18 17:00:00,0.5395406930199591,0.016004198259977648,0.5235364947599814,1.7464928286570802,0.0,1.8983617702794349
2026-03-18 18:00:00,0.6104782046312978,0.0,0.6104782046312978,1.884412830266923,0.0,2.0482748155075248
2026-03-18 19:00:00,0.6012056772582813,0.0,0.6012056772582813,1.9524772466458065,0.0,2.12225787678892
2026-03-18 20:00:00,0.5548267677746513,0.0,0.5548267677746513,2.02054166302469,0.0,2.1962409380703147
2026-03-18 21:00:00,0.45655287094568636,0.0,0.45655287094568636,2.065320884326587,0.0,2.244914004702812
2026-03-18 22:00:00,0.39920685331059574,0.0,0.39920685331059574,2.120847118740939,0.0,2.305268607327107
2026-03-18 23:00:00,0.3375558149649086,0.0,0.3375558149649086,2.156670495782457,0.0,2.344207060633105
2026-03-19 00:00:00,0.27424274427814027,0.0,0.27424274427814027,2.1924938728239742,0.0,2.3831455139391022
2026-03-19 01:00:00,0.2341679438312168,0.0,0.2341679438312168,2.222943743309264,0.0,2.4162431992492
2026-03-19 02:00:00,0.20933969779901648,0.0,0.20933969779901648,2.3339962121379685,0.0,2.536952404497792
2026-03-19 03:00:00,0.19842837919532036,0.0,0.19842837919532036,2.423554654741763,0.0,2.634298537762785
2026-03-19 04:00:00,0.1970266909840823,0.0,0.1970266909840823,2.509530759641405,0.0,2.7277508256971794
2026-03-19 05:00:00,0.20875159224540732,0.0,0.20875159224540732,2.629539072730489,0.0,2.8581946442722708
2026-03-19 06:00:00,0.2541820980662267,0.0,0.2541820980662267,2.6743182940323864,0.0,2.9068677109047676
2026-03-19 07:00:00,0.321993111007541,0.06395284932540156,0.25804026168213945,2.531024785866316,0.0,2.751113897680778
2026-03-19 08:00:00,0.30086318112074995,0.07037462522538118,0.23048855589536876,2.1727910154511396,0.0,2.3617293646208037
2026-03-19 09:00:00,0.270914007172571,0.2928987517168512,-0.021984744544280177,1.852171790929557,0.0,2.013230207532127
2026-03-19 10:00:00,0.23582763581508573,0.43315472208425804,-0.1973270862691723,1.5745406188577957,0.0,1.7114571944106474
2026-03-19 11:00:00,0.21623654383165647,0.4699223579269578,-0.25368581409530133,1.3972149025022835,0.0,1.5187118505459605
2026-03-19 12:00:00,0.2153392772422683,0.23921343597833028,-0.023874158736061968,1.236009705815454,0.0,1.3434888106689717
2026-03-19 13:00:00,0.2021545754651778,0.45396383374877236,-0.2518092582835946,1.166154120584495,0.0,1.267558826722277
2026-03-19 14:00:00,0.19620611812353178,0.371860104319161,-0.17565398619562922,1.167945289436571,0.0,1.2695057493875772
2026-03-19 15:00:00,0.20835873174893324,0.26722078293329116,-0.058862051184357916,1.2306361992592267,0.0,1.3376480426730724
2026-03-19 16:00:00,0.28150221505480955,0.13371544185476758,0.14778677320004197,1.2754154205611237,0.0,1.3863211093055692
2026-03-19 17:00:00,0.47079520855263457,0.017191724386574164,0.4536034841660604,1.3793032139815247,0.0,1.4992426238929617
2026-03-19 18:00:00,0.5710565959045285,0.0,0.5710565959045285,1.5512554237808092,0.0,1.686147199761749
2026-03-19 19:00:00,0.5794016384444111,0.0,0.5794016384444111,1.631858022124224,0.0,1.7737587197002433
2026-03-19 20:00:00,0.541251544554414,0.0,0.541251544554414,1.6802195811302723,0.0,1.8263256316633394
2026-03-19 21:00:00,0.4465853099140945,0.0,0.4465853099140945,1.7482839975091562,0.0,1.9003086929447348
2026-03-19 22:00:00,0.39367448491352836,0.0,0.39367448491352836,1.782316205698598,0.0,1.9373002235854324
2026-03-19 23:00:00,0.3393642948699871,0.0,0.3393642948699871,1.775151530290294,0.0,1.9295125329242326
2026-03-20 00:00:00,0.2772715994812,0.0,0.2772715994812,1.7554486729174594,0.0,1.9080963836059341
2026-03-20 01:00:00,0.23684812023188295,0.0,0.23684812023188295,1.689175425390652,0.0,1.8360602449898389
2026-03-20 02:00:00,0.2140677808543497,0.0,0.2140677808543497,1.6694725680178173,0.0,1.8146440956715404
2026-03-20 03:00:00,0.20227081884258077,0.0,0.20227081884258077,1.631858022124224,0.0,1.7737587197002433
2026-03-20 04:00:00,0.20028102583395974,0.0,0.20028102583395974,1.613946333603465,0.0,1.7542894930472446
2026-03-20 05:00:00,0.20882365313160345,0.0,0.20882365313160345,1.6031993204910098,0.0,1.7426079570554454
2026-03-20 06:00:00,0.24801048588629182,0.0,0.24801048588629182,1.57274945000572,0.0,1.7095102717453476
2026-03-20 07:00:00,0.3019650094921318,0.03565318824697076,0.266311821245161,1.4670704877332428,0.0,1.5946418344926552
2026-03-20 08:00:00,0.2828109259606843,0.13276542095349037,0.15004550500719394,1.4007972402064353,0.0,1.52260569587656
2026-03-20 09:00:00,0.26758064050270736,0.22263374428777125,0.04494689621493611,1.2933271090818823,0.0,1.4057903359585677
2026-03-20 10:00:00,0.24853813553224077,0.19933082775740427,0.049207307774836506,1.182274640253178,0.0,1.285081130709976
2026-03-20 11:00:00,0.23939578003397627,0.2874269967181488,-0.04803121668417254,1.0945073665014597,0.0,1.1896819201102822
2026-03-20 12:00:00,0.2420782805179544,0.2975209687942192,-0.05544268827626478,1.0801780156848526,0.0,1.1741065387878833
2026-03-20 13:00:00,0.23562307653229397,0.24751698404814745,-0.01189390751585348,1.0551016517557903,0.0,1.1468496214736852
2026-03-20 14:00:00,0.23570676010186908,0.15803232300092082,0.07767443710094826,1.0443546386433353,0.0,1.135168085481886
2026-03-20 15:00:00,0.25195518550279,0.23489266784079066,0.017062517661999343,1.0658486648682457,0.0,1.1585311574654844
2026-03-20 16:00:00,0.3190037657524146,0.09011496337595862,0.228888802376456,1.148242432063736,0.0,1.2480896000692783
2026-03-20 17:00:00,0.4832453604770885,0.017995588226116417,0.4652497722509721,1.2592949008924408,0.0,1.3687988053178706
2026-03-20 18:00:00,0.5688738678079593,0.0,0.5688738678079593,1.3793032139815247,0.0,1.4992426238929617
2026-03-20 19:00:00,0.5690737772220049,0.0,0.5690737772220049,1.4348294483958772,0.0,1.5595972265172577
2026-03-20 20:00:00,0.5291012565195932,0.0,0.5291012565195932,1.4258736041354976,0.0,1.5498626131907582
2026-03-20 21:00:00,0.43517654452748233,0.0,0.43517654452748233,1.4133354221709664,0.0,1.536234154533659
2026-03-20 22:00:00,0.3909826859140029,0.0,0.3909826859140029,1.4061707467626632,0.0,1.52844646387246
2026-03-20 23:00:00,0.34828349563511257,0.0,0.34828349563511257,1.4187089287271941,0.0,1.5420749225295587
2026-03-21 00:00:00,0.29176036044779347,0.0,0.29176036044779347,1.4061707467626632,0.0,1.52844646387246
2026-03-21 01:00:00,0.24920761692301277,0.0,0.24920761692301277,1.42050009757927,0.0,1.5440218451948589
2026-03-21 02:00:00,0.22030680420638543,0.0,0.22030680420638543,1.3972149025022835,0.0,1.5187118505459605
2026-03-21 03:00:00,0.20606211835874946,0.0,0.20606211835874946,1.4025884090585112,0.0,1.52455261854186
2026-03-21 04:00:00,0.20041352367627216,0.0,0.20041352367627216,1.42050009757927,0.0,1.5440218451948589
2026-03-21 05:00:00,0.20284032679530808,0.0,0.20284032679530808,1.4491587992124841,0.0,1.5751726078396566
2026-03-21 06:00:00,0.22183634040216169,0.00012788742901808625,0.2217084529731436,1.452741136916636,0.0,1.5790664531702565
2026-03-21 07:00:00,0.24148786698475377,0.06027151833295236,0.18121634865180142,1.4849821762540016,0.0,1.614111061145654
2026-03-21 08:00:00,0.2683314701030965,0.06905007685340814,0.19928139324968835,1.3649738631649178,0.0,1.4836672425705628
2026-03-21 09:00:00,0.2834524974106424,0.060956629559834954,0.22249586785080744,1.2378008746675302,0.0,1.345435733334272
2026-03-21 10:00:00,0.27436592820944394,0.08213113387868666,0.1922347943307573,1.150033600915812,0.0,1.2500365227345784
2026-03-21 11:00:00,0.26778287414449925,0.10119549561873994,0.1665873785257593,1.1106278861701429,0.0,1.2072042240979812
2026-03-21 12:00:00,0.27638361338203377,0.07166263433192047,0.2047209790501133,1.0658486648682457,0.0,1.1585311574654844
2026-03-21 13:00:00,0.263040843897494,0.09220683632204017,0.1708340075754538,1.0407723009391834,0.0,1.1312742401512863
2026-03-21 14:00:00,0.2506813492824559,0.06766158476692605,0.18301976451552984,1.0425634697912591,0.0,1.133221162816586
2026-03-21 15:00:00,0.25740387508305357,0.07644014328738183,0.18096373179567174,1.1160013927263701,0.0,1.2130449920938806
2026-03-21 16:00:00,0.29940338391531746,0.05955900265699445,0.239844381258323,1.1966039910697852,0.0,1.3006565120323752
2026-03-21 17:00:00,0.43867494586629574,0.013492123761408098,0.42518282210488767,1.273624251709048,0.0,1.3843741866402695
2026-03-21 18:00:00,0.5321068860231474,0.0,0.5321068860231474,1.3882590582419043,0.0,1.5089772372194612
2026-03-21 19:00:00,0.5324834601478425,0.0,0.5324834601478425,1.5279702287038228,0.0,1.6608372051128508
2026-03-21 20:00:00,0.49194607866751056,0.0,0.49194607866751056,1.57274945000572,0.0,1.7095102717453476
2026-03-21 21:00:00,0.4402370320747788,0.0,0.4402370320747788,1.6820107499823485,0.0,1.8282725543286396
2026-03-21 22:00:00,0.3941091692846746,0.0,0.3941091692846746,1.7267899712842454,0.0,1.8769456209611364
2026-03-21 23:00:00,0.341091416304469,0.0,0.341091416304469,1.8270954270004947,0.0,1.985973290217929
2026-03-22 00:00:00,0.2892591709631046,0.0,0.2892591709631046,1.972180104018641,0.0,2.1436740261072185
2026-03-22 01:00:00,0.25102306971263416,0.0,0.25102306971263416,2.038453351545449,0.0,2.2157101647233137
2026-03-22 02:00:00,0.22473269804382764,0.0,0.22473269804382764,2.061738546622435,0.0,2.2410201593722117
2026-03-22 03:00:00,0.21231276413444486,0.0,0.21231276413444486,2.059947377770359,0.0,2.239073236706912
2026-03-22 04:00:00,0.20691056924915288,0.0,0.20691056924915288,2.061738546622435,0.0,2.2410201593722117
2026-03-22 05:00:00,0.21156659197510677,0.0,0.21156659197510677,2.0957707548118765,0.0,2.2780116900129093
2026-03-22 06:00:00,0.2255160629000794,0.0009226164522019079,0.2245934464478775,2.1799556908594435,0.0,2.369517055282004
2026-03-22 07:00:00,0.24479798925959256,0.06342302997661234,0.18137495928298022,1.9685977663144896,0.0,2.139780180776619
2026-03-22 08:00:00,0.280697939989338,0.08651584573073533,0.19418209425860267,1.8199307515921912,0.0,1.9781855995567295
2026-03-22 09:00:00,0.3129507130482392,0.11930983645751603,0.19364087659072315,1.640813866384603,0.0,1.7834933330267424
2026-03-22 10:00:00,0.3230321737371891,0.1469152514927058,0.17611692224448333,1.4151265910230422,0.0,1.5381810771989588
2026-03-22 11:00:00,0.3285087513402911,0.2847961696069196,0.0437125817333715,1.139286587803357,0.0,1.2383549867427792
2026-03-22 12:00:00,0.3252799867016257,0.49411135164409303,-0.1688313649424673,0.8921052862168852,0.0,0.969679658931397
2026-03-22 13:00:00,0.3039617739071059,0.45586387555132685,-0.15190210164422097,0.6700003485594761,0.0,0.7282612484342131
2026-03-22 14:00:00,0.2960026045567278,0.3731572482420587,-0.07715464368533093,0.6323858026658826,0.0,0.687375872462916
2026-03-22 15:00:00,0.30748808168377617,0.26628903166473084,0.041199050019045336,0.7255265829738285,0.0,0.7886158510585092
2026-03-22 16:00:00,0.3751317438139776,0.10904230287063539,0.26608944094334225,0.8956876239210374,0.0,0.9735735042619971
2026-03-22 17:00:00,0.49649284357896206,0.01648834352697469,0.48000450005198736,1.1160013927263701,0.0,1.2130449920938806
2026-03-22 18:00:00,0.5542665777338001,0.0,0.5542665777338001,1.3990060713543593,0.0,1.52065877321126
2026-03-22 19:00:00,0.5536854472117703,0.0,0.5536854472117703,1.6873842565385764,0.0,1.8341133223245394
2026-03-22 20:00:00,0.5170532664670467,0.0,0.5170532664670467,1.8038102319235083,0.0,1.9606632955690309
2026-03-22 21:00:00,0.460795126165564,0.0,0.460795126165564,1.8467982843733295,0.0,2.0073894395362277
2026-03-22 22:00:00,0.38836294509551955,0.0,0.38836294509551955,1.8163484138880392,0.0,1.9742917542261296
2026-03-22 23:00:00,0.3138317193838701,0.0,0.3138317193838701,1.732163477840473,0.0,1.882786388957036
2026-03-23 00:00:00,0.2592890786370906,0.0,0.2592890786370906,1.646187372940831,0.0,1.7893341010226422
2026-03-23 01:00:00,0.22794519172474836,0.0,0.22794519172474836,1.583496463118175,0.0,1.7211918077371466
2026-03-23 02:00:00,0.2122662743767652,0.0,0.2122662743767652,1.5584200991891128,0.0,1.6939348904229488
2026-03-23 03:00:00,0.20529502517911358,0.0,0.20529502517911358,1.5602112680411884,0.0,1.6958818130882483
2026-03-23 04:00:00,0.20757073466904954,0.0,0.20757073466904954,1.5154320467392917,0.0,1.6472087464557517
2026-03-23 05:00:00,0.23080900550736663,0.0,0.23080900550736663,1.4688616565853188,0.0,1.5965887571579551
2026-03-23 06:00:00,0.27982160299037867,0.0,0.27982160299037867,1.4419941238041805,0.0,1.5673849171784568
2026-03-23 07:00:00,0.31678385168035555,0.040074439364453165,0.2767094123159024,1.3739297074252974,0.0,1.4934018558970623
2026-03-23 08:00:00,0.28693463241157807,0.030446342922662958,0.2564882894889151,1.3237769795671726,0.0,1.4388880212686659
2026-03-23 09:00:00,0.2634941268377331,0.07591945875495106,0.18757466808278206,1.273624251709048,0.0,1.3843741866402695
2026-03-23 10:00:00,0.2407068125984736,0.1949278462726387,0.04577896632583489,1.2378008746675302,0.0,1.345435733334272
2026-03-23 11:00:00,0.2304068444534935,0.23860140328231516,-0.008194558828821669,1.2449655500758336,0.0,1.3532234239954712
2026-03-23 12:00:00,0.22367502218314037,0.37960642859111365,-0.1559314064079733,1.223471523850923,0.0,1.329860352011873
2026-03-23 13:00:00,0.21183854473467525,0.32656968481404164,-0.11473114007936638,1.2539213943362135,0.0,1.3629580373219712
2026-03-23 14:00:00,0.2161830806816064,0.33350301043009356,-0.11731992974848715,1.286162433673579,0.0,1.3980026452973684
2026-03-23 15:00:00,0.24211082523010324,0.23773359572826386,0.004377229501839386,1.3452710057920831,0.0,1.462251093252264
2026-03-23 16:00:00,0.348490357616278,0.1481575865174529,0.2003327710988251,1.42050009757927,0.0,1.5440218451948589
2026-03-23 17:00:00,0.5047030446782476,0.028665053732768182,0.4760379909454794,1.5225967221475951,0.0,1.6549964371169512
2026-03-23 18:00:00,0.5870377011333123,0.0,0.5870377011333123,1.6605167237574379,0.0,1.8049094823450411
2026-03-23 19:00:00,0.5949759517304093,0.0,0.5949759517304093,1.791272049958977,0.0,1.9470348369119315
2026-03-23 20:00:00,0.5504961774831022,0.0,0.5504961774831022,1.8575452974857847,0.0,2.019070975528027
2026-03-23 21:00:00,0.44238024533988807,0.0,0.44238024533988807,1.9094891941959853,0.0,2.075531732821723
2026-03-23 22:00:00,0.37902300815387113,0.0,0.37902300815387113,1.9471037400895785,0.0,2.11641710879302
2026-03-23 23:00:00,0.31375965890683694,0.0,0.31375965890683694,1.9847182859831722,0.0,2.1573024847643176
2026-03-24 00:00:00,0.259730738740044,0.0,0.259730738740044,2.0420356892496003,0.0,2.2196040100539136
2026-03-24 01:00:00,0.22603443274784085,0.0,0.22603443274784085,2.149505820374153,0.0,2.3364193699719054
2026-03-24 02:00:00,0.2081774356842568,0.0,0.2081774356842568,2.2927993285402235,0.0,2.492173183195895
2026-03-24 03:00:00,0.20234520361085473,0.0,0.20234520361085473,2.3142933547651343,0.0,2.5155362551794935
2026-03-24 04:00:00,0.20379570655514437,0.0,0.20379570655514437,2.183538028563595,0.0,2.373410900612603
2026-03-24 05:00:00,0.22589031151607514,0.0,0.22589031151607514,2.0832325728473458,0.0,2.2643832313558105
2026-03-24 06:00:00,0.2752818065504739,0.00812998655900691,0.267151819991467,2.2157790679009604,0.0,2.4084555085880006
2026-03-24 07:00:00,0.31343653627713686,0.1021272468873003,0.21130928938983656,2.076067897439042,0.0,2.2565955406946108
2026-03-24 08:00:00,0.28418704320857524,0.11344528435540092,0.17074175885317433,1.945312571237503,0.0,2.1144701861277206
2026-03-24 09:00:00,0.255321097337794,0.2881121079450314,-0.03279101060723738,1.7536575040653837,0.0,1.9061494609406344
2026-03-24 10:00:00,0.23076714544378205,0.3634834777184764,-0.13271633227469434,1.5852876319702511,0.0,1.7231387304024468
2026-03-24 11:00:00,0.21842624552321352,0.5113030760306673,-0.2928768305074537,1.465279318881167,0.0,1.5926949118273552
2026-03-24 12:00:00,0.20910257817632458,0.523023045418539,-0.31392046724221434,1.431247110691725,0.0,1.5557033811866576
2026-03-24 13:00:00,0.19744741373324895,0.48460200781496243,-0.2871545940817135,1.3828855516856764,0.0,1.5031364692235611
2026-03-24 14:00:00,0.20033214932131987,0.4052661277419568,-0.20493397842063693,1.3793032139815247,0.0,1.4992426238929617
2026-03-24 15:00:00,0.23319627502628112,0.29552044401172195,-0.062324168985440825,1.3828855516856764,0.0,1.5031364692235611
2026-03-24 16:00:00,0.3496851645954082,0.14590128687691953,0.2037838777184887,1.4437852926562564,0.0,1.569331839843757
2026-03-24 17:00:00,0.5111931189379528,0.03473057179476885,0.476462547143184,1.5530465926328851,0.0,1.6880941224270491
2026-03-24 18:00:00,0.5799455774091142,0.0,0.5799455774091142,1.674846074574045,0.0,1.82048486366744
2026-03-24 19:00:00,0.581277530483688,0.0,0.581277530483688,1.7590310106216112,0.0,1.9119902289365338
2026-03-24 20:00:00,0.5366071450544996,0.0,0.5366071450544996,1.7769426991423705,0.0,1.931459455589533
2026-03-24 21:00:00,0.438017113099795,0.0,0.438017113099795,1.7232076335800937,0.0,1.8730517756305365
2026-03-24 22:00:00,0.37833262446146254,0.0,0.37833262446146254,1.6175286713076167,0.0,1.7581833383778442
2026-03-24 23:00:00,0.31372711566245154,0.0,0.31372711566245154,1.57274945000572,0.0,1.7095102717453476
2026-03-25 00:00:00,0.25869632491928657,0.0,0.25869632491928657,1.6658902303136653,0.0,1.8107502503409405
2026-03-25 01:00:00,0.22537659209316732,0.0,0.22537659209316732,1.735745815544625,0.0,1.8866802342876359
2026-03-25 02:00:00,0.20680131745876362,0.0,0.20680131745876362,1.7393281532487765,0.0,1.8905740796182353
2026-03-25 03:00:00,0.200250807163489,0.0,0.200250807163489,1.7375369843967006,0.0,1.8886271569529354
2026-03-25 04:00:00,0.20124570342951245,0.0,0.20124570342951245,1.7536575040653837,0.0,1.9061494609406344
2026-03-25 05:00:00,0.22141327744652883,0.0,0.22141327744652883,1.8253042581484191,0.0,1.9840263675526293
2026-03-25 06:00:00,0.2730967535681082,0.008696345173229862,0.26440040839487833,1.855754128633709,0.0,2.017124052862727
2026-03-25 07:00:00,0.310765657217563,0.12438879435280571,0.1863768628647573,1.7464928286570802,0.0,1.8983617702794349
2026-03-25 08:00:00,0.2895055550711134,0.27258292013569235,0.016922634935421066,1.6551432172012104,0.0,1.7990687143491417
2026-03-25 09:00:00,0.26272470828002453,0.3904859948740095,-0.12776128659398495,1.57274945000572,0.0,1.7095102717453476
2026-03-25 10:00:00,0.2451117865447563,0.4091849639597253,-0.16407317741496902,1.4831910074019259,0.0,1.612164138480354
2026-03-25 11:00:00,0.23900293666868674,0.4120715659289907,-0.17306862926030395,1.4061707467626632,0.0,1.52844646387246
2026-03-25 12:00:00,0.23745247928808272,0.5231235283984818,-0.28567104911039903,1.3757208762773732,0.0,1.495348778562362
2026-03-25 13:00:00,0.22833104604130097,0.29168382114117936,-0.06335277509987838,1.3649738631649178,0.0,1.4836672425705628
2026-03-25 14:00:00,0.23016509589210787,0.17949000662688402,0.05067508926522385,1.3828855516856764,0.0,1.5031364692235611
2026-03-25 15:00:00,0.2556976707368302,0.19339319712442168,0.06230447361240851,1.3936325647981318,0.0,1.5148180052153606
2026-03-25 16:00:00,0.3651293049083165,0.09685645784848346,0.26827284705983306,1.4545323057687118,0.0,1.5810133758355562
2026-03-25 17:00:00,0.5020949322532925,0.025522676905466637,0.4765722553478259,1.524387890999671,0.0,1.656943359782251
2026-03-25 18:00:00,0.5666795182026284,0.0,0.5666795182026284,1.630066853272148,0.0,1.7718117970349436
2026-03-25 19:00:00,0.5764192750881402,0.0,0.5764192750881402,1.6730549057219688,0.0,1.81853794100214
2026-03-25 20:00:00,0.5341756924730678,0.0,0.5341756924730678,1.6999224385031075,0.0,1.8477417809816385
2026-03-25 21:00:00,0.4334866146639372,0.0,0.4334866146639372,1.717834127023866,0.0,1.8672110076346369
2026-03-25 22:00:00,0.37517592026457913,0.0,0.37517592026457913,1.7429104909529283,0.0,1.894467924948835
2026-03-25 23:00:00,0.31501257731020843,0.0,0.31501257731020843,1.782316205698598,0.0,1.9373002235854324
2026-03-26 00:00:00,0.2596075384307019,0.0,0.2596075384307019,1.8199307515921912,0.0,1.9781855995567295
2026-03-26 01:00:00,0.22478848730994075,0.0,0.22478848730994075,1.8145572450359637,0.0,1.97234483156083
2026-03-26 02:00:00,0.20549725852997955,0.0,0.20549725852997955,1.8270954270004947,0.0,1.985973290217929
2026-03-26 03:00:00,0.19970686790322217,0.0,0.19970686790322217,1.805601400775584,0.0,1.9626102182343306
2026-03-26 04:00:00,0.20168271358647594,0.0,0.20168271358647594,1.8073925696276598,0.0,1.96455714089963
2026-03-26 05:00:00,0.22275917686677518,0.0,0.22275917686677518,1.775151530290294,0.0,1.9295125329242326
2026-03-26 06:00:00,0.27334315313546775,0.01204882277677541,0.2612943303586923,1.7554486729174594,0.0,1.9080963836059341
2026-03-26 07:00:00,0.32284621040776124,0.13472027165419542,0.1881259387535658,1.7142517893197142,0.0,1.8633171623040372
2026-03-26 08:00:00,0.30474513528453173,0.22625113156571142,0.07849400371882032,1.6443962040887545,0.0,1.7873871783573418
2026-03-26 09:00:00,0.2796077272138449,0.20448286418356143,0.07512486303028348,1.554837761484961,0.0,1.6900410450923486
2026-03-26 10:00:00,0.25420300029690734,0.1983899416724855,0.055813058624421846,1.4724439942894705,0.0,1.6004826024885548
2026-03-26 11:00:00,0.2412321553611831,0.16766955425906951,0.07356260110211357,1.3810943828336009,0.0,1.5011895465582616
2026-03-26 12:00:00,0.23809172239994122,0.23895766112029412,-0.000865938720352899,1.3542268500524623,0.0,1.4719857065787634
2026-03-26 13:00:00,0.2284286749716011,0.287472670799941,-0.059043995828339885,1.3291504861234003,0.0,1.4447287892645655
2026-03-26 14:00:00,0.23036500405988253,0.26871889281607453,-0.038353888756192,1.3524356812003866,0.0,1.4700387839134637
2026-03-26 15:00:00,0.2561765221595787,0.043362973253489666,0.21281354890608903,1.3990060713543593,0.0,1.52065877321126
2026-03-26 16:00:00,0.3590669444740472,0.08561149891125029,0.2734554455627969,1.4778175008456984,0.0,1.6063233704844546
2026-03-26 17:00:00,0.4882454138714015,0.015629670789281826,0.4726157430821197,1.554837761484961,0.0,1.6900410450923486
2026-03-26 18:00:00,0.562214106219976,0.0,0.562214106219976,1.674846074574045,0.0,1.82048486366744
2026-03-26 19:00:00,0.5718678561865231,0.0,0.5718678561865231,1.7232076335800937,0.0,1.8730517756305365
2026-03-26 20:00:00,0.5377182671828343,0.0,0.5377182671828343,1.7303723089883971,0.0,1.8808394662917358
2026-03-26 21:00:00,0.43974423545576524,0.0,0.43974423545576524,1.7769426991423705,0.0,1.931459455589533
2026-03-26 22:00:00,0.38322807337083187,0.0,0.38322807337083187,1.8217219204442672,0.0,1.9801325222220296
2026-03-26 23:00:00,0.32517307418247643,0.0,0.32517307418247643,1.8611276351899366,0.0,2.022964820858627
2026-03-27 00:00:00,0.2682826642269413,0.0,0.2682826642269413,1.8897863368231502,0.0,2.054115583503424
2026-03-27 01:00:00,0.23204100379511053,0.0,0.23204100379511053,1.9059068564918333,0.0,2.071637887491123
2026-03-27 02:00:00,0.21324954823151873,0.0,0.21324954823151873,1.9094891941959853,0.0,2.075531732821723
2026-03-27 03:00:00,0.20489288245791457,0.0,0.20489288245791457,1.925609713864668,0.0,2.0930540368094217
2026-03-27 04:00:00,0.2061225558057241,0.0,0.2061225558057241,1.9291920515688201,0.0,2.096947882140022
2026-03-27 05:00:00,0.22415156718260298,0.0,0.22415156718260298,1.9166538696042887,0.0,2.0833194234829224
2026-03-27 06:00:00,0.27222505707096323,0.015145525522284781,0.25707953154867846,1.8826216614148472,0.0,2.0463278928422253
2026-03-27 07:00:00,0.3273929807816508,0.11793961400375082,0.2094533667779,1.735745815544625,0.0,1.8866802342876359
2026-03-27 08:00:00,0.3223045948229794,0.2698790144935957,0.052425580329383714,1.4419941238041805,0.0,1.5673849171784568
2026-03-27 09:00:00,0.30157215976943913,0.35937281035718077,-0.05780065058774164,1.2575037320403648,0.0,1.3668518826525704
2026-03-27 10:00:00,0.2805631072436048,0.4648525348480266,-0.1842894276044218,1.162571782880343,0.0,1.2636649813916772
2026-03-27 11:00:00,0.2705165112283714,0.5045250422927086,-0.23400853106433717,1.117792561578446,0.0,1.2149919147591803
2026-03-27 12:00:00,0.2693542476164662,0.5184373676066046,-0.24908311999013844,1.0819691845369286,0.0,1.1760534614531832
2026-03-27 13:00:00,0.26251549784559325,0.47447149647345827,-0.21195599862786502,1.0873426910931563,0.0,1.1818942294490828
2026-03-27 14:00:00,0.2635289901341925,0.39474281929704,-0.13121382916284752,1.0980897042056115,0.0,1.193575765440882
2026-03-27 15:00:00,0.28159751822493156,0.29396752523078806,-0.012370007005856498,1.1715276271407227,0.0,1.2733995947181767
2026-03-27 16:00:00,0.37446923994586495,0.14903452888786264,0.2254347110580023,1.2395920435196062,0.0,1.3473826559995719
2026-03-27 17:00:00,0.498615114268566,0.0042933636884643234,0.49432175058010164,1.3381063303837797,0.0,1.4544634025910648
2026-03-27 18:00:00,0.5630950992352853,0.0,0.5630950992352853,1.465279318881167,0.0,1.5926949118273552
2026-03-27 19:00:00,0.5670816599826971,0.0,0.5670816599826971,1.538717241816278,0.0,1.6725187411046498
2026-03-27 20:00:00,0.5262699854456622,0.0,0.5262699854456622,1.5745406188577957,0.0,1.7114571944106474
2026-03-27 21:00:00,0.43063674799363194,0.0,0.43063674799363194,1.5978258139347823,0.0,1.736767189059546
2026-03-27 22:00:00,0.38336754462731887,0.0,0.38336754462731887,1.5942434762306306,0.0,1.7328733437289463
2026-03-27 23:00:00,0.33359947501140974,0.0,0.33359947501140974,1.6049904893430857,0.0,1.7445548797207453
2026-03-28 00:00:00,0.28259940992898636,0.0,0.28259940992898636,1.5888699696744026,0.0,1.7270325757330465
2026-03-28 01:00:00,0.24530241579664017,0.0,0.24530241579664017,1.5745406188577957,0.0,1.7114571944106474
2026-03-28 02:00:00,0.22090885597269302,0.0,0.22090885597269302,1.5584200991891128,0.0,1.6939348904229488
2026-03-28 03:00:00,0.20980227799583995,0.0,0.20980227799583995,1.569167112301568,0.0,1.7056164264147478
2026-03-28 04:00:00,0.20489753085728166,0.0,0.20489753085728166,1.5476730860766574,0.0,1.6822533544311495
2026-03-28 05:00:00,0.21452571120499828,0.0,0.21452571120499828,1.5530465926328851,0.0,1.6880941224270491
2026-03-28 06:00:00,0.24278030577654947,0.011957474613191061,0.23082283116335842,1.565584774597416,0.0,1.7017225810841479
2026-03-28 07:00:00,0.26743653256247474,0.04567408179217366,0.22176245077030107,1.5136408778872157,0.0,1.6452618237904517
2026-03-28 08:00:00,0.2959561182661369,0.09747762536085701,0.19847849290527986,1.4330382795438013,0.0,1.557650303851958
2026-03-28 09:00:00,0.306044550050245,0.13079230062006847,0.17525224943017653,1.3130299664547174,0.0,1.4272064852768667
2026-03-28 10:00:00,0.2996311845510157,0.07874211700970737,0.2208890675413083,1.212724510738468,0.0,1.3181788160200738
2026-03-28 11:00:00,0.2996404820018836,0.12347531271696224,0.17616516928492135,1.1070455484659911,0.0,1.2033103787673816
2026-03-28 12:00:00,0.3024322361490511,0.12395945798395928,0.17847277816509183,1.0371899632350314,0.0,1.1273803948206864
2026-03-28 13:00:00,0.291116451711008,0.13239089348279456,0.1587255582282134,0.9565873648916172,0.0,1.0397688748821925
2026-03-28 14:00:00,0.2842009932250685,0.22053273652533126,0.06366825669973722,0.9565873648916172,0.0,1.0397688748821925
2026-03-28 15:00:00,0.29640009807505313,0.14095021641064792,0.1554498816644052,0.9906195730810589,0.0,1.07676040552289
2026-03-28 16:00:00,0.3650154115465522,0.12360320014598035,0.24141221140057184,1.047936976347487,0.0,1.1390619308124859
2026-03-28 17:00:00,0.469384237234792,0.032227632112557726,0.43715660512223425,1.1357042500992052,0.0,1.2344611414121793
2026-03-28 18:00:00,0.5251867751461775,0.0,0.5251867751461775,1.2592949008924408,0.0,1.3687988053178706
2026-03-28 19:00:00,0.5293941672260714,0.0,0.5293941672260714,1.42050009757927,0.0,1.5440218451948589
2026-03-28 20:00:00,0.48633235234415745,0.0,0.48633235234415745,1.54229957952043,0.0,1.6764125864352497
2026-03-28 21:00:00,0.43884929114274296,0.0,0.43884929114274296,1.6443962040887545,0.0,1.7873871783573418
2026-03-28 22:00:00,0.3904852362969566,0.0,0.3904852362969566,1.5584200991891128,0.0,1.6939348904229488
2026-03-28 23:00:00,0.3337598668455816,0.0,0.3337598668455816,1.6031993204910098,0.0,1.7426079570554454
2026-03-29 00:00:00,0.28458920178129543,0.0,0.28458920178129543,2.0706943908828146,0.0,2.250754772698712
2026-03-29 01:00:00,0.25082083630102847,0.0,0.25082083630102847,2.085023741699421,0.0,2.26633015402111
2026-03-29 02:00:00,0.22887732567447025,0.0,0.22887732567447025,2.0724855597348903,0.0,2.2527016953640113
2026-03-29 03:00:00,0.21965593745725612,0.0,0.21965593745725612,2.0832325728473458,0.0,2.2643832313558105
2026-03-29 04:00:00,0.21582744538943352,0.0,0.21582744538943352,2.1083089367764076,0.0,2.2916401486700084
2026-03-29 05:00:00,0.2247605932607702,0.0,0.2247605932607702,2.1441323138179254,0.0,2.330578601976006
2026-03-29 06:00:00,0.24810811614096678,0.028317930711147667,0.21979018542981912,2.153088158078305,0.0,2.3403132153025052
2026-03-29 07:00:00,0.2741683548109425,0.12683692513686623,0.14733142967407625,1.972180104018641,0.0,2.1436740261072185
2026-03-29 08:00:00,0.30056564920843626,0.2798268295079311,0.020738819700505173,1.7196252958759422,0.0,1.869157930299937
2026-03-29 09:00:00,0.3165351284955301,0.4036766696955892,-0.08714154120005907,1.4545323057687118,0.0,1.5810133758355562
2026-03-29 10:00:00,0.31201857496383684,0.47843600677301906,-0.16641743180918223,1.1983951599218607,0.0,1.3026034346976747
2026-03-29 11:00:00,0.31237887409708476,0.5163820339259568,-0.20400315982887207,1.0067400927497416,0.0,1.0942827095105887
2026-03-29 12:00:00,0.29673017518675937,0.5091472593700767,-0.21241708418331728,0.8938964550689611,0.0,0.9716265815966968
2026-03-29 13:00:00,0.278489633590812,0.4786735119983383,-0.20018387840752627,0.8150850255776223,0.0,0.8859619843235025
2026-03-29 14:00:00,0.2736058088267853,0.40694693395190884,-0.13334112512512353,0.7792616485361048,0.0,0.8470235310175053
2026-03-29 15:00:00,0.29067246761049437,0.3033489816309005,-0.012676514020406149,0.763141128867422,0.0,0.8295012270298066
2026-03-29 16:00:00,0.39024347307804175,0.17155185121140426,0.2186916218666375,0.7703058042757253,0.0,0.8372889176910058
2026-03-29 17:00:00,0.4678454012849729,0.04738229245120095,0.4204631088337719,0.8526995714712161,0.0,0.9268473602948001
2026-03-29 18:00:00,0.5115627379420596,0.0,0.5115627379420596,1.0425634697912591,0.0,1.133221162816586
2026-03-29 19:00:00,0.5311143145555183,0.0,0.5311143145555183,1.3363151615317035,0.0,1.4525164799257646
2026-03-29 20:00:00,0.49412648121031977,0.0,0.49412648121031977,1.4688616565853188,0.0,1.5965887571579551
2026-03-29 21:00:00,0.4360668346475962,0.0,0.4360668346475962,1.5494642549287334,0.0,1.6842002770964493
2026-03-29 22:00:00,0.3627373878695191,0.0,0.3627373878695191,1.5906611385264786,0.0,1.7289794983983462
2026-03-29 23:00:00,0.3036317059360976,0.0,0.3036317059360976,1.612155164751389,0.0,1.7523425703819444
2026-03-30 00:00:00,0.25438665627155427,0.0,0.25438665627155427,1.6246933467159201,0.0,1.7659710290390436
2026-03-30 01:00:00,0.22751980328118593,0.0,0.22751980328118593,1.6354403598283755,0.0,1.777652565030843
2026-03-30 02:00:00,0.21665032699533165,0.0,0.21665032699533165,1.6354403598283755,0.0,1.777652565030843
2026-03-30 03:00:00,0.21309612912887807,0.0,0.21309612912887807,1.662307892609514,0.0,1.8068564050103413
2026-03-30 04:00:00,0.2209669689966497,0.0,0.2209669689966497,1.6909665942427279,0.0,1.838007167655139
2026-03-30 05:00:00,0.2536660544151079,0.0,0.2536660544151079,1.7232076335800937,0.0,1.8730517756305365
2026-03-30 06:00:00,0.33648884619442004,0.023668309184704386,0.3128205370097157,1.6838019188344246,0.0,1.83021947699394
2026-03-30 07:00:00,0.3156890004174349,0.10662157653565019,0.20906742388178473,1.5745406188577957,0.0,1.7114571944106474
2026-03-30 08:00:00,0.2854864532269218,0.2304714167233083,0.0550150365036135,1.2485478877799856,0.0,1.3571172693260711
2026-03-30 09:00:00,0.2616089375200211,0.3775054208286737,-0.1158964833086526,1.0389811320871072,0.0,1.1293273174859861
2026-03-30 10:00:00,0.2478384539290218,0.39640535587427517,-0.14856690194525338,0.8795671042523541,0.0,0.9560512002742979
2026-03-30 11:00:00,0.24352413489585956,0.49654121279543667,-0.2530170778995771,0.7111972321572214,0.0,0.7730404697361102
2026-03-30 12:00:00,0.23247799507604233,0.4982037493726718,-0.2657257542966295,0.6216387895534274,0.0,0.6756943364711168
2026-03-30 13:00:00,0.224741978409804,0.46678911591601474,-0.24204713750621074,0.5320803469496334,0.0,0.5783482032061232
2026-03-30 14:00:00,0.2279777161114893,0.40114632556430274,-0.17316860945281345,0.6019359321805927,0.0,0.6542781871528182
2026-03-30 15:00:00,0.26211103175728,0.29898253941156877,-0.03687150765428876,0.6556709977428691,0.0,0.7126858671118143
2026-03-30 16:00:00,0.3947530396653577,0.16879313667115695,0.22595990299420074,0.7613499600153463,0.0,0.8275543043645067
2026-03-30 17:00:00,0.49726689025729603,0.04852414449600529,0.44874274576129075,0.908225805885568,0.0,0.9872019629190957
2026-03-30 18:00:00,0.5706079620647914,0.0,0.5706079620647914,1.14645126321166,0.0,1.246142677403978
2026-03-30 19:00:00,0.5937834704678842,0.0,0.5937834704678842,1.2951182779339583,0.0,1.4077372586238677
2026-03-30 20:00:00,0.4952097124891113,0.0,0.4952097124891113,1.4258736041354976,0.0,1.5498626131907582
2026-03-30 21:00:00,0.4360319690550055,0.0,0.4360319690550055,1.4706528254373947,0.0,1.598535679823255
2026-03-30 22:00:00,0.3690600940297665,0.0,0.3690600940297665,1.5225967221475951,0.0,1.6549964371169512
2026-03-30 23:00:00,0.28863619906967486,0.0,0.28863619906967486,1.540508410668354,0.0,1.67446566376995
2026-03-31 00:00:00,0.24619968200771183,0.0,0.24619968200771183,1.524387890999671,0.0,1.656943359782251
2026-03-31 01:00:00,0.221434198751488,0.0,0.221434198751488,1.5476730860766574,0.0,1.6822533544311495
2026-03-31 02:00:00,0.21017187758378914,0.0,0.21017187758378914,1.5440907483725057,0.0,1.6783595091005497
2026-03-31 03:00:00,0.20911886793934223,0.0,0.20911886793934223,1.5620024368932646,0.0,1.6978287357535484
2026-03-31 04:00:00,0.21782653643278538,0.0,0.21782653643278538,1.5817052942660992,0.0,1.719244885071847
2026-03-31 05:00:00,0.25526300278454156,0.0,0.25526300278454156,1.6211110090117686,0.0,1.7620771837084441
2026-03-31 06:00:00,0.33799048805943255,0.027523201687963843,0.3104672863714687,1.6479785417929067,0.0,1.791281023687942
2026-03-31 07:00:00,0.3177903681652845,0.11517176464714508,0.20261860351813943,1.6049904893430857,0.0,1.7445548797207453
2026-03-31 08:00:00,0.2897984433550094,0.2926612464915319,-0.002862803136522485,1.554837761484961,0.0,1.6900410450923486
2026-03-31 09:00:00,0.26241786862470445,0.4110758709459213,-0.14865800232121684,1.4688616565853188,0.0,1.5965887571579551
2026-03-31 10:00:00,0.24338001327632858,0.41824670178729256,-0.17486668851096399,1.3990060713543593,0.0,1.52065877321126
2026-03-31 11:00:00,0.23988160446254983,0.4648159955825928,-0.22493439112004296,1.325568148419248,0.0,1.4408349439339654
2026-03-31 12:00:00,0.22384238691694158,0.4582663322535952,-0.23442394533665362,1.2700419140048962,0.0,1.3804803413096698
2026-03-31 13:00:00,0.21364702367786545,0.4877261150095471,-0.2740790913316816,1.2467567189279094,0.0,1.3551703466607712
2026-03-31 14:00:00,0.22215943232901592,0.4268242943478628,-0.20466486201884687,1.2485478877799856,0.0,1.3571172693260711
2026-03-31 15:00:00,0.2755886249222634,0.3023532866478312,-0.026764661725567795,1.2969094467860343,0.0,1.4096841812891676
2026-03-31 16:00:00,0.43133175763008386,0.1878666332275687,0.24346512440251517,1.3936325647981318,0.0,1.5148180052153606
2026-03-31 17:00:00,0.5106445295356572,0.05544833529569882,0.4551961942399584,1.5225967221475951,0.0,1.6549964371169512
2026-03-31 18:00:00,0.5620351155760762,0.0,0.5620351155760762,1.6909665942427279,0.0,1.838007167655139
2026-03-31 19:00:00,0.571493606800796,0.0,0.571493606800796,1.791272049958977,0.0,1.9470348369119315
2026-03-31 20:00:00,0.47687153918331304,0.0,0.47687153918331304,1.896951012231454,0.0,2.0619032741646235
2026-03-31 21:00:00,0.4251764399967838,0.0,0.4251764399967838,1.9954652990956274,0.0,2.168984020756117
2026-03-31 22:00:00,0.3616983251012017,0.0,0.3616983251012017,2.085023741699421,0.0,2.26633015402111
2026-03-31 23:00:00,0.29206487238763806,0.0,0.29206487238763806,2.1512969892262293,0.0,2.3383662926372057
2026-04-01 00:00:00,0.24648792272709402,0.0,0.24648792272709402,2.2175702367530365,0.0,2.4104024312533006
2026-04-01 01:00:00,0.21943743189677245,0.0,0.21943743189677245,2.271305302315313,0.0,2.4688101112122967
2026-04-01 02:00:00,0.20585291083990048,0.0,0.20585291083990048,2.3053375105047547,0.0,2.5058016418529943
2026-04-01 03:00:00,0.20431175081080263,0.0,0.20431175081080263,2.330413874433817,0.0,2.533058559167192
2026-04-01 04:00:00,0.21094594349263165,0.0,0.21094594349263165,2.351907900658728,0.0,2.556421631150791
2026-04-01 05:00:00,0.2467017788820633,0.0,0.2467017788820633,2.3751930957357144,0.0,2.5817316257996894
2026-04-01 06:00:00,0.3392341092342419,0.04422164599118253,0.2950124632430594,2.3751930957357144,0.0,2.5817316257996894
2026-04-01 07:00:00,0.33528241530974473,0.1725110069290399,0.16277140838070484,2.299964003948527,0.0,2.499960873857095
2026-04-01 08:00:00,0.31259505523997855,0.3222763211255773,-0.009681265885598755,2.1298029630013184,0.0,2.315003220653607
2026-04-01 09:00:00,0.2783896776253205,0.42845942647602264,-0.15006974885070212,1.9112803630480613,0.0,2.077478655487023
2026-04-01 10:00:00,0.2594726974922827,0.5013095869345396,-0.24183688944225695,1.6712637368698933,0.0,1.8165910183368406
2026-04-01 11:00:00,0.2601003186784178,0.5459422996618517,-0.2858419809834339,1.4294559418396493,0.0,1.553756458521358
2026-04-01 12:00:00,0.24576265253434712,0.5424893390783634,-0.29672668654401624,1.2055598353301642,0.0,1.3103911253588743
2026-04-01 13:00:00,0.23272904511021358,0.50615103960451,-0.27342199449429644,1.017487105862197,0.0,1.1059642455023881
2026-04-01 14:00:00,0.23415165472352947,0.4288156843140016,-0.1946640295904721,0.8831494419565059,0.0,0.9599450456048977
2026-04-01 15:00:00,0.28664638785969265,0.3244047333370926,-0.037758345477399924,0.8007556747610154,0.0,0.8703866030011036
2026-04-01 16:00:00,0.43777301500191446,0.1865055455901619,0.2512674694117526,0.7792616485361048,0.0,0.8470235310175053
2026-04-01 17:00:00,0.5018229623958147,0.05720222003651828,0.44462074235929644,0.8598642468795193,0.0,0.9346350509559993
2026-04-01 18:00:00,0.5483134516521194,0.0,0.5483134516521194,1.0748045091286254,0.0,1.168265770791984
2026-04-01 19:00:00,0.5673629278838435,0.0,0.5673629278838435,1.3201946418630206,0.0,1.434994175938066
2026-04-01 20:00:00,0.47608352573678075,0.0,0.47608352573678075,1.4581146434728633,0.0,1.584907221166156
2026-04-01 21:00:00,0.4234446696251092,0.0,0.4234446696251092,1.5494642549287334,0.0,1.6842002770964493
2026-04-01 22:00:00,0.3645528419939877,0.0,0.3645528419939877,1.6193198401596927,0.0,1.7601302610431442
2026-04-01 23:00:00,0.29752053164429737,0.0,0.29752053164429737,1.674846074574045,0.0,1.82048486366744
2026-04-02 00:00:00,0.2504884296310086,0.0,0.2504884296310086,1.7142517893197142,0.0,1.8633171623040372
2026-04-02 01:00:00,0.2211529310535982,0.0,0.2211529310535982,1.7267899712842454,0.0,1.8769456209611364
2026-04-02 02:00:00,0.20839129152269534,0.0,0.20839129152269534,1.7160429581717904,0.0,1.8652640849693372
2026-04-02 03:00:00,0.20600400476649303,0.0,0.20600400476649303,1.6820107499823485,0.0,1.8282725543286396
2026-04-02 04:00:00,0.2130310418882976,0.0,0.2130310418882976,1.658725554905362,0.0,1.8029625596797414
2026-04-02 05:00:00,0.24990032459426934,0.0,0.24990032459426934,1.6658902303136653,0.0,1.8107502503409405
2026-04-02 06:00:00,0.34188639182615144,0.012980574045335752,0.3289058177808157,1.6479785417929067,0.0,1.791281023687942
2026-04-02 07:00:00,0.3494341190863221,0.07966473346190929,0.2697693856244128,1.461696981177015,0.0,1.5888010664967556
2026-04-02 08:00:00,0.3345339149178748,0.2689838024904691,0.06555011242740572,1.1912304845135573,0.0,1.2948157440364754
2026-04-02 09:00:00,0.29704398477067556,0.3547505932798128,-0.057706608509137225,0.9333021698146307,0.0,1.0144588802332941
2026-04-02 10:00:00,0.267954886276727,0.42724449590035074,-0.15928960962362376,0.6843296993760831,0.0,0.743836629756612
2026-04-02 11:00:00,0.25745965970011564,0.42645890169352546,-0.16899924199340982,0.5589478797307716,0.0,0.6075520431856214
2026-04-02 12:00:00,0.2465878579476128,0.1551822602970892,0.09140559765052358,0.5374538535058613,0.0,0.5841889712020231
2026-04-02 13:00:00,0.24606948904171416,0.07538963940616183,0.17067984963555233,0.5768595682515304,0.0,0.6270212698386199
2026-04-02 14:00:00,0.25817793732553856,0.40103670776800154,-0.14285877044246298,0.6234299584055032,0.0,0.6776412591364166
2026-04-02 15:00:00,0.31144441255054284,0.1778731441314411,0.13357126841910175,0.6359681403700345,0.0,0.6912697177935156
2026-04-02 16:00:00,0.4565528464953741,0.0861139138109642,0.37043893268440986,0.7989645059089395,0.0,0.8684396803358038
2026-04-02 17:00:00,0.5214977349572711,0.021402874727812573,0.5000948602294586,1.1106278861701429,0.0,1.2072042240979812
2026-04-02 18:00:00,0.5582624143132373,0.0,0.5582624143132373,1.2449655500758336,0.0,1.3532234239954712
2026-04-02 19:00:00,0.5696037695399166,0.0,0.5696037695399166,1.325568148419248,0.0,1.4408349439339654
2026-04-02 20:00:00,0.48055126193014075,0.0,0.48055126193014075,1.3506445123483104,0.0,1.4680918612481635
2026-04-02 21:00:00,0.42859116712700257,0.0,0.42859116712700257,1.4419941238041805,0.0,1.5673849171784568
2026-04-02 22:00:00,0.369180970154889,0.0,0.369180970154889,1.5906611385264786,0.0,1.7289794983983462
2026-04-02 23:00:00,0.3031737751630946,0.0,0.3031737751630946,1.6999224385031075,0.0,1.8477417809816385
2026-04-03 00:00:00,0.2564601330264724,0.0,0.2564601330264724,1.7841073745506737,0.0,1.9392471462507321
2026-04-03 01:00:00,0.22756164501866352,0.0,0.22756164501866352,1.8485894532254052,0.0,2.0093363622015272
2026-04-03 02:00:00,0.2124243416838384,0.0,0.2124243416838384,1.9345655581250476,0.0,2.1027886501359214
2026-04-03 03:00:00,0.2080100697272907,0.0,0.2080100697272907,2.0097946499122346,0.0,2.1845594020785155
2026-04-03 04:00:00,0.21355870949157948,0.0,0.21355870949157948,2.0581562089182834,0.0,2.2371263140416127
2026-04-03 05:00:00,0.24521408319453245,0.0,0.24521408319453245,2.1280117941492427,0.0,2.3130562979883074
2026-04-03 06:00:00,0.32680255227542565,0.023924084042740563,0.3028784682326851,2.1298029630013184,0.0,2.315003220653607
2026-04-03 07:00:00,0.3429975107513364,0.18449588599130626,0.15850162476003013,1.991882961391476,0.0,2.165090175425517
2026-04-03 08:00:00,0.3452894895925254,0.2469506254339245,0.09833886415860094,1.8611276351899366,0.0,2.022964820858627
2026-04-03 09:00:00,0.32188152730423336,0.3867315853506928,-0.06485005804645944,1.705295945059335,0.0,1.853582548977538
2026-04-03 10:00:00,0.30256008053429445,0.2565878566920731,0.04597222384222133,1.4939380205143813,0.0,1.6238456744721534
2026-04-03 11:00:00,0.2978064263791642,0.28327979009141946,0.014526636287744754,1.3291504861234003,0.0,1.4447287892645655
2026-04-03 12:00:00,0.28471470468368737,0.05544833529569882,0.22926636938798856,1.2288450304071508,0.0,1.3357011200077726
2026-04-03 13:00:00,0.26820825728298403,0.08124505669191849,0.18696320059106553,1.1357042500992052,0.0,1.2344611414121793
2026-04-03 14:00:00,0.26652297701320504,0.26350291267540826,0.0030200643377967795,1.123166068134674,0.0,1.2208326827550804
2026-04-03 15:00:00,0.29603978746324067,0.31648484755432965,-0.020445060091088985,1.2610860697445165,0.0,1.37074572798317
2026-04-03 16:00:00,0.41946970587774296,0.16386033583760218,0.2556093700401408,1.465279318881167,0.0,1.5926949118273552
2026-04-03 17:00:00,0.49594191082280603,0.006604472227148311,0.4893374385956577,1.4760263319936224,0.0,1.6043764478191547
2026-04-03 18:00:00,0.5355494836935066,0.0,0.5355494836935066,1.5225967221475951,0.0,1.6549964371169512
2026-04-03 19:00:00,0.5457843673806887,0.0,0.5457843673806887,1.6945489319468796,0.0,1.8419010129857387
2026-04-03 20:00:00,0.45776394858403374,0.0,0.45776394858403374,1.7679868548819908,0.0,1.9217248422630335
2026-04-03 21:00:00,0.41266120046595073,0.0,0.41266120046595073,1.7894808811069014,0.0,1.9450879142466317
2026-04-03 22:00:00,0.36672394784457246,0.0,0.36672394784457246,1.8342601024087983,0.0,1.9937609808791286
2026-04-03 23:00:00,0.3072881831964432,0.0,0.3072881831964432,1.8933686745273022,0.0,2.058009428834024
2026-04-04 00:00:00,0.26144623776578974,0.0,0.26144623776578974,1.9650154286103374,0.0,2.1358863354460187
2026-04-04 01:00:00,0.23118325408924975,0.0,0.23118325408924975,2.061738546622435,0.0,2.2410201593722117
2026-04-04 02:00:00,0.21351454373887524,0.0,0.21351454373887524,2.1512969892262293,0.0,2.3383662926372057
2026-04-04 03:00:00,0.20713139934076832,0.0,0.20713139934076832,2.2175702367530365,0.0,2.4104024312533006
2026-04-04 04:00:00,0.20530664713677554,0.0,0.20530664713677554,2.2516024449424776,0.0,2.4473939618939973
2026-04-04 05:00:00,0.2215155562179129,0.0,0.2215155562179129,2.2695141334632374,0.0,2.466863188546997
2026-04-04 06:00:00,0.25552102308588615,0.0274592579734548,0.22806176511243134,2.2533936137945547,0.0,2.4493408845592985
2026-04-04 07:00:00,0.28694626446074983,0.1133356665590997,0.17361059790165012,2.0689032220307384,0.0,2.2488078500334114
2026-04-04 08:00:00,0.30451733947338594,0.18970273131561405,0.11481460815777189,1.8700834794503158,0.0,2.032699434185126
2026-04-04 09:00:00,0.30199290270554185,0.2384552462205802,0.06353765648496165,1.6640990614615896,0.0,1.8088033276756408
2026-04-04 10:00:00,0.2949216975662365,0.3116525297007177,-0.016730832134481233,1.45094996806456,0.0,1.5771195305049563
2026-04-04 11:00:00,0.2971392936497149,0.32723652640820733,-0.03009723275849241,1.3434798369400072,0.0,1.4603041705869644
2026-04-04 12:00:00,0.2873553717144589,0.3768385792345079,-0.08948320752004901,1.255712563188289,0.0,1.3649049599872707
2026-04-04 13:00:00,0.27690895917056635,0.3482374692162488,-0.07132851004568247,1.1518247697678878,0.0,1.2519834453998782
2026-04-04 14:00:00,0.2691032071819805,0.27296658242274663,-0.0038633752407661315,1.132121912395053,0.0,1.2305672960815792
2026-04-04 15:00:00,0.28970546795802316,0.1755985748581908,0.11410689309983235,1.180483471401102,0.0,1.2831342080446761
2026-04-04 16:00:00,0.38316762321590847,0.020306696764800406,0.36286092645110807,1.2503390566320611,0.0,1.3590641919913706
2026-04-04 17:00:00,0.4460413623839559,0.03475797624384415,0.4112833861401118,1.3488533434962349,0.0,1.466144938582864
2026-04-04 18:00:00,0.4763601383864638,0.0,0.4763601383864638,1.4796086696977742,0.0,1.6082702931497546
2026-04-04 19:00:00,0.4944123987297909,0.0,0.4944123987297909,1.57274945000572,0.0,1.7095102717453476
2026-04-04 20:00:00,0.4561530512564752,0.0,0.4561530512564752,1.6999224385031075,0.0,1.8477417809816385
2026-04-04 21:00:00,0.41280531978800317,0.0,0.41280531978800317,1.7966455565152049,0.0,1.9528756049078313
2026-04-04 22:00:00,0.3613310511482315,0.0,0.3613310511482315,1.8826216614148472,0.0,2.0463278928422253
2026-04-04 23:00:00,0.3056377705893489,0.0,0.3056377705893489,1.9524772466458065,0.0,2.12225787678892
2026-04-05 00:00:00,0.26071633629011143,0.0,0.26071633629011143,2.0062123122080826,0.0,2.180665556747916
2026-04-05 01:00:00,0.23098566893634237,0.0,0.23098566893634237,2.059947377770359,0.0,2.239073236706912
2026-04-05 02:00:00,0.21447689619525853,0.0,0.21447689619525853,2.0957707548118765,0.0,2.2780116900129093
2026-04-05 03:00:00,0.20711047847657407,0.0,0.20711047847657407,2.140549976113774,0.0,2.3266847566454065
2026-04-05 04:00:00,0.20713139919576457,0.0,0.20713139919576457,2.178164522007367,0.0,2.367570132616703
2026-04-05 05:00:00,0.2215457756348934,0.0,0.2215457756348934,2.213987899048885,0.0,2.406508585922701
2026-04-05 06:00:00,0.2486125370749779,0.05974169898416314,0.18887083809081476,2.197867379380202,0.0,2.388986281935002
2026-04-05 07:00:00,0.27291775988930705,0.1825044960251675,0.09041326386413956,1.9488949089416545,0.0,2.11836403145832
2026-04-05 08:00:00,0.29436381705860876,0.2858009994063474,0.008562817652261356,1.6838019188344246,0.0,1.83021947699394
2026-04-05 09:00:00,0.29365018500532525,0.44955171744764844,-0.1559015324423232,1.4778175008456984,0.0,1.6063233704844546
2026-04-05 10:00:00,0.28197874503680087,0.5012365084036722,-0.2192577633668713,1.341688668087931,0.0,1.458357247921664
2026-04-05 11:00:00,0.27692987600828717,0.5185743898519812,-0.24164451384369406,1.2324273681113025,0.0,1.339594965338372
2026-04-05 12:00:00,0.258280215869816,0.491672355676391,-0.23339213980657503,1.153615938619964,0.0,1.253930368065178
2026-04-05 13:00:00,0.24280120932078417,0.46007502589256516,-0.217273816571781,1.121374899282598,0.0,1.2188857600897804
2026-04-05 14:00:00,0.23929117817475815,0.35333469674425544,-0.11404351856949729,1.1267484058388255,0.0,1.2247265280856798
2026-04-05 15:00:00,0.2588381042558071,0.28648611063323004,-0.02764800637742293,1.1876481468094053,0.0,1.2909218987058755
2026-04-05 16:00:00,0.365619784231702,0.1940600387185874,0.1715597455131146,1.2646684074486683,0.0,1.37463957331377
2026-04-05 17:00:00,0.4205947912187047,0.06656540680391389,0.3540293844147908,1.363182694312842,0.0,1.4817203199052629
2026-04-05 18:00:00,0.4582637152016798,0.0,0.4582637152016798,1.4796086696977742,0.0,1.6082702931497546
2026-04-05 19:00:00,0.49093025942668184,0.0,0.49093025942668184,1.5924523073785544,0.0,1.730926421063646
2026-04-05 20:00:00,0.45756868491941993,0.0,0.45756868491941993,1.6031993204910098,0.0,1.7426079570554454
2026-04-05 21:00:00,0.4035839300399032,0.0,0.4035839300399032,1.5888699696744026,0.0,1.7270325757330465
2026-04-05 22:00:00,0.33679801942469434,0.0,0.33679801942469434,1.5799141254140234,0.0,1.7172979624065472
2026-04-05 23:00:00,0.2921183361884971,0.0,0.2921183361884971,1.5673759434494923,0.0,1.703669503749448
2026-04-06 00:00:00,0.24942844550286156,0.0,0.24942844550286156,1.5620024368932646,0.0,1.6978287357535484
2026-04-06 01:00:00,0.2210855191078372,0.0,0.2210855191078372,1.565584774597416,0.0,1.7017225810841479
2026-04-06 02:00:00,0.20559256355835018,0.0,0.20559256355835018,1.5763317877098715,0.0,1.7134041170759473
2026-04-06 03:00:00,0.19802391203973632,0.0,0.19802391203973632,1.583496463118175,0.0,1.7211918077371466
2026-04-06 04:00:00,0.19813781381311035,0.0,0.19813781381311035,1.596034645082706,0.0,1.7348202663942458
2026-04-06 05:00:00,0.21217329277366825,0.0,0.21217329277366825,1.5942434762306306,0.0,1.7328733437289463
2026-04-06 06:00:00,0.23371930798566978,0.0037909487887504132,0.22992835919691937,1.5888699696744026,0.0,1.7270325757330465
2026-04-06 07:00:00,0.2606907606979358,0.046569293795300254,0.21412146690263553,1.5351349041121263,0.0,1.6686248957740504
2026-04-06 08:00:00,0.28624657736279363,0.06529566733009146,0.22095091003270217,1.4867733451060774,0.0,1.6160579838109537
2026-04-06 09:00:00,0.28491694651446825,0.06044507984376262,0.22447186667070562,1.42050009757927,0.0,1.5440218451948589
2026-04-06 10:00:00,0.27521205445934654,0.05322857492059918,0.22198347953874736,1.3040741221943377,0.0,1.417471871950367
2026-04-06 11:00:00,0.2717973266243314,0.11720882869507604,0.1545884979292554,1.1786923025490263,0.0,1.2811872853793764
2026-04-06 12:00:00,0.25039310568420686,0.29985034696562,-0.049457241281413156,1.0300252878267282,0.0,1.119592704159487
2026-04-06 13:00:00,0.23374253836548958,0.3182204626624323,-0.08447792429694273,0.8903141173648095,0.0,0.9677327362660971
2026-04-06 14:00:00,0.23033711069474974,0.28417500209454605,-0.053837891399796306,0.8150850255776223,0.0,0.8859619843235025
2026-04-06 15:00:00,0.2499677197677408,0.2711852932328519,-0.021217573465111106,0.793590999352712,0.0,0.8625989123399044
2026-04-06 16:00:00,0.35245135369384417,0.17009941541041312,0.18235193828343105,0.7810528173881809,0.0,0.8489704536828053
2026-04-06 17:00:00,0.4064337880294182,0.06103884290706086,0.34539494512235736,0.8115026878734707,0.0,0.8820681389929029
2026-04-06 18:00:00,0.44223146935869806,0.0,0.44223146935869806,0.9333021698146307,0.0,1.0144588802332941
2026-04-06 19:00:00,0.47691337700489544,0.0,0.47691337700489544,1.1070455484659911,0.0,1.2033103787673816
2026-04-06 20:00:00,0.44559738433183504,0.0,0.44559738433183504,1.1894393156614813,0.0,1.2928688213711752
2026-04-06 21:00:00,0.3935326866610648,0.0,0.3935326866610648,1.2198891861467713,0.0,1.3259665066812731
2026-04-06 22:00:00,0.32660033078490464,0.0,0.32660033078490464,1.1858569779573296,0.0,1.2889749760405755
2026-04-06 23:00:00,0.269398434733397,0.0,0.269398434733397,1.180483471401102,0.0,1.2831342080446761
2026-04-07 00:00:00,0.22889824627192518,0.0,0.22889824627192518,1.1589894451761915,0.0,1.2597711360610775
2026-04-07 01:00:00,0.20534616430738178,0.0,0.20534616430738178,1.182274640253178,0.0,1.285081130709976
2026-04-07 02:00:00,0.19624332648209988,0.0,0.19624332648209988,1.2449655500758336,0.0,1.3532234239954712
2026-04-07 03:00:00,0.196345605378497,0.0,0.196345605378497,1.316612304158869,0.0,1.4311003306074663
2026-04-07 04:00:00,0.20729644019538557,0.0,0.20729644019538557,1.3828855516856764,0.0,1.5031364692235611
2026-04-07 05:00:00,0.24951212874607348,0.0,0.24951212874607348,1.438411786100029,0.0,1.5634910718478576
2026-04-07 06:00:00,0.32171416828278004,0.05815224093779549,0.26356192734498457,1.4097530844668147,0.0,1.5323403092030594
2026-04-07 07:00:00,0.290911893132676,0.1760918549415463,0.11482003819112971,1.167945289436571,0.0,1.2695057493875772
2026-04-07 08:00:00,0.26400087234545017,0.3201387740977036,-0.056137901752253416,0.9046434681814164,0.0,0.9833081175884961
2026-04-07 09:00:00,0.23635530275334427,0.42137080898187723,-0.18501550622853297,0.6664180108553244,0.0,0.7243674031036134
2026-04-07 10:00:00,0.21999762378993226,0.4973085373695451,-0.27731091357961285,0.4174455404167773,0.0,0.4537451526269318
2026-04-07 11:00:00,0.2240051038481626,0.5472394435847495,-0.3232343397365869,0.18101125194276102,0.0,0.19675136080734892
2026-04-07 12:00:00,0.21382368778118593,0.5491486202036622,-0.33532493242247624,0.1559348880136986,0.0,0.16949444349315065
2026-04-07 13:00:00,0.2074893594659825,0.5086631141030795,-0.30117375463709706,0.1559348880136986,0.0,0.16949444349315065
2026-04-07 14:00:00,0.21516958824775945,0.4337667547802732,-0.21859716653251376,0.1559348880136986,0.0,0.16949444349315065
2026-04-07 15:00:00,0.26927986579463253,0.330086589112039,-0.06080672331740644,0.1559348880136986,0.0,0.16949444349315065
2026-04-07 16:00:00,0.4182865261708251,0.1976500215474523,0.22063650462337284,0.1559348880136986,0.0,0.16949444349315065
2026-04-07 17:00:00,0.4654859942245192,0.07118762388128187,0.39429837034323734,0.1559348880136986,0.0,0.16949444349315065
2026-04-07 18:00:00,0.5091056963457012,0.0,0.5091056963457012,0.29743722732769295,0.0,0.3233013340518402
2026-04-07 19:00:00,0.5377089700465094,0.0,0.5377089700465094,0.47476294368320515,0.0,0.5160466779165273
2026-04-07 20:00:00,0.45417720719358934,0.0,0.45417720719358934,0.6323858026658826,0.0,0.687375872462916
2026-04-07 21:00:00,0.40428826332783346,0.0,0.40428826332783346,0.748811778050815,0.0,0.8139258457074077
2026-04-07 22:00:00,0.3414075509832371,0.0,0.3414075509832371,0.8473260649149882,0.0,0.9210065922989001
2026-04-07 23:00:00,0.27514698282720096,0.0,0.27514698282720096,0.927928663258403,0.0,1.0086181122373945
2026-04-08 00:00:00,0.23383321153428407,0.0,0.23383321153428407,1.001366586193514,0.0,1.088441941514689
2026-04-08 01:00:00,0.20956517626209314,0.0,0.20956517626209314,1.0962985353535355,0.0,1.1916288427755821
2026-04-08 02:00:00,0.19726844152126832,0.0,0.19726844152126832,1.180483471401102,0.0,1.2831342080446761
2026-04-08 03:00:00,0.19557618745522104,0.0,0.19557618745522104,1.2592949008924408,0.0,1.3687988053178706
2026-04-08 04:00:00,0.20398631699510697,0.0,0.20398631699510697,1.330941654975476,0.0,1.4466757119298652
2026-04-08 05:00:00,0.24484215896676828,0.0,0.24484215896676828,1.3846767205377521,0.0,1.505083391888861
2026-04-08 06:00:00,0.3255775279806045,0.06947027840589612,0.25610724957470843,1.3596003566086903,0.0,1.4778264745746634
2026-04-08 07:00:00,0.3090989725870336,0.19574997974489783,0.11334899284213579,1.1643629517324194,0.0,1.2656119040569775
2026-04-08 08:00:00,0.2843753294846227,0.33759540815867234,-0.05322007867404965,0.8831494419565059,0.0,0.9599450456048977
2026-04-08 09:00:00,0.25333362999299935,0.4347259104979088,-0.18139228050490946,0.614474114145124,0.0,0.6679066458099173
2026-04-08 10:00:00,0.23643666118315684,0.5114126938269685,-0.27497603264381165,0.386995669931487,0.0,0.42064746731683367
2026-04-08 11:00:00,0.2419039410321218,0.5526563896853012,-0.3107524486531794,0.20966995357597515,0.0,0.2279021234521469
2026-04-08 12:00:00,0.23400520668359678,0.5570959104355006,-0.32309070375190374,0.1559348880136986,0.0,0.16949444349315065
2026-04-08 13:00:00,0.22276148328375042,0.5183551542593788,-0.2955936709756284,0.1559348880136986,0.0,0.16949444349315065
2026-04-08 14:00:00,0.22570665623940178,0.4468478118055517,-0.22114115556614994,0.1559348880136986,0.0,0.16949444349315065
2026-04-08 15:00:00,0.279861099331492,0.3417882888671939,-0.06192718953570192,0.1559348880136986,0.0,0.16949444349315065
2026-04-08 16:00:00,0.42095275376845825,0.19531150855969298,0.22564124520876527,0.22758164209673387,0.0,0.24737135010514552
2026-04-08 17:00:00,0.45740362449263416,0.07434827034130027,0.3830553541513339,0.4299837223813081,0.0,0.46737361128403054
2026-04-08 18:00:00,0.4994658945731385,0.0,0.4994658945731385,0.6807473616719315,0.0,0.7399427844260125
2026-04-08 19:00:00,0.5315373573582706,0.0,0.5315373573582706,0.8688200911398989,0.0,0.9443696642824988
2026-04-08 20:00:00,0.4523942966262827,0.0,0.4523942966262827,1.0031577550455901,0.0,1.0903888641799893
2026-04-08 21:00:00,0.40633616979881637,0.0,0.40633616979881637,1.1160013927263701,0.0,1.2130449920938806
2026-04-08 22:00:00,0.3471770221622261,0.0,0.3471770221622261,1.2091421730343161,0.0,1.314284970689474
2026-04-08 23:00:00,0.28078163117279215,0.0,0.28078163117279215,1.2843712648215033,0.0,1.3960557226320687
2026-04-09 00:00:00,0.2357416463828767,0.0,0.2357416463828767,1.3703473697211452,0.0,1.4895080105664622
2026-04-09 01:00:00,0.21061586160644272,0.0,0.21061586160644272,1.4670704877332428,0.0,1.5946418344926552
2026-04-09 02:00:00,0.19905367660300496,0.0,0.19905367660300496,1.5637936057453405,0.0,1.6997756584188484
2026-04-09 03:00:00,0.19726379253156476,0.0,0.19726379253156476,1.6479785417929067,0.0,1.791281023687942
2026-04-09 04:00:00,0.20444424835250743,0.0,0.20444424835250743,1.7106694516155627,0.0,1.8594233169734375
2026-04-09 05:00:00,0.2460044213935258,0.0,0.2460044213935258,1.7661956860299148,0.0,1.9197779195977334
2026-04-09 06:00:00,0.33095647757309365,0.0738823947070201,0.2570740828660736,1.7679868548819908,0.0,1.9217248422630335
2026-04-09 07:00:00,0.3250103420903277,0.21005510216220663,0.11495523992812107,1.7536575040653837,0.0,1.9061494609406344
2026-04-09 08:00:00,0.3050659208757109,0.3403449878825612,-0.035279067006850295,1.689175425390652,0.0,1.8360602449898389
2026-04-09 09:00:00,0.2629153187412917,0.3984972288203567,-0.135581910079065,1.5297613975558986,0.0,1.6627841277781508
2026-04-09 10:00:00,0.23672722616796602,0.5465817368069421,-0.30985451063897607,1.356018018904538,0.0,1.4739326292440633
2026-04-09 11:00:00,0.23530694118753787,0.5852128751867626,-0.3499059339992247,1.1912304845135573,0.0,1.2948157440364754
2026-04-09 12:00:00,0.21770564212948873,0.5862177049861904,-0.3685120628567017,1.0049489238976659,0.0,1.092335786845289
2026-04-09 13:00:00,0.21833558897819522,0.5428730013654176,-0.3245374123872224,0.899269961625189,0.0,0.9774673495925967
2026-04-09 14:00:00,0.23191778580802994,0.47324743108142814,-0.2413296452733982,0.8473260649149882,0.0,0.9210065922989001
2026-04-09 15:00:00,0.2905050973421961,0.36126371734337676,-0.07075862000118066,0.8652377534357473,0.0,0.9404758189518992
2026-04-09 16:00:00,0.42729870727688885,0.22273422726771405,0.2045644800091748,0.9207639878500993,0.0,1.0008304215761947
2026-04-09 17:00:00,0.47609047495406287,0.08446964686644595,0.3916208280876169,1.0139047681580449,0.0,1.102070400171788
2026-04-09 18:00:00,0.5029015405484691,0.0,0.5029015405484691,1.1715276271407227,0.0,1.2733995947181767
2026-04-09 19:00:00,0.5248404035446135,0.0,0.5248404035446135,1.3649738631649178,0.0,1.4836672425705628
2026-04-09 20:00:00,0.4491213670351776,0.0,0.4491213670351776,1.4724439942894705,0.0,1.6004826024885548
2026-04-09 21:00:00,0.40126405778778773,0.0,0.40126405778778773,1.5799141254140234,0.0,1.7172979624065472
2026-04-09 22:00:00,0.3443829432056348,0.0,0.3443829432056348,1.6605167237574379,0.0,1.8049094823450411
2026-04-09 23:00:00,0.28196713860480904,0.0,0.28196713860480904,1.7339546466925486,0.0,1.8847333116223355
2026-04-10 00:00:00,0.24079051368400065,0.0,0.24079051368400065,1.8181395827401157,0.0,1.97623867689143
2026-04-10 01:00:00,0.2137469959760558,0.0,0.2137469959760558,1.9130715319001368,0.0,2.0794255781523225
2026-04-10 02:00:00,0.2015432424810252,0.0,0.2015432424810252,2.0133769876163865,0.0,2.188453247409116
2026-04-10 03:00:00,0.1971080496819245,0.0,0.1971080496819245,2.106517767924332,0.0,2.2896932260047085
2026-04-10 04:00:00,0.2037399177224508,0.0,0.2037399177224508,2.1853291974156708,0.0,2.3753578232779033
2026-04-10 05:00:00,0.23776863092850822,0.0,0.23776863092850822,2.2426466006820993,0.0,2.437659348567499
2026-04-10 06:00:00,0.30564008138601007,0.08684469911963898,0.21879538226637107,2.2301084187175677,0.0,2.4240308899103993
2026-04-10 07:00:00,0.3008283136332415,0.23127528056285054,0.06955303307039093,2.1477146515220773,0.0,2.334472447306606
2026-04-10 08:00:00,0.29327360783868706,0.3828584232147164,-0.08958481537602936,2.0312886761371445,0.0,2.2079224740621135
2026-04-10 09:00:00,0.272157627195857,0.48795448541850794,-0.21579685822265093,1.89874218108353,0.0,2.063850196829924
2026-04-10 10:00:00,0.2579896509148889,0.566395153488387,-0.3084055025734981,1.7608221794736874,0.0,1.913937151601834
2026-04-10 11:00:00,0.2582639444457719,0.608250882042735,-0.34998693759696314,1.6372315286804513,0.0,1.7795994876961427
2026-04-10 12:00:00,0.2436473352973345,0.61125623662466,-0.3676089013273255,1.526179059851747,0.0,1.658890282447551
2026-04-10 13:00:00,0.22816367810657068,0.5738582984532282,-0.34569462034665754,1.4563234746207874,0.0,1.5829602985008557
2026-04-10 14:00:00,0.22646910037996124,0.4950339680962949,-0.2685648677163337,1.4348294483958772,0.0,1.5595972265172577
2026-04-10 15:00:00,0.2627804943884094,0.38219158162055067,-0.11941108723214128,1.4688616565853188,0.0,1.5965887571579551
2026-04-10 16:00:00,0.38320247842390187,0.23943267157093273,0.14376980685296914,1.554837761484961,0.0,1.6900410450923486
2026-04-10 17:00:00,0.43587155414099166,0.09295589126343183,0.3429156628775598,1.6784284122781967,0.0,1.8243787089980399
2026-04-10 18:00:00,0.4696166757659544,0.0,0.4696166757659544,1.8073925696276598,0.0,1.96455714089963
2026-04-10 19:00:00,0.5003631617611041,0.0,0.5003631617611041,1.9435214023854273,0.0,2.1125232634624207
2026-04-10 20:00:00,0.4281657786597994,0.0,0.4281657786597994,1.9936741302435517,0.0,2.167037098090817
2026-04-10 21:00:00,0.38565720006902515,0.0,0.38565720006902515,2.0026299745039307,0.0,2.1767717114173157
2026-04-10 22:00:00,0.34290919503316386,0.0,0.34290919503316386,1.9954652990956274,0.0,2.168984020756117
2026-04-10 23:00:00,0.28644184778922144,0.0,0.28644184778922144,2.02054166302469,0.0,2.1962409380703147
2026-04-11 00:00:00,0.24285004177202127,0.0,0.24285004177202127,2.0402445203975246,0.0,2.2176570873886137
2026-04-11 01:00:00,0.21604595047143674,0.0,0.21604595047143674,2.065320884326587,0.0,2.244914004702812
2026-04-11 02:00:00,0.2015385936006789,0.0,0.2015385936006789,2.090397248255649,0.0,2.27217092201701
2026-04-11 03:00:00,0.19542044490758295,0.0,0.19542044490758295,2.1280117941492427,0.0,2.3130562979883074
2026-04-11 04:00:00,0.19621543210280015,0.0,0.19621543210280015,2.167417508894912,0.0,2.3558885966249044
2026-04-11 05:00:00,0.21274512557875339,0.0,0.21274512557875339,2.2121967301968093,0.0,2.404561663257401
2026-04-11 06:00:00,0.23216652417451758,0.08150083154995466,0.15066569262456292,2.156670495782457,0.0,2.344207060633105
2026-04-11 07:00:00,0.2561044720383299,0.22638815381108796,0.029716318227241967,2.0456180269537523,0.0,2.223497855384513
2026-04-11 08:00:00,0.26920781150977485,0.3698687143530222,-0.10066090284324736,1.9059068564918333,0.0,2.071637887491123
2026-04-11 09:00:00,0.2588241584036888,0.37633616433479405,-0.11751200593110528,1.7787338679944458,0.0,1.9334063782548323
2026-04-11 10:00:00,0.24915646006665623,0.4430203237513676,-0.19386386368471134,1.6802195811302723,0.0,1.8263256316633394
2026-04-11 11:00:00,0.2463949244305897,0.38580896889849087,-0.13941404446790118,1.5870788008223269,0.0,1.7250856530677465
2026-04-11 12:00:00,0.2305672387276961,0.3697682313730795,-0.1392009926453834,1.5225967221475951,0.0,1.6549964371169512
2026-04-11 13:00:00,0.2190678171100162,0.23352244538702543,-0.014454628277009246,1.4813998385498497,0.0,1.610217215815054
2026-04-11 14:00:00,0.21251963256475,0.27071028278221326,-0.05819065021746325,1.4724439942894705,0.0,1.6004826024885548
2026-04-11 15:00:00,0.23603684730421243,0.2281420385519074,0.007894808752305027,1.4796086696977742,0.0,1.6082702931497546
2026-04-11 16:00:00,0.3303056127408828,0.19824378461075054,0.13206182813013229,1.508267371330988,0.0,1.639421055794552
2026-04-11 17:00:00,0.37881611572803314,0.09408860849187772,0.2847275072361554,1.5602112680411884,0.0,1.6958818130882483
2026-04-11 18:00:00,0.41115025448680614,0.0,0.41115025448680614,1.6229021778638446,0.0,1.764024106373744
2026-04-11 19:00:00,0.44525800459151943,0.0,0.44525800459151943,1.7411193221008525,0.0,1.8925210022835353
2026-04-11 20:00:00,0.4194836776280972,0.0,0.4194836776280972,1.8038102319235083,0.0,1.9606632955690309
2026-04-11 21:00:00,0.3784465236859482,0.0,0.3784465236859482,1.83784244011295,0.0,1.9976548262097282
2026-04-11 22:00:00,0.32943625076927296,0.0,0.32943625076927296,1.8682923105982399,0.0,2.0307525115198257
2026-04-11 23:00:00,0.27861749799414914,0.0,0.27861749799414914,1.9112803630480613,0.0,2.077478655487023
2026-04-12 00:00:00,0.23813125661026194,0.0,0.23813125661026194,1.9578507532020337,0.0,2.128098644784819
2026-04-12 01:00:00,0.21119001832670695,0.0,0.21119001832670695,1.988300623687324,0.0,2.161196330094917
2026-04-12 02:00:00,0.19673380070147797,0.0,0.19673380070147797,2.0402445203975246,0.0,2.2176570873886137
2026-04-12 03:00:00,0.18894431918249782,0.0,0.18894431918249782,2.0868149105514977,0.0,2.2682770766864104
2026-04-12 04:00:00,0.18913725484509206,0.0,0.18913725484509206,2.1459234826700015,0.0,2.332525524641306
2026-04-12 05:00:00,0.20281475705262714,0.0,0.20281475705262714,2.1907027039718985,0.0,2.3811985912738027
2026-04-12 06:00:00,0.21883072793764646,0.07369969837985141,0.14513102955779505,2.1763733531552916,0.0,2.3656232099514036
2026-04-12 07:00:00,0.24845446341771885,0.20719590464201657,0.04125855877570228,2.067112053178662,0.0,2.246860927368111
2026-04-12 08:00:00,0.2781293376707444,0.3823742779477194,-0.104244940276975,1.9363567269771236,0.0,2.1047355728012214
2026-04-12 09:00:00,0.2761930061188841,0.40949554771591207,-0.13330254159702798,1.8002278942193566,0.0,1.956769450238431
2026-04-12 10:00:00,0.26842676767830564,0.38725226988312356,-0.11882550220481791,1.7249988024321696,0.0,1.8749986982958364
2026-04-12 11:00:00,0.2666601281953718,0.4595269369110591,-0.1928668087156873,1.6855930876865,0.0,1.832166399659239
2026-04-12 12:00:00,0.24251761812196881,0.0,0.24251761812196881,1.6426050352366792,0.0,1.7854402556920426
2026-04-12 13:00:00,0.2246606221556073,0.40135642634054675,-0.17669580418493944,1.613946333603465,0.0,1.7542894930472446
2026-04-12 14:00:00,0.22139466584420292,0.08723749622305169,0.13415716962115123,1.6229021778638446,0.0,1.764024106373744
2026-04-12 15:00:00,0.24110895789969836,0.05143815091434597,0.18967080698535238,1.6390226975325275,0.0,1.781546410361443
2026-04-12 16:00:00,0.3392689760109443,0.1167520878771543,0.22251688813379,1.6605167237574379,0.0,1.8049094823450411
2026-04-12 17:00:00,0.39227046030548995,0.07797479243559886,0.3142956678698911,1.7303723089883971,0.0,1.8808394662917358
2026-04-12 18:00:00,0.4262038725782704,0.00013702224537652096,0.4260668503328939,1.8288865958525706,0.0,1.987920212883229
2026-04-12 19:00:00,0.4628825474357887,0.0,0.4628825474357887,2.049200364657904,0.0,2.227391700715113
2026-04-12 20:00:00,0.43361911016823085,0.0,0.43361911016823085,2.1029354302201804,0.0,2.285799380674109
2026-04-12 21:00:00,0.38347911876489055,0.0,0.38347911876489055,2.162044002338684,0.0,2.3500478286290045
2026-04-12 22:00:00,0.31638869498940314,0.0,0.31638869498940314,2.213987899048885,0.0,2.406508585922701
2026-04-12 23:00:00,0.25986788438666814,0.0,0.25986788438666814,2.2659317957590854,0.0,2.462969343216397
2026-04-13 00:00:00,0.21958620069651547,0.0,0.21958620069651547,2.317875692469286,0.0,2.519430100510093
2026-04-13 01:00:00,0.19755668244789362,0.0,0.19755668244789362,2.351907900658728,0.0,2.556421631150791
2026-04-13 02:00:00,0.1900438195493954,0.0,0.1900438195493954,2.384148939996093,0.0,2.5914662391261882
2026-04-13 03:00:00,0.18915120249960038,0.0,0.18915120249960038,2.4002694596647762,0.0,2.608988543113887
2026-04-13 04:00:00,0.19822149697990318,0.0,0.19822149697990318,2.441466343262521,0.0,2.6537677644157838
2026-04-13 05:00:00,0.23822656272046694,0.0,0.23822656272046694,2.4719162137478117,0.0,2.686865449725882
2026-04-13 06:00:00,0.30681629262830645,0.09414341739002834,0.2126728752382781,2.411016472777232,0.0,2.620670079105687
2026-04-13 07:00:00,0.2863023625127418,0.226872299078085,0.059430063434656816,2.298172835096451,0.0,2.498013951191795
2026-04-13 08:00:00,0.2606326367271607,0.3810771340248217,-0.12044449729766099,2.1799556908594435,0.0,2.369517055282004
2026-04-13 09:00:00,0.2308856966774016,0.4540917211777905,-0.2232060245003889,2.0724855597348903,0.0,2.2527016953640113
2026-04-13 10:00:00,0.21723841329769586,0.41705004084433767,-0.1998116275466418,2.0097946499122346,0.0,2.1845594020785155
2026-04-13 11:00:00,0.21661311564767935,0.1567808531598153,0.05983226248786405,1.8915775056752266,0.0,2.0560625061687245
2026-04-13 12:00:00,0.20488821553758718,0.3470590779060107,-0.14217086236842352,1.8503806220774814,0.0,2.0112832848668276
2026-04-13 13:00:00,0.2011271358634849,0.34464748638738396,-0.14352035052389905,1.7876897122548252,0.0,1.9431409915813318
2026-04-13 14:00:00,0.20523921906250234,0.24169810602782454,-0.03645888696532221,1.7966455565152049,0.0,1.9528756049078313
2026-04-13 15:00:00,0.2466575939898074,0.3308539136861475,-0.08419631969634012,1.8467982843733295,0.0,2.0073894395362277
2026-04-13 16:00:00,0.36849056344778214,0.2467131202086052,0.12177744323917694,1.8754569860065435,0.0,2.0385402021810255
2026-04-13 17:00:00,0.4127076675406543,0.005526563896853012,0.4071811036438013,1.9309832204208957,0.0,2.0988948048053215
2026-04-13 18:00:00,0.45149468275601545,0.0,0.45149468275601545,1.9793447794269443,0.0,2.151461716768418
2026-04-13 19:00:00,0.5049610685961596,0.0,0.5049610685961596,2.149505820374153,0.0,2.3364193699719054
2026-04-13 20:00:00,0.43726164113011445,0.0,0.43726164113011445,2.174582184303216,0.0,2.3636762872861037
2026-04-13 21:00:00,0.38644521300763685,0.0,0.38644521300763685,2.239064262977947,0.0,2.433765503236899
2026-04-13 22:00:00,0.32607731345223295,0.0,0.32607731345223295,2.289216990836072,0.0,2.488279337865295
2026-04-13 23:00:00,0.26578379937175806,0.0,0.26578379937175806,2.330413874433817,0.0,2.533058559167192
2026-04-14 00:00:00,0.22510462236136478,0.0,0.22510462236136478,2.378775433439866,0.0,2.585625471130289
2026-04-14 01:00:00,0.2024986219314785,0.0,0.2024986219314785,2.4253458235938385,0.0,2.636245460428085
2026-04-14 02:00:00,0.19108520669770382,0.0,0.19108520669770382,2.4611692006353567,0.0,2.675183913734083
2026-04-14 03:00:00,0.18886993470158164,0.0,0.18886993470158164,2.4916190711206463,0.0,2.708281599044181
2026-04-14 04:00:00,0.19891420481782807,0.0,0.19891420481782807,2.5131130973455567,0.0,2.731644671027779
2026-04-14 05:00:00,0.23872865940590404,0.0013884920864820792,0.23734016731942195,2.5417717989787714,0.0,2.7627954336725775
2026-04-14 06:00:00,0.29991012973065084,0.0947919893514772,0.20511814037917364,2.4916190711206463,0.0,2.708281599044181
2026-04-14 07:00:00,0.26530028434284014,0.21975627713486431,0.04554400720797583,2.344743225250424,0.0,2.5486339404895912
2026-04-14 08:00:00,0.23734787556920994,0.36438782453796137,-0.12703994896875143,2.1871203662677465,0.0,2.377304745943203
2026-04-14 09:00:00,0.21041593542662787,0.49585610156855414,-0.28544016614192624,2.0115858187643103,0.0,2.1865063247438155
2026-04-14 10:00:00,0.20118059917893655,0.5686149138634867,-0.3674343146845502,1.8485894532254052,0.0,2.0093363622015272
2026-04-14 11:00:00,0.20449537069009907,0.5946308708523088,-0.39013550016220977,1.7142517893197142,0.0,1.8633171623040372
2026-04-14 12:00:00,0.19747298305675992,0.5867566591513381,-0.3892836760945782,1.630066853272148,0.0,1.7718117970349436
2026-04-14 13:00:00,0.19231951318976226,0.5657100422615045,-0.3733905290717422,1.4867733451060774,0.0,1.6160579838109537
2026-04-14 14:00:00,0.19925356928695132,0.4569691883306974,-0.25771561904374607,1.3703473697211452,0.0,1.4895080105664622
2026-04-14 15:00:00,0.24925873583847322,0.3380247445275188,-0.08876600868904558,1.327359317271324,0.0,1.442781866599265
2026-04-14 16:00:00,0.3812359295123362,0.2325541548530314,0.1486817746593048,1.3094476287505654,0.0,1.4233126399462666
2026-04-14 17:00:00,0.4205529356604005,0.1000536435739356,0.3204992920864649,1.3649738631649178,0.0,1.4836672425705628
2026-04-14 18:00:00,0.45641570138728454,0.002311108538683987,0.45410459284860055,1.4491587992124841,0.0,1.5751726078396566
2026-04-14 19:00:00,0.501564940377553,0.0,0.501564940377553,1.5870788008223269,0.0,1.7250856530677465
2026-04-14 20:00:00,0.43688971897741896,0.0,0.43688971897741896,1.640813866384603,0.0,1.7834933330267424
2026-04-14 21:00:00,0.39019234718386725,0.0,0.39019234718386725,1.6981312696510311,0.0,1.8457948583163382
2026-04-14 22:00:00,0.3295152840957141,0.0,0.3295152840957141,1.7554486729174594,0.0,1.9080963836059341
2026-04-14 23:00:00,0.2664509370139057,0.0,0.2664509370139057,1.8306777647046466,0.0,1.9898671355485287
2026-04-15 00:00:00,0.22769646696717274,0.0,0.22769646696717274,1.9130715319001368,0.0,2.0794255781523225
2026-04-15 01:00:00,0.20371899746493424,0.0,0.20371899746493424,1.972180104018641,0.0,2.1436740261072185
2026-04-15 02:00:00,0.1920661558518561,0.0,0.1920661558518561,2.0241240007288415,0.0,2.2001347834009146
2026-04-15 03:00:00,0.18874208566940323,0.0,0.18874208566940323,2.0563650400662072,0.0,2.2351793913763123
2026-04-15 04:00:00,0.19966735072496822,0.0,0.19966735072496822,2.092188417107725,0.0,2.2741178446823094
2026-04-15 05:00:00,0.2358346265471972,0.0,0.2358346265471972,2.1333853007054704,0.0,2.3188970659842068
2026-04-15 06:00:00,0.2924298094178955,0.05467187590523186,0.2377579335126636,2.0563650400662072,0.0,2.2351793913763123
2026-04-15 07:00:00,0.27102791128359266,0.19044265144064726,0.0805852598429454,1.8253042581484191,0.0,1.9840263675526293
2026-04-15 08:00:00,0.2453721344653653,0.37483805445201074,-0.12946591998664544,1.6031993204910098,0.0,1.7426079570554454
2026-04-15 09:00:00,0.22135049821571146,0.48006200408482036,-0.2587115058691089,1.377512045129449,0.0,1.4972957012276618
2026-04-15 10:00:00,0.20522759632928556,0.5500712366558642,-0.34484364032657866,1.1428689255075084,0.0,1.2422488320733787
2026-04-15 11:00:00,0.20864929560692855,0.5913880110450644,-0.38273871543813587,0.9512138583353893,0.0,1.0339281068862927
2026-04-15 12:00:00,0.20426756705736684,0.5947952975467606,-0.3905277304893938,0.7559764534591183,0.0,0.8217135363686068
2026-04-15 13:00:00,0.19691044748977898,0.5497241136342436,-0.3528136661444646,0.6162652829971998,0.0,0.6698535684752173
2026-04-15 14:00:00,0.20244746414446407,0.4778331088933624,-0.2753856447488983,0.5338715158017092,0.0,0.580295125871423
2026-04-15 15:00:00,0.24814063810387862,0.3700696803129078,-0.1219290422090292,0.5141686584288746,0.0,0.5588789765531246
2026-04-15 16:00:00,0.37151941699041036,0.23551383535316422,0.13600558163724613,0.5016304764643434,0.0,0.5452505178960254
2026-04-15 17:00:00,0.4065407043539797,0.10171618015117072,0.304824524202809,0.5893977502160616,0.0,0.6406497284957191
2026-04-15 18:00:00,0.4448325959535368,0.002658231560304507,0.4421743643932323,0.7309000895300561,0.0,0.7944566190544089
2026-04-15 19:00:00,0.493549979594337,0.0,0.493549979594337,0.8813582731044302,0.0,0.957998122939598
2026-04-15 20:00:00,0.4341630507484209,0.0,0.4341630507484209,1.0085312616018174,0.0,1.0962296321758886
2026-04-15 21:00:00,0.3929143648195415,0.0,0.3929143648195415,1.117792561578446,0.0,1.2149919147591803
2026-04-15 22:00:00,0.33650745470037163,0.0,0.33650745470037163,1.2145156795905436,0.0,1.3201257386853733
2026-04-15 23:00:00,0.2737313487460158,0.0,0.2737313487460158,1.3022829533422622,0.0,1.4155249492850674
2026-04-16 00:00:00,0.2311739560592378,0.0,0.2311739560592378,1.3972149025022835,0.0,1.5187118505459605
2026-04-16 01:00:00,0.20755911195267407,0.0,0.20755911195267407,1.4831910074019259,0.0,1.612164138480354
2026-04-16 02:00:00,0.19680586147308674,0.0,0.19680586147308674,1.565584774597416,0.0,1.7017225810841479
2026-04-16 03:00:00,0.19375840946214534,0.0,0.19375840946214534,1.640813866384603,0.0,1.7834933330267424
2026-04-16 04:00:00,0.2009876805729795,0.0,0.2009876805729795,1.7142517893197142,0.0,1.8633171623040372
2026-04-16 05:00:00,0.23938650002788311,0.002274569273250248,0.23711193075463285,1.7858985434027494,0.0,1.941194068916032
2026-04-16 06:00:00,0.29757398181473155,0.10815622568386722,0.1894177561308643,1.7697780237340663,0.0,1.923671764928333
2026-04-16 07:00:00,0.27719022557696216,0.24526981922397253,0.03192040635298962,1.6605167237574379,0.0,1.8049094823450411
2026-04-16 08:00:00,0.2524363647675963,0.3838723878305027,-0.13143602306290642,1.4670704877332428,0.0,1.5946418344926552
2026-04-16 09:00:00,0.22804512895683005,0.4799797907375945,-0.25193466178076446,1.2378008746675302,0.0,1.345435733334272
2026-04-16 10:00:00,0.21460937716278142,0.5589228737071874,-0.344313496544406,1.0085312616018174,0.0,1.0962296321758886
2026-04-16 11:00:00,0.2165433802723096,0.5996824242985233,-0.3831390440262137,0.7953821682047879,0.0,0.8645458350052042
2026-04-16 12:00:00,0.1986445430887457,0.6027791270440326,-0.4041345839552869,0.6091006075888963,0.0,0.6620658778140176
2026-04-16 13:00:00,0.19496249703818186,0.5531679394013735,-0.3582054423631917,0.4604335928665981,0.0,0.5004712965941284
2026-04-16 14:00:00,0.20503466132257958,0.4700685149886928,-0.2650338536661132,0.3547546305941212,0.0,0.38560285934143607
2026-04-16 15:00:00,0.25335222408766006,0.30342206016176804,-0.050069836074107976,0.29743722732769295,0.0,0.3233013340518402
2026-04-16 16:00:00,0.372458527869291,0.1295682352280382,0.2428902926412528,0.30818424044014836,0.0,0.33498287004363947
2026-04-16 17:00:00,0.40954631532447555,0.05872773436837688,0.3508185809560987,0.3923691764877148,0.0,0.42648823531273344
2026-04-16 18:00:00,0.4443560705651673,0.002155816660590596,0.4422002539045767,0.553574373174544,0.0,0.6017112751897218
2026-04-16 19:00:00,0.49097673313749923,0.0,0.49097673313749923,0.6968678813406143,0.0,0.7574650884137112
2026-04-16 20:00:00,0.43434668970158935,0.0,0.43434668970158935,0.793590999352712,0.0,0.8625989123399044
2026-04-16 21:00:00,0.39272143070152465,0.0,0.39272143070152465,0.8670289222878231,0.0,0.942422741617199
2026-04-16 22:00:00,0.3405288819430333,0.0,0.3405288819430333,0.9601697025957688,0.0,1.0436627202127922
2026-04-16 23:00:00,0.279166087128218,0.0,0.279166087128218,1.0515193140516386,0.0,1.1429557761430853
2026-04-17 00:00:00,0.23760824005168038,0.0,0.23760824005168038,1.123166068134674,0.0,1.2208326827550804
2026-04-17 01:00:00,0.21014165863896622,0.0,0.21014165863896622,1.2163068484426196,0.0,1.3220726613506735
2026-04-17 02:00:00,0.19848881729782272,0.0,0.19848881729782272,1.3130299664547174,0.0,1.4272064852768667
2026-04-17 03:00:00,0.192810003866945,0.0,0.192810003866945,1.3990060713543593,0.0,1.52065877321126
2026-04-17 04:00:00,0.20081566590314917,0.0,0.20081566590314917,1.461696981177015,0.0,1.5888010664967556
2026-04-17 05:00:00,0.23221301705204803,0.0,0.23221301705204803,1.4975203582185328,0.0,1.627739519802753
2026-04-17 06:00:00,0.29349444105395417,0.051785273935966485,0.24170916711798768,1.4169177598751181,0.0,1.5401279998642587
2026-04-17 07:00:00,0.28572820318889297,0.13451930569430984,0.15120889749458313,1.1643629517324194,0.0,1.2656119040569775
2026-04-17 08:00:00,0.26783633768771997,0.31716995878121224,-0.049333621093492264,0.8903141173648095,0.0,0.9677327362660971
2026-04-17 09:00:00,0.2397142403830447,0.39157303802066323,-0.15185879763761853,0.6323858026658826,0.0,0.687375872462916
2026-04-17 10:00:00,0.22198276774583184,0.46852473102411735,-0.2465419632782855,0.4264013846771565,0.0,0.46347976595343093
2026-04-17 11:00:00,0.22363318021565123,0.5450379528423667,-0.3214047726267154,0.2777343699548584,0.0,0.3018851847335417
2026-04-17 12:00:00,0.21048799520239816,0.15405867788500174,0.05642931731739642,0.17026423883030567,0.0,0.18506982481554962
2026-04-17 13:00:00,0.20207554179471862,0.09618961625431771,0.10588592554040091,0.1559348880136986,0.0,0.16949444349315065
2026-04-17 14:00:00,0.2029681599264639,0.079217127460346,0.12375103246611789,0.19534060275936807,0.0,0.21232674212974792
2026-04-17 15:00:00,0.24408667036632647,0.03241946325608486,0.21166720711024162,0.2204169666884302,0.0,0.23958365944394586
2026-04-17 16:00:00,0.3588763322369124,0.019046092107336415,0.33983024012957597,0.2544491748778721,0.0,0.2765751900846436
2026-04-17 17:00:00,0.40018778073329336,0.0494467609482072,0.35074101978508615,0.2920637207714655,0.0,0.3174605660559407
2026-04-17 18:00:00,0.4299626150390482,0.0021466818442321617,0.42781593319481603,0.38341333222733526,0.0,0.41675362198623395
2026-04-17 19:00:00,0.47042793705847874,0.0,0.47042793705847874,0.6538798288907932,0.0,0.7107389444465143
2026-04-17 20:00:00,0.4141674924966326,0.0,0.4141674924966326,0.748811778050815,0.0,0.8139258457074077
2026-04-17 21:00:00,0.3745180794416912,0.0,0.3745180794416912,0.863446584583671,0.0,0.9385288962865989
2026-04-17 22:00:00,0.33488958533142144,0.0,0.33488958533142144,0.8921052862168852,0.0,0.969679658931397
2026-04-17 23:00:00,0.2813185958906297,0.0,0.2813185958906297,0.8688200911398989,0.0,0.9443696642824988
2026-04-18 00:00:00,0.23934698272531346,0.0,0.23934698272531346,0.8813582731044302,0.0,0.957998122939598
2026-04-18 01:00:00,0.2141351906533533,0.0,0.2141351906533533,0.9261374944063272,0.0,1.0066711895720948
2026-04-18 02:00:00,0.19965805255918076,0.0,0.19965805255918076,1.0300252878267282,0.0,1.119592704159487
2026-04-18 03:00:00,0.19231952887619627,0.0,0.19231952887619627,1.1303307435429772,0.0,1.2286203734162795
2026-04-18 04:00:00,0.19300293904953625,0.0,0.19300293904953625,1.2037686664780882,0.0,1.308444202693574
2026-04-18 05:00:00,0.2056506768296944,0.005526563896853012,0.20012411293284138,1.255712563188289,0.0,1.3649049599872707
2026-04-18 06:00:00,0.21627142541693645,0.11368278958072023,0.10258863583621622,1.2180980172946954,0.0,1.3240195840159732
2026-04-18 07:00:00,0.24108571971778203,0.18701709530623423,0.054068624411547805,1.0067400927497416,0.0,1.0942827095105887
2026-04-18 08:00:00,0.25434247827728124,0.3887138405004731,-0.13437136222319185,0.7720969731278011,0.0,0.8392358403563055
2026-04-18 09:00:00,0.24314524110104538,0.48458373818224565,-0.24143849708120027,0.49625696990811585,0.0,0.5394097499001259
2026-04-18 10:00:00,0.23674582452657292,0.5499981581249967,-0.31325233359842386,0.22758164209673387,0.0,0.24737135010514552
2026-04-18 11:00:00,0.2414343895864886,0.5829565755462291,-0.34152218595974054,0.1559348880136986,0.0,0.16949444349315065
2026-04-18 12:00:00,0.2318527007780379,0.5895427781406606,-0.3576900773626227,0.1559348880136986,0.0,0.16949444349315065
2026-04-18 13:00:00,0.2261971341149558,0.45888749976596876,-0.23269036565101298,0.1559348880136986,0.0,0.16949444349315065
2026-04-18 14:00:00,0.22155506022148702,0.38453922942466845,-0.16298416920318143,0.1559348880136986,0.0,0.16949444349315065
2026-04-18 15:00:00,0.24963066680166598,0.32152726618418564,-0.07189659938251966,0.1559348880136986,0.0,0.16949444349315065
2026-04-18 16:00:00,0.3409054441465376,0.2371215630322487,0.1037838811142889,0.1559348880136986,0.0,0.16949444349315065
2026-04-18 17:00:00,0.37669149984597433,0.10529702816367714,0.2713944716822972,0.1559348880136986,0.0,0.16949444349315065
2026-04-18 18:00:00,0.3931421630341185,0.00475010450638606,0.3883920585277324,0.1559348880136986,0.0,0.16949444349315065
2026-04-18 19:00:00,0.42666645816378573,0.0,0.42666645816378573,0.15772605686577446,0.0,0.1714413661584505
2026-04-18 20:00:00,0.415434356142225,0.0,0.415434356142225,0.27594320110278253,0.0,0.29993826206824187
2026-04-18 21:00:00,0.3764520816182483,0.0,0.3764520816182483,0.37983099452318364,0.0,0.41285977665563434
2026-04-18 22:00:00,0.327316284309035,0.0,0.327316284309035,0.47476294368320515,0.0,0.5160466779165273
2026-04-18 23:00:00,0.2773087902577764,0.0,0.2773087902577764,0.580441905955682,0.0,0.6309151151692196
2026-04-19 00:00:00,0.2381963431598771,0.0,0.2381963431598771,0.7165707387134492,0.0,0.77888123773201
2026-04-19 01:00:00,0.21207566234475828,0.0,0.21207566234475828,0.8079203501693191,0.0,0.8781742936623034
2026-04-19 02:00:00,0.19727541521091047,0.0,0.19727541521091047,0.8795671042523541,0.0,0.9560512002742979
2026-04-19 03:00:00,0.18937435660525695,0.0,0.18937435660525695,0.94225801407501,0.0,1.0241934935597934
2026-04-19 04:00:00,0.18900010801547043,0.0,0.18900010801547043,1.0031577550455901,0.0,1.0903888641799893
2026-04-19 05:00:00,0.19737769401166502,0.009299243052886555,0.18807845095877845,1.06405749601617,0.0,1.1565842348001847
2026-04-19 06:00:00,0.20108763118227618,0.10910624658514442,0.09198138459713176,1.026442950122576,0.0,1.115698858828887
2026-04-19 07:00:00,0.2333032115191006,0.25632294701767855,-0.023019735498577942,0.8455348960629124,0.0,0.9190596696336004
2026-04-19 08:00:00,0.2612811831752716,0.3926326767182416,-0.13135149354297,0.6162652829971998,0.0,0.6698535684752173
2026-04-19 09:00:00,0.2583476307659578,0.48713235194624893,-0.22878472118029114,0.3672928125586524,0.0,0.39923131799853523
2026-04-19 10:00:00,0.25805938752711527,0.5549492285912683,-0.296889841064153,0.1559348880136986,0.0,0.16949444349315065
2026-04-19 11:00:00,0.26038623653287596,0.5931327609695255,-0.33274652443664954,0.1559348880136986,0.0,0.16949444349315065
2026-04-19 12:00:00,0.24118799047856007,0.5895062388752269,-0.3483182483966668,0.1559348880136986,0.0,0.16949444349315065
2026-04-19 13:00:00,0.22988150426513818,0.5485000482422134,-0.31861854397707523,0.1559348880136986,0.0,0.16949444349315065
2026-04-19 14:00:00,0.22633660540536937,0.48124039539505853,-0.25490378998968916,0.1559348880136986,0.0,0.16949444349315065
2026-04-19 15:00:00,0.2587288538262531,0.3749933463301041,-0.11626449250385101,0.1559348880136986,0.0,0.16949444349315065
2026-04-19 16:00:00,0.3543365449628091,0.24585444747091234,0.10848209749189675,0.1559348880136986,0.0,0.16949444349315065
2026-04-19 17:00:00,0.4015662353283662,0.11226689304516285,0.28929934228320336,0.1559348880136986,0.0,0.16949444349315065
2026-04-19 18:00:00,0.42139675662750953,0.0065131240635639635,0.41488363256394556,0.1559348880136986,0.0,0.16949444349315065
2026-04-19 19:00:00,0.45481412326155074,0.0,0.45481412326155074,0.1559348880136986,0.0,0.16949444349315065
2026-04-19 20:00:00,0.4368316028993737,0.0,0.4368316028993737,0.21146112242805098,0.0,0.22984904611744672
2026-04-19 21:00:00,0.38371621984221455,0.0,0.38371621984221455,0.31355774699637623,0.0,0.34082363803953936
2026-04-19 22:00:00,0.3135946166894667,0.0,0.3135946166894667,0.40848969615639774,0.0,0.44401053930043227
2026-04-19 23:00:00,0.25374741076394697,0.0,0.25374741076394697,0.4998393076122676,0.0,0.5433035952307256
2026-04-20 00:00:00,0.21616682494279893,0.0,0.21616682494279893,0.600144763328517,0.0,0.6523312644875184
2026-04-20 01:00:00,0.19675007246091636,0.0,0.19675007246091636,0.7022413878968422,0.0,0.763305856409611
2026-04-20 02:00:00,0.1888652854956508,0.0,0.1888652854956508,0.7989645059089395,0.0,0.8684396803358038
2026-04-20 03:00:00,0.1867058023432057,0.0,0.1867058023432057,0.8867317796606575,0.0,0.9638388909354973
2026-04-20 04:00:00,0.197954176273974,0.0,0.197954176273974,0.9655432091519963,0.0,1.0495034882086915
2026-04-20 05:00:00,0.23129483045759833,0.009198760072943775,0.22209607038465456,1.0300252878267282,0.0,1.119592704159487
2026-04-20 06:00:00,0.2841800740714002,0.12638931913530294,0.1577907549360973,0.9440491829270857,0.0,1.026140416225093
2026-04-20 07:00:00,0.2879248814757373,0.2619499938944744,0.02597488758126293,0.7040325567489181,0.0,0.7652527790749108
2026-04-20 08:00:00,0.2868416514486206,0.39708133228479936,-0.11023968083617874,0.446104242049991,0.0,0.48489591527172937
2026-04-20 09:00:00,0.27022594861985477,0.48971750497568595,-0.21949155635583117,0.18101125194276102,0.0,0.19675136080734892
2026-04-20 10:00:00,0.2608255714551328,0.5533140964631086,-0.2924885250079758,0.1559348880136986,0.0,0.16949444349315065
2026-04-20 11:00:00,0.2639381082634853,0.5885470831575912,-0.3246089748941059,0.1559348880136986,0.0,0.16949444349315065
2026-04-20 12:00:00,0.24814296535341498,0.586482614660585,-0.3383396493071701,0.1559348880136986,0.0,0.16949444349315065
2026-04-20 13:00:00,0.2400350266840295,0.5525650415217168,-0.3125300148376873,0.1559348880136986,0.0,0.16949444349315065
2026-04-20 14:00:00,0.24417965300432545,0.48799102468394184,-0.2438113716796164,0.1559348880136986,0.0,0.16949444349315065
2026-04-20 15:00:00,0.28623959658795084,0.38111367329025536,-0.09487407670230452,0.1559348880136986,0.0,0.16949444349315065
2026-04-20 16:00:00,0.4055992724366707,0.25465127562408496,0.15094799681258575,0.1559348880136986,0.0,0.16949444349315065
2026-04-20 17:00:00,0.43704543838291754,0.1178025917583743,0.3192428466245432,0.1559348880136986,0.0,0.16949444349315065
2026-04-20 18:00:00,0.4650164423978042,0.007554493128425522,0.45746194926937866,0.1559348880136986,0.0,0.16949444349315065
2026-04-20 19:00:00,0.504635637645058,0.0,0.504635637645058,0.1559348880136986,0.0,0.16949444349315065
2026-04-20 20:00:00,0.44696188401295234,0.0,0.44696188401295234,0.30460190273599663,0.0,0.3310890247130398
2026-04-20 21:00:00,0.3932490978532326,0.0,0.3932490978532326,0.4640159305707501,0.0,0.5043651419247284
2026-04-20 22:00:00,0.33312294704198037,0.0,0.33312294704198037,0.6180564518492756,0.0,0.6718004911405169
2026-04-20 23:00:00,0.27345705481202515,0.0,0.27345705481202515,0.7613499600153463,0.0,0.8275543043645067
2026-04-21 00:00:00,0.23341712206487408,0.0,0.23341712206487408,0.8956876239210374,0.0,0.9735735042619971
2026-04-21 01:00:00,0.21268701301981807,0.0,0.21268701301981807,1.0246517812705003,0.0,1.1137519361635873
2026-04-21 02:00:00,0.20216156604245256,0.0,0.20216156604245256,1.1410777566554327,0.0,1.2403019094080787
2026-04-21 03:00:00,0.1988816617569292,0.0,0.1988816617569292,1.2378008746675302,0.0,1.345435733334272
2026-04-21 04:00:00,0.2091025957983794,0.0,0.2091025957983794,1.316612304158869,0.0,1.4311003306074663
2026-04-21 05:00:00,0.2427826302283685,0.011217554488157849,0.23156507574021065,1.372138538573221,0.0,1.491454933231762
2026-04-21 06:00:00,0.28546553408323755,0.1341630478563309,0.15130248622690665,1.2700419140048962,0.0,1.3804803413096698
2026-04-21 07:00:00,0.26048619317289956,0.2752411516959969,-0.014754958523097328,1.0228606124184245,0.0,1.1118050134982875
2026-04-21 08:00:00,0.23619723465381728,0.40562238557993585,-0.16942515092611857,0.7685146354236497,0.0,0.8353419950257062
2026-04-21 09:00:00,0.2115526267211962,0.5031091457571513,-0.29155651903595503,0.5016304764643434,0.0,0.5452505178960254
2026-04-21 10:00:00,0.20585289219947114,0.5660571652831249,-0.36020427308365377,0.2490756683216443,0.0,0.2707344220887438
2026-04-21 11:00:00,0.20643634766267926,0.6043594502740418,-0.39792310261136254,0.1559348880136986,0.0,0.16949444349315065
2026-04-21 12:00:00,0.19547156629128262,0.600477153321707,-0.40500558703042444,0.1559348880136986,0.0,0.16949444349315065
2026-04-21 13:00:00,0.19025533461801908,0.5595623108522778,-0.36930697623425873,0.1559348880136986,0.0,0.16949444349315065
2026-04-21 14:00:00,0.1962967733692221,0.49185505200355967,-0.2955582786343376,0.1559348880136986,0.0,0.16949444349315065
2026-04-21 15:00:00,0.24520476527513527,0.38725226988312356,-0.1420475046079883,0.1559348880136986,0.0,0.16949444349315065
2026-04-21 16:00:00,0.37487603217978493,0.2603057269499561,0.11457030522982886,0.1559348880136986,0.0,0.16949444349315065
2026-04-21 17:00:00,0.41158724651978096,0.12032380107330228,0.2912634454464787,0.1559348880136986,0.0,0.16949444349315065
2026-04-21 18:00:00,0.43892830461737525,0.008330952518892475,0.43059735209848277,0.1559348880136986,0.0,0.16949444349315065
2026-04-21 19:00:00,0.48558383519514337,0.0,0.48558383519514337,0.27056969454655505,0.0,0.2940974940723424
2026-04-21 20:00:00,0.4367107302995097,0.0,0.4367107302995097,0.386995669931487,0.0,0.42064746731683367
2026-04-21 21:00:00,0.393146817731404,0.0,0.393146817731404,0.47297177483112934,0.0,0.5140997552512275
2026-04-21 22:00:00,0.3350267318591686,0.0,0.3350267318591686,0.5517832043224683,0.0,0.5997643525244221
2026-04-21 23:00:00,0.2684081870773891,0.0,0.2684081870773891,0.6341769715179586,0.0,0.6893227951282158
2026-04-22 00:00:00,0.2309786957601179,0.0,0.2309786957601179,0.7255265829738285,0.0,0.7886158510585092
2026-04-22 01:00:00,0.2075800328263989,0.0,0.2075800328263989,0.8258320386900777,0.0,0.8976435203153018
2026-04-22 02:00:00,0.19700577054707755,0.0,0.19700577054707755,0.9261374944063272,0.0,1.0066711895720948
2026-04-22 03:00:00,0.19434651438045025,0.0,0.19434651438045025,1.0103224304538934,0.0,1.0981765548411884
2026-04-22 04:00:00,0.20848194774572054,0.0,0.20848194774572054,1.0801780156848526,0.0,1.1741065387878833
2026-04-22 05:00:00,0.23860778433774324,0.011811317551456108,0.22679646678628712,1.121374899282598,0.0,1.2188857600897804
2026-04-22 06:00:00,0.2744542621196797,0.13046344723116482,0.1439908148885149,1.001366586193514,0.0,1.088441941514689
2026-04-22 07:00:00,0.2590287158408195,0.2667000984008604,-0.007671382560040907,0.7094060633051454,0.0,0.7710935470708102
2026-04-22 08:00:00,0.23872166962656896,0.39053166895580155,-0.1518099993292326,0.3941603453397906,0.0,0.4284351579780333
2026-04-22 09:00:00,0.22178285909541595,0.47582344929450665,-0.2540405901990907,0.1559348880136986,0.0,0.16949444349315065
2026-04-22 10:00:00,0.20677340507376954,0.5040408970257115,-0.297267491951942,0.1559348880136986,0.0,0.16949444349315065
2026-04-22 11:00:00,0.20905143933886586,0.5889672847100793,-0.3799158453712135,0.1559348880136986,0.0,0.16949444349315065
2026-04-22 12:00:00,0.20158971622930097,0.5921096615373809,-0.3905199453080799,0.1559348880136986,0.0,0.16949444349315065
2026-04-22 13:00:00,0.195776080207299,0.555067981203928,-0.359291900996629,0.1559348880136986,0.0,0.16949444349315065
2026-04-22 14:00:00,0.20066687934547123,0.4776412777498352,-0.276974398404364,0.1559348880136986,0.0,0.16949444349315065
2026-04-22 15:00:00,0.24466780030742283,0.35087743114383646,-0.10620963083641363,0.1559348880136986,0.0,0.16949444349315065
2026-04-22 16:00:00,0.36185637051803093,0.24080289402469796,0.12105347649333298,0.1559348880136986,0.0,0.16949444349315065
2026-04-22 17:00:00,0.39992743176398654,0.11805836661641048,0.28186906514757604,0.1559348880136986,0.0,0.16949444349315065
2026-04-22 18:00:00,0.43186174968116403,0.0004202015524879976,0.431441548128676,0.1559348880136986,0.0,0.16949444349315065
2026-04-22 19:00:00,0.4828897105831172,0.0,0.4828897105831172,0.1559348880136986,0.0,0.16949444349315065
2026-04-22 20:00:00,0.4340375267173002,0.0,0.4340375267173002,0.1559348880136986,0.0,0.16949444349315065
2026-04-22 21:00:00,0.3930073457800352,0.0,0.3930073457800352,0.1559348880136986,0.0,0.16949444349315065
2026-04-22 22:00:00,0.34128667729289197,0.0,0.34128667729289197,0.17742891423860904,0.0,0.19285751547674895
2026-04-22 23:00:00,0.2766532760976219,0.0,0.2766532760976219,0.3350517732212866,0.0,0.36418671002313757
2026-04-23 00:00:00,0.2365924227345823,0.0,0.2365924227345823,0.49625696990811585,0.0,0.5394097499001259
2026-04-23 01:00:00,0.21248942832906123,0.0,0.21248942832906123,0.6485063223345656,0.0,0.7048981764506148
2026-04-23 02:00:00,0.2015874085351855,0.0,0.2015874085351855,0.7792616485361048,0.0,0.8470235310175053
2026-04-23 03:00:00,0.19865385814344402,0.0,0.19865385814344402,0.8831494419565059,0.0,0.9599450456048977
2026-04-23 04:00:00,0.2080147181544591,0.0,0.2080147181544591,0.9547961960395411,0.0,1.0378219522168926
2026-04-23 05:00:00,0.24110897265880962,0.013930594946612964,0.22717837771219665,0.9995754173414382,0.0,1.0864950188493894
2026-04-23 06:00:00,0.2853469827946779,0.1360630896588853,0.1492838931357926,0.9440491829270857,0.0,1.026140416225093
2026-04-23 07:00:00,0.2657698365707803,0.25445030966419946,0.011319526906580835,0.7828439862402568,0.0,0.8509173763481052
2026-04-23 08:00:00,0.24574405884239872,0.3170968802503448,-0.0713528214079461,0.5553655420266199,0.0,0.6036581978550216
2026-04-23 09:00:00,0.22673177290498234,0.35598379348820147,-0.12925202058321913,0.31534891584845204,0.0,0.34277056070483913
2026-04-23 10:00:00,0.21682929821686672,0.5145002617561194,-0.2976709635392527,0.1559348880136986,0.0,0.16949444349315065
2026-04-23 11:00:00,0.21634579553409744,0.5914793592086488,-0.37513356367455136,0.1559348880136986,0.0,0.16949444349315065
2026-04-23 12:00:00,0.20171059042267353,0.4384163763067164,-0.2367057858840429,0.1559348880136986,0.0,0.16949444349315065
2026-04-23 13:00:00,0.19576678226458488,0.5086357096540042,-0.3128689273894193,0.1559348880136986,0.0,0.16949444349315065
2026-04-23 14:00:00,0.20552978448574025,0.4764902908886724,-0.2709605064029321,0.1559348880136986,0.0,0.16949444349315065
2026-04-23 15:00:00,0.2570970326914063,0.34659320227173057,-0.08949616958032425,0.1559348880136986,0.0,0.16949444349315065
2026-04-23 16:00:00,0.3849110040048939,0.25739172053161535,0.12751928347327857,0.1559348880136986,0.0,0.16949444349315065
2026-04-23 17:00:00,0.41832836769551596,0.10129597859868274,0.31703238909683323,0.1559348880136986,0.0,0.16949444349315065
2026-04-23 18:00:00,0.45149933374306733,0.01204882277677541,0.4394505109662919,0.1559348880136986,0.0,0.16949444349315065
2026-04-23 19:00:00,0.49938221284509954,0.0,0.49938221284509954,0.1559348880136986,0.0,0.16949444349315065
2026-04-23 20:00:00,0.4437052253726415,0.0,0.4437052253726415,0.1559348880136986,0.0,0.16949444349315065
2026-04-23 21:00:00,0.4014988346139458,0.0,0.4014988346139458,0.1559348880136986,0.0,0.16949444349315065
2026-04-23 22:00:00,0.3470677691070396,0.0,0.3470677691070396,0.17026423883030567,0.0,0.18506982481554962
2026-04-23 23:00:00,0.27614188006315576,0.0,0.27614188006315576,0.2508668371737201,0.0,0.2726813447540436
2026-04-24 00:00:00,0.23660404487166287,0.0,0.23660404487166287,0.3619193060024249,0.0,0.39339055000263573
2026-04-24 01:00:00,0.21170838794857116,0.0,0.21170838794857116,0.47655411253528096,0.0,0.5179936005818271
2026-04-24 02:00:00,0.1996092379449706,0.0,0.1996092379449706,0.5786507371036063,0.0,0.6289681925039198
2026-04-24 03:00:00,0.19418147343617606,0.0,0.19418147343617606,0.6162652829971998,0.0,0.6698535684752173
2026-04-24 04:00:00,0.202914711681389,0.0,0.202914711681389,0.6234299584055032,0.0,0.6776412591364166
2026-04-24 05:00:00,0.23176205942921124,0.013236348903371924,0.21852571052583933,0.5947712567722891,0.0,0.6464904964916186
2026-04-24 06:00:00,0.2791009856451652,0.13212598380839993,0.1469750018367653,0.4926746322039642,0.0,0.5355159045695262
2026-04-24 07:00:00,0.27850823042808814,0.26733953554595086,0.011168694882137287,0.2007141093155956,0.0,0.2181675101256474
2026-04-24 08:00:00,0.27037471761887966,0.38814748188625015,-0.11777276426737049,0.1559348880136986,0.0,0.16949444349315065
2026-04-24 09:00:00,0.25080222118765844,0.4820990681327514,-0.23129684694509295,0.1559348880136986,0.0,0.16949444349315065
2026-04-24 10:00:00,0.23900061019386853,0.4647246474190085,-0.22572403722513995,0.1559348880136986,0.0,0.16949444349315065
2026-04-24 11:00:00,0.24395649580727086,0.5530491867887138,-0.309092690981443,0.1559348880136986,0.0,0.16949444349315065
2026-04-24 12:00:00,0.22943286839705512,0.5005696668095064,-0.2711367984124513,0.1559348880136986,0.0,0.16949444349315065
2026-04-24 13:00:00,0.22004643932438697,0.5283943174372986,-0.30834787811291164,0.1559348880136986,0.0,0.16949444349315065
2026-04-24 14:00:00,0.2194676337435815,0.4497344137748171,-0.2302667800312356,0.1559348880136986,0.0,0.16949444349315065
2026-04-24 15:00:00,0.26098596327063855,0.2728660994428038,-0.011880136172165268,0.1559348880136986,0.0,0.16949444349315065
2026-04-24 16:00:00,0.3765706120115312,0.03610992906489249,0.34046068294663867,0.1559348880136986,0.0,0.16949444349315065
2026-04-24 17:00:00,0.4114245311581612,0.07899789186774356,0.3324266392904176,0.1559348880136986,0.0,0.16949444349315065
2026-04-24 18:00:00,0.4327078774514575,0.00042933636884643234,0.43227854108261105,0.1559348880136986,0.0,0.16949444349315065
2026-04-24 19:00:00,0.4657393711104202,0.0,0.4657393711104202,0.1559348880136986,0.0,0.16949444349315065
2026-04-24 20:00:00,0.41778445257411,0.0,0.41778445257411,0.2544491748778721,0.0,0.2765751900846436
2026-04-24 21:00:00,0.37806530367064156,0.0,0.37806530367064156,0.5087951518726471,0.0,0.5530382085572251
2026-04-24 22:00:00,0.33501743354640134,0.0,0.33501743354640134,0.6037271010326686,0.0,0.656225109818118
2026-04-24 23:00:00,0.28427771501014115,0.0,0.28427771501014115,0.643132815778338,0.0,0.6990574084547152
2026-04-25 00:00:00,0.24221079679125637,0.0,0.24221079679125637,0.7237354141217527,0.0,0.7866689283932095
2026-04-25 01:00:00,0.21839604404474883,0.0,0.21839604404474883,0.8222497009859261,0.0,0.8937496749847023
2026-04-25 02:00:00,0.20483941778914752,0.0,0.20483941778914752,0.9118081435897202,0.0,0.9910958082496958
2026-04-25 03:00:00,0.19883052223188763,0.0,0.19883052223188763,0.9995754173414382,0.0,1.0864950188493894
2026-04-25 04:00:00,0.2006390022815981,0.0,0.2006390022815981,1.047936976347487,0.0,1.1390619308124859
2026-04-25 05:00:00,0.20933039882452678,0.011153610773648806,0.19817678805087796,1.0551016517557903,0.0,1.1468496214736852
2026-04-25 06:00:00,0.22100183267621296,0.03387189905707598,0.187129933619137,0.958378533743693,0.0,1.0417157975474924
2026-04-25 07:00:00,0.24923550239177783,0.11237651084146405,0.13685899155031378,0.8276232075421536,0.0,0.8995904429806016
2026-04-25 08:00:00,0.26213660818649337,0.09291021718163964,0.16922639100485373,0.659253335447021,0.0,0.716579712442414
2026-04-25 09:00:00,0.2551351374199896,0.40454447724964054,-0.14940933982965093,0.43177489123338403,0.0,0.46932053394933043
2026-04-25 10:00:00,0.24958882151015133,0.48766217129503814,-0.2380733497848868,0.2795255388069342,0.0,0.30383210739884153
2026-04-25 11:00:00,0.25768978864377623,0.4479896638503561,-0.19029987520657987,0.21862579783635433,0.0,0.237636736778646
2026-04-25 12:00:00,0.24885892085579772,0.34831054774711634,-0.09945162689131862,0.1559348880136986,0.0,0.16949444349315065
2026-04-25 13:00:00,0.24409364725546878,0.19821638016167523,0.045877267093793556,0.1559348880136986,0.0,0.16949444349315065
2026-04-25 14:00:00,0.23937951316737333,0.07433000070858341,0.1650495124587899,0.3493811240378937,0.0,0.3797620913455366
2026-04-25 15:00:00,0.26950302505875995,0.08490811805165083,0.18459490700710912,0.5195421649851021,0.0,0.564719744549024
2026-04-25 16:00:00,0.3565332207362143,0.21336190568396002,0.14317131505225428,0.4066985273043219,0.0,0.44206361663513244
2026-04-25 17:00:00,0.386498666496575,0.11625880779379881,0.27023985870277617,0.386995669931487,0.0,0.42064746731683367
2026-04-25 18:00:00,0.39568286636561,0.0069789996978441345,0.38870386666776585,0.4926746322039642,0.0,0.5355159045695262
2026-04-25 19:00:00,0.42288213138588937,0.0,0.42288213138588937,0.7380647649383597,0.0,0.8022443097156083
2026-04-25 20:00:00,0.4213037805880487,0.0,0.4213037805880487,0.7989645059089395,0.0,0.8684396803358038
2026-04-25 21:00:00,0.3855130779273825,0.0,0.3855130779273825,0.8562819091753677,0.0,0.9307412056253997
2026-04-25 22:00:00,0.3348826116202888,0.0,0.3348826116202888,0.8885229485127336,0.0,0.9657858136007974
2026-04-25 23:00:00,0.2749308015050052,0.0,0.2749308015050052,0.9458403517791618,0.0,1.0280873388903933
2026-04-26 00:00:00,0.23404706646649467,0.0,0.23404706646649467,1.0228606124184245,0.0,1.1118050134982875
2026-04-26 01:00:00,0.20960469249489277,0.0,0.20960469249489277,1.1052543796139151,0.0,1.2013634561020816
2026-04-26 02:00:00,0.1959760059181526,0.0,0.1959760059181526,1.1339130812471292,0.0,1.2325142187468796
2026-04-26 03:00:00,0.19018329118122337,0.0,0.19018329118122337,1.17690113369695,0.0,1.279240362714076
2026-04-26 04:00:00,0.19075047514255042,0.0,0.19075047514255042,1.2091421730343161,0.0,1.314284970689474
2026-04-26 05:00:00,0.19141063896395227,0.020425449377460055,0.17098518958649223,1.2324273681113025,0.0,1.339594965338372
2026-04-26 06:00:00,0.18620137545874588,0.038484981318085525,0.14771639414066035,1.1554071074720398,0.0,1.255877290730478
2026-04-26 07:00:00,0.21626444664964672,0.20624588374073935,0.010018562908907375,1.0712221714244732,0.0,1.1643719254613838
2026-04-26 08:00:00,0.24142741945475388,0.32325374647592986,-0.08182632702117598,0.9153904812938718,0.0,0.9949896535802953
2026-04-26 09:00:00,0.24179469183635585,0.3528870907426921,-0.11109239890633624,0.7864263239444084,0.0,0.8548112216787047
2026-04-26 10:00:00,0.24828011280782186,0.4826288874815406,-0.23434877467371873,0.6520886600387172,0.0,0.7087920217812144
2026-04-26 11:00:00,0.2499096043587393,0.6183631237515221,-0.3684535193927828,0.6198476207013515,0.0,0.6737474138058168
2026-04-26 12:00:00,0.23703871389982292,0.6005776363016498,-0.36353892240182695,0.5750683993994545,0.0,0.6250743471733202
2026-04-26 13:00:00,0.22731987805233403,0.5568858096592565,-0.3295659316069225,0.5428273600620888,0.0,0.5900297391979225
2026-04-26 14:00:00,0.22325196183405616,0.5194787366714663,-0.2962267748374101,0.5302891780975575,0.0,0.5764012805408234
2026-04-26 15:00:00,0.2540658578462729,0.4125374415632709,-0.158471583716998,0.49804813876019166,0.0,0.5413566725654257
2026-04-26 16:00:00,0.3421513877734811,0.28133407420707285,0.06081731356640824,0.4711806059790534,0.0,0.5121528325859277
2026-04-26 17:00:00,0.3788858504334166,0.1381092885231747,0.2407765619102419,0.46580709942282594,0.0,0.5063120645900282
2026-04-26 18:00:00,0.38896266680786584,0.024590925636906298,0.36437174117095955,0.5589478797307716,0.0,0.6075520431856214
2026-04-26 19:00:00,0.4261225174277705,0.0,0.4261225174277705,0.748811778050815,0.0,0.8139258457074077
2026-04-26 20:00:00,0.4305484132833892,0.0,0.4305484132833892,0.8312055452463054,0.0,0.9034842883112015
2026-04-26 21:00:00,0.38243540664419706,0.0,0.38243540664419706,0.908225805885568,0.0,0.9872019629190957
2026-04-26 22:00:00,0.3109539565876284,0.0,0.3109539565876284,0.9691255468561479,0.0,1.0533973335392912
2026-04-26 23:00:00,0.270432846742826,0.0,0.270432846742826,1.0103224304538934,0.0,1.0981765548411884
2026-04-27 00:00:00,0.22942591170204318,0.0,0.22942591170204318,1.0515193140516386,0.0,1.1429557761430853
2026-04-27 01:00:00,0.20520669193361174,0.0,0.20520669193361174,1.0998808730576874,0.0,1.195522688106182
2026-04-27 02:00:00,0.1914431829161789,0.0,0.1914431829161789,1.1428689255075084,0.0,1.2422488320733787
2026-04-27 03:00:00,0.18603401461400434,0.0,0.18603401461400434,1.1894393156614813,0.0,1.2928688213711752
2026-04-27 04:00:00,0.18581783406240052,0.0,0.18581783406240052,1.2198891861467713,0.0,1.3259665066812731
2026-04-27 05:00:00,0.18422320904637776,0.006549663328997702,0.17767354571738006,1.1948128222177092,0.0,1.298709589367075
2026-04-27 06:00:00,0.17832821113655178,0.08173833677527398,0.0965898743612778,1.1554071074720398,0.0,1.255877290730478
2026-04-27 07:00:00,0.21078321828957408,0.12298203263360678,0.0878011856559673,1.1070455484659911,0.0,1.2033103787673816
2026-04-27 08:00:00,0.23939578557114705,0.3564222646734064,-0.11702647910225933,1.0801780156848526,0.0,1.1741065387878833
2026-04-27 09:00:00,0.24141347007784145,0.36915619867706434,-0.1277427285992229,0.9959930796372863,0.0,1.0826011735187895
2026-04-27 10:00:00,0.24527682750862592,0.36071562836187065,-0.11543880085324473,0.9404668452229341,0.0,1.0222465708944937
2026-04-27 11:00:00,0.24661575319795803,0.3220205462675411,-0.07540479306958309,0.8688200911398989,0.0,0.9443696642824988
2026-04-27 12:00:00,0.23599500240049842,0.5495596869397918,-0.3135646845392934,0.8867317796606575,0.0,0.9638388909354973
2026-04-27 13:00:00,0.22510460635867913,0.2195096370931866,0.005594969265492522,0.9977842484893621,0.0,1.0845480961840892
2026-04-27 14:00:00,0.2201882383071703,0.08858031422774158,0.13160792407942873,1.0622663271640942,0.0,1.1546373121348847
2026-04-27 15:00:00,0.24580914689455213,0.300060447741864,-0.05425130084731189,1.0228606124184245,0.0,1.1118050134982875
2026-04-27 16:00:00,0.3302196038967928,0.22991419292544377,0.10030541097134901,1.0246517812705003,0.0,1.1137519361635873
2026-04-27 17:00:00,0.3653013290091881,0.11626794261015726,0.24903338639903083,1.0837603533890043,0.0,1.178000384118483
2026-04-27 18:00:00,0.3747621462044093,0.01756625185726999,0.3571958943471393,1.1446600943595844,0.0,1.2441957547386786
2026-04-27 19:00:00,0.412921542663427,0.0,0.412921542663427,1.2163068484426196,0.0,1.3220726613506735
2026-04-27 20:00:00,0.42238700790160705,0.0,0.42238700790160705,1.286162433673579,0.0,1.3980026452973684
2026-04-27 21:00:00,0.3783395945652226,0.0,0.3783395945652226,1.327359317271324,0.0,1.442781866599265
2026-04-27 22:00:00,0.3089083748247083,0.0,0.3089083748247083,1.3667650320169935,0.0,1.4856141652358625
2026-04-27 23:00:00,0.26107431280661364,0.0,0.26107431280661364,1.4330382795438013,0.0,1.557650303851958
2026-04-28 00:00:00,0.2217805528570922,0.0,0.2217805528570922,1.4706528254373947,0.0,1.598535679823255
2026-04-28 01:00:00,0.20205696276377463,0.0,0.20205696276377463,1.4939380205143813,0.0,1.6238456744721534
2026-04-28 02:00:00,0.19171980214537268,0.0,0.19171980214537268,1.510058540183064,0.0,1.641367978459852
2026-04-28 03:00:00,0.18966724675336424,0.0,0.18966724675336424,1.5190143844434434,0.0,1.6511025917863513
2026-04-28 04:00:00,0.1994837135066279,0.0,0.1994837135066279,1.5620024368932646,0.0,1.6978287357535484
2026-04-28 05:00:00,0.2240027968169316,0.01742009479553503,0.20658270202139659,1.612155164751389,0.0,1.7523425703819444
2026-04-28 06:00:00,0.24541165443185348,0.08901878541294646,0.15639286901890703,1.510058540183064,0.0,1.641367978459852
2026-04-28 07:00:00,0.23471186733970778,0.15953043288370414,0.07518143445600364,1.325568148419248,0.0,1.4408349439339654
2026-04-28 08:00:00,0.2205950283713211,0.39915493559816395,-0.17855990722684284,1.1966039910697852,0.0,1.3006565120323752
2026-04-28 09:00:00,0.20498584643888715,0.35569147936473156,-0.1507056329258444,1.0819691845369286,0.0,1.1760534614531832
2026-04-28 10:00:00,0.19679422188985993,0.14605657875501288,0.05073764313484705,0.9619608714478446,0.0,1.0456096428780919
2026-04-28 11:00:00,0.19623866030277304,0.26972372261550226,-0.07348506231272922,0.8849406108085818,0.0,0.9618919682701975
2026-04-28 12:00:00,0.18465787967561345,0.20943393464983306,-0.024776054974219613,0.7917998305006363,0.0,0.8606519896746047
2026-04-28 13:00:00,0.1781375898179485,0.26899293730682755,-0.09085534748887905,0.7559764534591183,0.0,0.8217135363686068
2026-04-28 14:00:00,0.1802343105169452,0.18326268578291757,-0.003028375265972383,0.7756793108319532,0.0,0.8431296856869056
2026-04-28 15:00:00,0.22414690004199195,0.10848507907277087,0.11566182096922108,0.777470479684029,0.0,0.8450766083522054
2026-04-28 16:00:00,0.34796036658571133,0.032931012972157205,0.3150293536135541,0.8168761944296982,0.0,0.8879089069888023
2026-04-28 17:00:00,0.38077567877990315,0.014643110622570876,0.36613256815733225,0.8580730780274436,0.0,0.9326881282906995
2026-04-28 18:00:00,0.39895578492187805,0.025422193925523855,0.3735335909963542,0.9189728189980234,0.0,0.998883498910895
2026-04-28 19:00:00,0.44485119516316496,0.0,0.44485119516316496,1.1715276271407227,0.0,1.2733995947181767
2026-04-28 20:00:00,0.41530418461856916,0.0,0.41530418461856916,1.2378008746675302,0.0,1.345435733334272
2026-04-28 21:00:00,0.3781350386047817,0.0,0.3781350386047817,1.2789977582652754,0.0,1.3902149546361688
2026-04-28 22:00:00,0.3251498272491048,0.0,0.3251498272491048,1.3130299664547174,0.0,1.4272064852768667
2026-04-28 23:00:00,0.2589566700254992,0.0,0.2589566700254992,1.3810943828336009,0.0,1.5011895465582616
2026-04-29 00:00:00,0.21966755931517262,0.0,0.21966755931517262,1.4402029549521045,0.0,1.5654379945131571
2026-04-29 01:00:00,0.198753812763326,0.0,0.198753812763326,1.4796086696977742,0.0,1.6082702931497546
2026-04-29 02:00:00,0.18738223934964254,0.0,0.18738223934964254,1.5172232155913674,0.0,1.6491556691210516
2026-04-29 03:00:00,0.1872706620286221,0.0,0.1872706620286221,1.5620024368932646,0.0,1.6978287357535484
2026-04-29 04:00:00,0.19820290071439128,0.0,0.19820290071439128,1.6282756844200719,0.0,1.7698648743696432
2026-04-29 05:00:00,0.2157972254736563,0.04045810165150742,0.17533912382214886,1.6551432172012104,0.0,1.7990687143491417
2026-04-29 06:00:00,0.22615994405575202,0.16338532538696363,0.06277461866878839,1.4151265910230422,0.0,1.5381810771989588
2026-04-29 07:00:00,0.22656905819927395,0.3049932485754188,-0.07842419037614487,1.1894393156614813,0.0,1.2928688213711752
2026-04-29 08:00:00,0.22322406607814932,0.35937281035718077,-0.13614874427903145,1.0228606124184245,0.0,1.1118050134982875
2026-04-29 09:00:00,0.21226393281615816,0.4717401863822864,-0.25947625356612825,0.8885229485127336,0.0,0.9657858136007974
2026-04-29 10:00:00,0.19801227334136315,0.5673543092060227,-0.3693420358646595,0.8061291813172433,0.0,0.8762273709970035
2026-04-29 11:00:00,0.19948137205165895,0.3546775147489453,-0.15519614269728638,0.7738881419798772,0.0,0.8411827630216056
2026-04-29 12:00:00,0.18507861918973564,0.3641777237617174,-0.17909910457198178,0.7846351550923325,0.0,0.8528642990134049
2026-04-29 13:00:00,0.18082241471401939,0.25555562244357005,-0.07473320772955067,0.763141128867422,0.0,0.8295012270298066
2026-04-29 14:00:00,0.18135938056294787,0.4149124938164639,-0.23355311325351602,0.7792616485361048,0.0,0.8470235310175053
2026-04-29 15:00:00,0.21793112197320538,0.2864587061841547,-0.06852758421094932,0.8562819091753677,0.0,0.9307412056253997
2026-04-29 16:00:00,0.3236132959320947,0.08644276719986785,0.23717052873222685,0.9601697025957688,0.0,1.0436627202127922
2026-04-29 17:00:00,0.36396239210743786,0.08186622420429206,0.2820961679031458,1.0622663271640942,0.0,1.1546373121348847
2026-04-29 18:00:00,0.3908594646548516,0.009564152727281163,0.38129531192757044,1.1303307435429772,0.0,1.2286203734162795
2026-04-29 19:00:00,0.4375893802435742,0.0,0.4375893802435742,1.286162433673579,0.0,1.3980026452973684
2026-04-29 20:00:00,0.4134422404301415,0.0,0.4134422404301415,1.2843712648215033,0.0,1.3960557226320687
2026-04-29 21:00:00,0.37714014232029,0.0,0.37714014232029,1.2503390566320611,0.0,1.3590641919913706
2026-04-29 22:00:00,0.32658638352583275,0.0,0.32658638352583275,1.2073510041822402,0.0,1.312338048024174
2026-04-29 23:00:00,0.26377308538908545,0.0,0.26377308538908545,1.1858569779573296,0.0,1.2889749760405755
2026-04-30 00:00:00,0.22546027463566223,0.0,0.22546027463566223,1.1840658091052538,0.0,1.2870280533752758
2026-04-30 01:00:00,0.20184078168239986,0.0,0.20184078168239986,1.1894393156614813,0.0,1.2928688213711752
2026-04-30 02:00:00,0.19010658217079093,0.0,0.19010658217079093,1.2037686664780882,0.0,1.308444202693574
2026-04-30 03:00:00,0.187433378756819,0.0,0.187433378756819,1.1912304845135573,0.0,1.2948157440364754
2026-04-30 04:00:00,0.19429537485759366,0.0,0.19429537485759366,1.2037686664780882,0.0,1.308444202693574
2026-04-30 05:00:00,0.20795195503424324,0.0032154553581690256,0.2047364996760742,1.2037686664780882,0.0,1.308444202693574
2026-04-30 06:00:00,0.2221315430089186,0.042330739004986545,0.17980080400393206,1.180483471401102,0.0,1.2831342080446761
2026-04-30 07:00:00,0.22522548258524444,0.07425692217771593,0.1509685604075285,1.2001863287739365,0.0,1.3045503573629744
2026-04-30 08:00:00,0.21739183379949176,0.08922888618919045,0.1281629476103013,1.14645126321166,0.0,1.246142677403978
2026-04-30 09:00:00,0.20151300674629277,0.10656676763749957,0.0949462391087932,1.073013340276549,0.0,1.1663188481266835
2026-04-30 10:00:00,0.1921289015098512,0.1033147730138968,0.08881412849595441,1.056892820607866,0.0,1.148796544138985
2026-04-30 11:00:00,0.19236600210473165,0.1310115362126709,0.061354465892060756,0.9691255468561479,0.0,1.0533973335392912
2026-04-30 12:00:00,0.1779353548465513,0.1165967959990609,0.061338558847490385,0.9547961960395411,0.0,1.0378219522168926
2026-04-30 13:00:00,0.17057591162246905,0.11810404069820263,0.05247187092426642,0.9225551567021752,0.0,1.002777344241495
2026-04-30 14:00:00,0.17673590168976583,0.09109238872631113,0.0856435129634547,0.9404668452229341,0.0,1.0222465708944937
2026-04-30 15:00:00,0.22359133793022506,0.10468499546766201,0.11890634246256306,0.9673343780040721,0.0,1.0514504108739913
2026-04-30 16:00:00,0.344164415037896,0.08571198189119307,0.25845243314670296,1.0139047681580449,0.0,1.102070400171788
2026-04-30 17:00:00,0.3844646956932314,0.048953480864851726,0.33551121482837964,1.0783868468327769,0.0,1.1721596161225836
2026-04-30 18:00:00,0.40315619782716805,0.011473329346194022,0.391682868480974,1.132121912395053,0.0,1.2305672960815792
2026-04-30 19:00:00,0.43319835330619777,0.0,0.43319835330619777,1.266459576300744,0.0,1.3765864959790697
2026-04-30 20:00:00,0.4033328843846144,0.0,0.4033328843846144,1.2951182779339583,0.0,1.4077372586238677
2026-04-30 21:00:00,0.3704013461995884,0.0,0.3704013461995884,1.327359317271324,0.0,1.442781866599265
2026-04-30 22:00:00,0.32460821350163993,0.0,0.32460821350163993,1.3613915254607658,0.0,1.479773397239963
2026-04-30 23:00:00,0.26468429854415115,0.0,0.26468429854415115,1.3846767205377521,0.0,1.505083391888861
2026-05-01 00:00:00,0.22759418748570417,0.0,0.22759418748570417,1.4043795779105872,0.0,1.5264995412071598
2026-05-01 01:00:00,0.20348421987859813,0.0,0.20348421987859813,1.4169177598751181,0.0,1.5401279998642587
2026-05-01 02:00:00,0.19136414949145697,0.0,0.19136414949145697,1.436620617247953,0.0,1.5615441491825575
2026-05-01 03:00:00,0.1849089452126506,0.0,0.1849089452126506,1.4491587992124841,0.0,1.5751726078396566
2026-05-01 04:00:00,0.19088529728506462,0.0,0.19088529728506462,1.461696981177015,0.0,1.5888010664967556
2026-05-01 05:00:00,0.21060423759176164,0.00780113317010326,0.2028031044216584,1.4670704877332428,0.0,1.5946418344926552
2026-05-01 06:00:00,0.24299414852646797,0.03798256641837161,0.20501158210809636,1.4473676303604084,0.0,1.573225685174357
2026-05-01 07:00:00,0.25737830367740766,0.07114194979948968,0.18623635387791798,1.4007972402064353,0.0,1.52260569587656
2026-05-01 08:00:00,0.2591030990030323,0.09701174972657685,0.16209134927645547,1.330941654975476,0.0,1.4466757119298652
2026-05-01 09:00:00,0.24894260165874607,0.11111590618400007,0.13782669547474602,1.2682507451528204,0.0,1.37853341864437
2026-05-01 10:00:00,0.24305458082989437,0.12364887422777253,0.11940570660212184,1.166154120584495,0.0,1.267558826722277
2026-05-01 11:00:00,0.2528454771479777,0.21591965426432172,0.036925822883656007,1.0658486648682457,0.0,1.1585311574654844
2026-05-01 12:00:00,0.24215034214444217,0.2635668563899172,-0.021416514245475055,0.9744990534123759,0.0,1.059238101535191
2026-05-01 13:00:00,0.2312878409592984,0.3213902439388091,-0.09010240297951069,0.94225801407501,0.0,1.0241934935597934
2026-05-01 14:00:00,0.2308508308415264,0.36425993710894333,-0.13340910626741692,0.9440491829270857,0.0,1.026140416225093
2026-05-01 15:00:00,0.26140205420634727,0.2817086016777687,-0.02030654747142141,1.001366586193514,0.0,1.088441941514689
2026-05-01 16:00:00,0.3659661316180212,0.18694401677536676,0.17902211484265446,1.0658486648682457,0.0,1.1585311574654844
2026-05-01 17:00:00,0.3892508937837815,0.11303421761927135,0.2762166761645102,1.139286587803357,0.0,1.2383549867427792
2026-05-01 18:00:00,0.39568517823006477,0.030893948924226262,0.3647912293058385,1.2073510041822402,0.0,1.312338048024174
2026-05-01 19:00:00,0.42843540377516387,0.0,0.42843540377516387,1.3488533434962349,0.0,1.466144938582864
2026-05-01 20:00:00,0.39646391393936714,0.0,0.39646391393936714,1.438411786100029,0.0,1.5634910718478576
2026-05-01 21:00:00,0.36477367199273775,0.0,0.36477367199273775,1.465279318881167,0.0,1.5926949118273552
2026-05-01 22:00:00,0.3230368339921719,0.0,0.3230368339921719,1.4849821762540016,0.0,1.614111061145654
2026-05-01 23:00:00,0.2673412286826408,0.0,0.2673412286826408,1.4849821762540016,0.0,1.614111061145654
2026-05-02 00:00:00,0.22661323699920385,0.0,0.22661323699920385,1.4760263319936224,0.0,1.6043764478191547
2026-05-02 01:00:00,0.2030472088336544,0.0,0.2030472088336544,1.4599058123249393,0.0,1.5868541438314556
2026-05-02 02:00:00,0.1898090425761878,0.0,0.1898090425761878,1.42050009757927,0.0,1.5440218451948589
2026-05-02 03:00:00,0.1842813232650591,0.0,0.1842813232650591,1.3954237336502078,0.0,1.5167649278806605
2026-05-02 04:00:00,0.18487407702486724,0.0,0.18487407702486724,1.363182694312842,0.0,1.4817203199052629
2026-05-02 05:00:00,0.18081778036578255,0.025961148090671505,0.15485663227511104,1.2915359402298068,0.0,1.4038434132932682
2026-05-02 06:00:00,0.18023896999955738,0.14858692288629932,0.03165204711325806,1.132121912395053,0.0,1.2305672960815792
2026-05-02 07:00:00,0.21288923662044948,0.10370757011730951,0.10918166650313997,0.9350933386667065,0.0,1.016405802898594
2026-05-02 08:00:00,0.23751059538594557,0.1026844706851648,0.13482612470078076,0.8168761944296982,0.0,0.8879089069888023
2026-05-02 09:00:00,0.23450730696953748,0.07031981632723057,0.16418749064230692,0.7864263239444084,0.0,0.8548112216787047
2026-05-02 10:00:00,0.23194335620662174,0.05957727228971132,0.1723660839169104,0.8706112599919748,0.0,0.9463165869477986
2026-05-02 11:00:00,0.23691551363670413,0.20084720727290445,0.03606830636379968,0.9297198321104788,0.0,1.0105650349026942
2026-05-02 12:00:00,0.22932594225648703,0.3188781694402396,-0.08955222718375258,0.9404668452229341,0.0,1.0222465708944937
2026-05-02 13:00:00,0.2208786219051916,0.4402890136601956,-0.21941039175500401,0.8079203501693191,0.0,0.8781742936623034
2026-05-02 14:00:00,0.21864940311278758,0.36162910999771414,-0.14297970688492656,0.7470206091987392,0.0,0.8119789230421078
2026-05-02 15:00:00,0.2573015939769865,0.3497629835481074,-0.09246138957112093,0.8258320386900777,0.0,0.8976435203153018
2026-05-02 16:00:00,0.3483183491442959,0.14528011936454593,0.20303822977974995,0.8831494419565059,0.0,0.9599450456048977
2026-05-02 17:00:00,0.3762033468542409,0.08220421240955414,0.2939991344446867,0.9727078845603,0.0,1.0572911788698913
2026-05-02 18:00:00,0.37577563724485535,0.019648989986993107,0.35612664725786225,1.08555152224108,0.0,1.1799473067837827
2026-05-02 19:00:00,0.39313286564685024,0.0,0.39313286564685024,1.1912304845135573,0.0,1.2948157440364754
2026-05-02 20:00:00,0.3914382892311337,0.0,0.3914382892311337,1.2467567189279094,0.0,1.3551703466607712
2026-05-02 21:00:00,0.36540129142699473,0.0,0.36540129142699473,1.2807889271173514,0.0,1.3921618773014688
2026-05-02 22:00:00,0.3190479503919473,0.0,0.3190479503919473,1.3398974992358554,0.0,1.4564103252563645
2026-05-02 23:00:00,0.2659302429292389,0.0,0.2659302429292389,1.3846767205377521,0.0,1.505083391888861
2026-05-03 00:00:00,0.22480940598852325,0.0,0.22480940598852325,1.452741136916636,0.0,1.5790664531702565
2026-05-03 01:00:00,0.2007993932758258,0.0,0.2007993932758258,1.4921468516623053,0.0,1.6218987518068537
2026-05-03 02:00:00,0.1869126844323661,0.0,0.1869126844323661,1.5620024368932646,0.0,1.6978287357535484
2026-05-03 03:00:00,0.18189171162216564,0.0,0.18189171162216564,1.6175286713076167,0.0,1.7581833383778442
2026-05-03 04:00:00,0.18089449109694503,0.0,0.18089449109694503,1.6390226975325275,0.0,1.781546410361443
2026-05-03 05:00:00,0.17701950745032805,0.050588612993011546,0.1264308944573165,1.6443962040887545,0.0,1.7873871783573418
2026-05-03 06:00:00,0.1704620203951657,0.14770084569953115,0.022761174695634545,1.569167112301568,0.0,1.7056164264147478
2026-05-03 07:00:00,0.20530896350180175,0.2726194594011261,-0.06731049589932434,1.465279318881167,0.0,1.5926949118273552
2026-05-03 08:00:00,0.23736415167874195,0.28961935264417316,-0.05225520096543121,1.3793032139815247,0.0,1.4992426238929617
2026-05-03 09:00:00,0.24104154641649453,0.3937379894976122,-0.15269644308111766,1.325568148419248,0.0,1.4408349439339654
2026-05-03 10:00:00,0.24225494600283315,0.2715141466217555,-0.029259200618922343,1.2449655500758336,0.0,1.3532234239954712
2026-05-03 11:00:00,0.24334747181986288,0.4379779051215116,-0.1946304333016487,1.2539213943362135,0.0,1.3629580373219712
2026-05-03 12:00:00,0.23495826448266788,0.321134469080773,-0.0861762045981051,1.2897447713777306,0.0,1.401896490627968
2026-05-03 13:00:00,0.22290095729735648,0.27942489758815997,-0.05652394029080349,1.3434798369400072,0.0,1.4603041705869644
2026-05-03 14:00:00,0.2171221902520468,0.3272182567754905,-0.1100960665234437,1.3703473697211452,0.0,1.4895080105664622
2026-05-03 15:00:00,0.23756173405666572,0.2065199282314924,0.031041805825173324,1.4276647729875733,0.0,1.551809535856058
2026-05-03 16:00:00,0.3182994426431618,0.13457411459246046,0.18372532805070133,1.45094996806456,0.0,1.5771195305049563
2026-05-03 17:00:00,0.35171680757504564,0.044322128971125314,0.30739467860392033,1.5369260729642023,0.0,1.67057181843935
2026-05-03 18:00:00,0.36058719538309264,0.021804806647583705,0.3387823887355089,1.5888699696744026,0.0,1.7270325757330465
2026-05-03 19:00:00,0.3997066207470445,0.0,0.3997066207470445,1.6354403598283755,0.0,1.777652565030843
2026-05-03 20:00:00,0.4142023572688169,0.0,0.4142023572688169,1.6640990614615896,0.0,1.8088033276756408
2026-05-03 21:00:00,0.3742530805845313,0.0,0.3742530805845313,1.674846074574045,0.0,1.82048486366744
2026-05-03 22:00:00,0.306865117593013,0.0,0.306865117593013,1.6927577630948039,0.0,1.8399540903204388
2026-05-03 23:00:00,0.24795004636306245,0.0,0.24795004636306245,1.7267899712842454,0.0,1.8769456209611364
2026-05-04 00:00:00,0.20919092669442493,0.0,0.20919092669442493,1.7572398417695358,0.0,1.9100433062712345
2026-05-04 01:00:00,0.18842595006660143,0.0,0.18842595006660143,1.8038102319235083,0.0,1.9606632955690309
2026-05-04 02:00:00,0.17887215483009603,0.0,0.17887215483009603,1.864709972894088,0.0,2.026858666189226
2026-05-04 03:00:00,0.1773937571277021,0.0,0.1773937571277021,1.9488949089416545,0.0,2.11836403145832
2026-05-04 04:00:00,0.18597822590113997,0.0,0.18597822590113997,1.9775536105748688,0.0,2.1495147941031183
2026-05-04 05:00:00,0.19856784894782736,0.05639835619697603,0.14216949275085133,1.9399390646812755,0.0,2.1086294181318213
2026-05-04 06:00:00,0.2198186402105099,0.1640704366138462,0.05574820359666369,1.8306777647046466,0.0,1.9898671355485287
2026-05-04 07:00:00,0.2251394751181104,0.2578393265331787,-0.032699851415068315,1.676637243426121,0.0,1.8224317863327402
2026-05-04 08:00:00,0.21741275389316425,0.45468548424108873,-0.23727273034792448,1.6049904893430857,0.0,1.7445548797207453
2026-05-04 09:00:00,0.20195234073855312,0.4830216845849532,-0.2810693438464001,1.54229957952043,0.0,1.6764125864352497
2026-05-04 10:00:00,0.19540880390610513,0.3031114764055812,-0.1077026724994761,1.4688616565853188,0.0,1.5965887571579551
2026-05-04 11:00:00,0.19356778021065676,0.45287679060211866,-0.2593090103914619,1.445576461508332,0.0,1.5712787625090565
2026-05-04 12:00:00,0.18258207871783297,0.12686432958594154,0.055717749131891425,1.445576461508332,0.0,1.5712787625090565
2026-05-04 13:00:00,0.17619661115199828,0.5648422347074531,-0.38864562355545484,1.4760263319936224,0.0,1.6043764478191547
2026-05-04 14:00:00,0.18096421040699517,0.18751951020594815,-0.006555299798952974,1.4581146434728633,0.0,1.584907221166156
2026-05-04 15:00:00,0.22569038298681604,0.23776100017733914,-0.012070617190523103,1.4473676303604084,0.0,1.573225685174357
2026-05-04 16:00:00,0.3483369358398752,0.26956843073740894,0.07876850510246625,1.4778175008456984,0.0,1.6063233704844546
2026-05-04 17:00:00,0.37511313348177455,0.1223608651212332,0.2527522683605413,1.5315525664079745,0.0,1.6647310504434505
2026-05-04 18:00:00,0.3856432314889288,0.04382884888776983,0.341814382601159,1.5458819172245815,0.0,1.6803064317658494
2026-05-04 19:00:00,0.4238188972154585,0.0,0.4238188972154585,1.596034645082706,0.0,1.7348202663942458
2026-05-04 20:00:00,0.3988302781927124,0.0,0.3988302781927124,1.6211110090117686,0.0,1.7620771837084441
2026-05-04 21:00:00,0.3647016115021641,0.0,0.3647016115021641,1.6999224385031075,0.0,1.8477417809816385
2026-05-04 22:00:00,0.30979169437516874,0.0,0.30979169437516874,1.7375369843967006,0.0,1.8886271569529354
2026-05-04 23:00:00,0.2482685071377047,0.0,0.2482685071377047,1.7303723089883971,0.0,1.8808394662917358
2026-05-05 00:00:00,0.20931877651480335,0.0,0.20931877651480335,1.705295945059335,0.0,1.853582548977538
2026-05-05 01:00:00,0.18864445613329694,0.0,0.18864445613329694,1.6963401007989554,0.0,1.8438479356510384
2026-05-05 02:00:00,0.17582702786471546,0.0,0.17582702786471546,1.7106694516155627,0.0,1.8594233169734375
2026-05-05 03:00:00,0.17355829181818477,0.0,0.17355829181818477,1.7160429581717904,0.0,1.8652640849693372
2026-05-05 04:00:00,0.18155930486275618,0.0,0.18155930486275618,1.7590310106216112,0.0,1.9119902289365338
2026-05-05 05:00:00,0.19642463753342335,0.043481725866149325,0.15294291166727403,1.7447016598050045,0.0,1.8964148476141354
2026-05-05 06:00:00,0.21812871206821746,0.16877486703844008,0.04935384502977738,1.7142517893197142,0.0,1.8633171623040372
2026-05-05 07:00:00,0.21587624700242036,0.3447571041836852,-0.12888085718126485,1.5888699696744026,0.0,1.7270325757330465
2026-05-05 08:00:00,0.20952099545335467,0.306363471029184,-0.09684247557582931,1.4813998385498497,0.0,1.610217215815054
2026-05-05 09:00:00,0.19606897166380036,0.5036937740040911,-0.30762480234029077,1.3954237336502078,0.0,1.5167649278806605
2026-05-05 10:00:00,0.1906551538217303,0.6403780311753499,-0.4497228773536196,1.3291504861234003,0.0,1.4447287892645655
2026-05-05 11:00:00,0.19357475646604042,0.6046517643975117,-0.4110770079314713,1.3148211353067931,0.0,1.4291534079421664
2026-05-05 12:00:00,0.18678249621888368,0.2833985427040791,-0.09661604648519542,1.271833082856972,0.0,1.3824272639749695
2026-05-05 13:00:00,0.17952068240360503,0.4638477050485988,-0.28432702264499377,1.2789977582652754,0.0,1.3902149546361688
2026-05-05 14:00:00,0.18432314965472815,0.3199926170359686,-0.13566946738124044,1.3058652910464137,0.0,1.4194187946156671
2026-05-05 15:00:00,0.22976527547640074,0.3147309628135102,-0.08496568733710946,1.327359317271324,0.0,1.442781866599265
2026-05-05 16:00:00,0.35565686556269577,0.22916513798405208,0.1264917275786437,1.372138538573221,0.0,1.491454933231762
2026-05-05 17:00:00,0.37444367241237747,0.10548885930720427,0.2689548131051732,1.445576461508332,0.0,1.5712787625090565
2026-05-05 18:00:00,0.38224012848916417,0.04366442219331801,0.33857570629584616,1.5011026959226847,0.0,1.6316333651333528
2026-05-05 19:00:00,0.41860498875012564,0.0,0.41860498875012564,1.5888699696744026,0.0,1.7270325757330465
2026-05-05 20:00:00,0.39432302603129293,0.0,0.39432302603129293,1.6354403598283755,0.0,1.777652565030843
2026-05-05 21:00:00,0.36749569005860033,0.0,0.36749569005860033,1.6712637368698933,0.0,1.8165910183368406
2026-05-05 22:00:00,0.3196453537456962,0.0,0.3196453537456962,1.703504776207259,0.0,1.8516356263122382
2026-05-05 23:00:00,0.25733182803393356,0.0,0.25733182803393356,1.717834127023866,0.0,1.8672110076346369
2026-05-06 00:00:00,0.2156275359965408,0.0,0.2156275359965408,1.7106694516155627,0.0,1.8594233169734375
2026-05-06 01:00:00,0.19310289362906438,0.0,0.19310289362906438,1.703504776207259,0.0,1.8516356263122382
2026-05-06 02:00:00,0.17950442536792133,0.0,0.17950442536792133,1.6784284122781967,0.0,1.8243787089980399
2026-05-06 03:00:00,0.1758665443584548,0.0,0.1758665443584548,1.6336491909762998,0.0,1.775705642365543
2026-05-06 04:00:00,0.18318647199769883,0.0,0.18318647199769883,1.6372315286804513,0.0,1.7795994876961427
2026-05-06 05:00:00,0.19586907630770722,0.04703516942958043,0.1488339068781268,1.6229021778638446,0.0,1.764024106373744
2026-05-06 06:00:00,0.21646900120274992,0.18091503797879985,0.035553963223950075,1.5225967221475951,0.0,1.6549964371169512
2026-05-06 07:00:00,0.22077634299812546,0.21822162798664727,0.0025547150114781925,1.3649738631649178,0.0,1.4836672425705628
2026-05-06 08:00:00,0.21624119475166928,0.2811970519616963,-0.06495585721002703,1.255712563188289,0.0,1.3649049599872707
2026-05-06 09:00:00,0.20463716802938492,0.37869294695527017,-0.17405577892588525,1.1876481468094053,0.0,1.2909218987058755
2026-05-06 10:00:00,0.19221723364672863,0.17604618085975413,0.016171052786974505,1.2037686664780882,0.0,1.308444202693574
2026-05-06 11:00:00,0.19287972242273277,0.09648193037778763,0.09639779204494514,1.1966039910697852,0.0,1.3006565120323752
2026-05-06 12:00:00,0.18193121310296737,0.34303975870829945,-0.16110854560533208,1.14645126321166,0.0,1.246142677403978
2026-05-06 13:00:00,0.17760527306662816,0.12262577479562782,0.054979498271000335,1.0980897042056115,0.0,1.193575765440882
2026-05-06 14:00:00,0.1791115651779014,0.2460736830635148,-0.0669621178856134,1.150033600915812,0.0,1.2500365227345784
2026-05-06 15:00:00,0.2163806629638648,0.20049094943492546,0.015889713528939337,1.2825800959694271,0.0,1.3941087999667685
2026-05-06 16:00:00,0.3231762839597584,0.25479743268581995,0.06837885127393845,1.3542268500524623,0.0,1.4719857065787634
2026-05-06 17:00:00,0.3562775130436842,0.07109627571769751,0.2851812373259867,1.39005022709398,0.0,1.510924159884761
2026-05-06 18:00:00,0.37084995851888014,0.010294938035955941,0.3605550204829242,1.436620617247953,0.0,1.5615441491825575
2026-05-06 19:00:00,0.41131992975750314,0.0,0.41131992975750314,1.5172232155913674,0.0,1.6491556691210516
2026-05-06 20:00:00,0.3921379727342797,0.0,0.3921379727342797,1.5942434762306306,0.0,1.7328733437289463
2026-05-06 21:00:00,0.36587084718935203,0.0,0.36587084718935203,1.6354403598283755,0.0,1.777652565030843
2026-05-06 22:00:00,0.31874343800709554,0.0,0.31874343800709554,1.735745815544625,0.0,1.8866802342876359
2026-05-06 23:00:00,0.2578060312126164,0.0,0.2578060312126164,1.9076980253439098,0.0,2.0735848101564236
2026-05-07 00:00:00,0.22040675848270253,0.0,0.22040675848270253,1.9793447794269443,0.0,2.151461716768418
2026-05-07 01:00:00,0.19537395453446177,0.0,0.19537395453446177,2.0402445203975246,0.0,2.2176570873886137
2026-05-07 02:00:00,0.1832585327422964,0.0,0.1832585327422964,2.02054166302469,0.0,2.1962409380703147
2026-05-07 03:00:00,0.17938587485434668,0.0,0.17938587485434668,1.9668065974624134,0.0,2.137833258111319
2026-05-07 04:00:00,0.18265415590685732,0.0,0.18265415590685732,1.7482839975091562,0.0,1.9003086929447348
2026-05-07 05:00:00,0.18877695193261862,0.017730678551721814,0.1710462733808968,1.7017136073551828,0.0,1.8496887036469378
2026-05-07 06:00:00,0.20443958788714375,0.10684081212825261,0.09759877575889114,1.6784284122781967,0.0,1.8243787089980399
2026-05-07 07:00:00,0.21065536347384822,0.1759639675125282,0.03469139596132001,1.445576461508332,0.0,1.5712787625090565
2026-05-07 08:00:00,0.205246193189574,0.282850453722573,-0.07760426053299901,1.3524356812003866,0.0,1.4700387839134637
2026-05-07 09:00:00,0.19108518990734125,0.2988363823498338,-0.10775119244249254,1.243174381223758,0.0,1.3512765013301715
2026-05-07 10:00:00,0.18098048225581145,0.08818751712432889,0.09279296513148257,1.103463210761839,0.0,1.1994165334367815
2026-05-07 11:00:00,0.18309579883418137,0.0935313846940132,0.08956441414016816,0.9942019107852105,0.0,1.0806542508534895
2026-05-07 12:00:00,0.17077117102793685,0.5073111612820311,-0.3365399902540943,0.9243463255542509,0.0,1.0047242669067944
2026-05-07 13:00:00,0.16623602469630883,0.4368908619748578,-0.270654837278549,0.8921052862168852,0.0,0.969679658931397
2026-05-07 14:00:00,0.17282605125142916,0.4834875602192334,-0.3106615089678042,0.899269961625189,0.0,0.9774673495925967
2026-05-07 15:00:00,0.21384460619683016,0.40142950487141427,-0.1875848986745841,0.8867317796606575,0.0,0.9638388909354973
2026-05-07 16:00:00,0.3265700887963277,0.31319631366529316,0.013373775131034549,0.9315110009625546,0.0,1.0125119575679942
2026-05-07 17:00:00,0.36505724096141806,0.17535193481651312,0.18970530614490494,0.9458403517791618,0.0,1.0280873388903933
2026-05-07 18:00:00,0.38221920727173525,0.04939195205005659,0.33282725522167866,0.9995754173414382,0.0,1.0864950188493894
2026-05-07 19:00:00,0.41057608254062133,0.0,0.41057608254062133,1.0712221714244732,0.0,1.1643719254613838
2026-05-07 20:00:00,0.3859872820457077,0.0,0.3859872820457077,1.2145156795905436,0.0,1.3201257386853733
2026-05-07 21:00:00,0.35813018113361483,0.0,0.35813018113361483,1.341688668087931,0.0,1.458357247921664
2026-05-07 22:00:00,0.3199196474147839,0.0,0.3199196474147839,1.4276647729875733,0.0,1.551809535856058
2026-05-07 23:00:00,0.26135790404021547,0.0,0.26135790404021547,1.4724439942894705,0.0,1.6004826024885548
2026-05-08 00:00:00,0.2211994204379241,0.0,0.2211994204379241,1.4903556828102293,0.0,1.6199518291415536
2026-05-08 01:00:00,0.1964711291945872,0.0,0.1964711291945872,1.540508410668354,0.0,1.67446566376995
2026-05-08 02:00:00,0.18230082823798352,0.0,0.18230082823798352,1.5476730860766574,0.0,1.6822533544311495
2026-05-08 03:00:00,0.17667547920489132,0.0,0.17667547920489132,1.5369260729642023,0.0,1.67057181843935
2026-05-08 04:00:00,0.17848395859622648,0.0,0.17848395859622648,1.4903556828102293,0.0,1.6199518291415536
2026-05-08 05:00:00,0.18635247278900194,0.001763019557177903,0.18458945323182405,1.431247110691725,0.0,1.5557033811866576
2026-05-08 06:00:00,0.21656430619983263,0.12121901307642886,0.09534529312340377,1.3524356812003866,0.0,1.4700387839134637
2026-05-08 07:00:00,0.23197822558729425,0.09691126674663406,0.1350669588406602,1.300491784490186,0.0,1.4135780266197673
2026-05-08 08:00:00,0.23248264633956198,0.20312177654615468,0.029360869793407296,1.2754154205611237,0.0,1.3863211093055692
2026-05-08 09:00:00,0.2222128962895466,0.1782750760512122,0.043937820238334396,1.1697364582886467,0.0,1.271452672052877
2026-05-08 10:00:00,0.21464424457710213,0.13369717222205074,0.08094707235505139,1.166154120584495,0.0,1.267558826722277
2026-05-08 11:00:00,0.22003713997474217,0.1895565742538791,0.03048056572086308,1.167945289436571,0.0,1.2695057493875772
2026-05-08 12:00:00,0.2120616979029905,0.11762903024756405,0.09443266765542646,1.1518247697678878,0.0,1.2519834453998782
2026-05-08 13:00:00,0.20419318444843748,0.09974305981774882,0.10445012463068866,1.0962985353535355,0.0,1.1916288427755821
2026-05-08 14:00:00,0.20658279543245583,0.052936260797129264,0.15364653463532657,1.0389811320871072,0.0,1.1293273174859861
2026-05-08 15:00:00,0.23172252591465564,0.07380931617615262,0.15791320973850304,0.9368845075187823,0.0,1.0183527255638938
2026-05-08 16:00:00,0.3192455153561173,0.2559940936287749,0.06325142172734238,0.8240408698380018,0.0,0.895696597650002
2026-05-08 17:00:00,0.34525461975434,0.17434710501708528,0.17090751473725474,0.7559764534591183,0.0,0.8217135363686068
2026-05-08 18:00:00,0.3532300635532377,0.05088092711648145,0.30234913643675626,0.7864263239444084,0.0,0.8548112216787047
2026-05-08 19:00:00,0.3901574598478868,0.0,0.3901574598478868,0.8974787927731129,0.0,0.9755204269272966
2026-05-08 20:00:00,0.371963426036372,0.0,0.371963426036372,1.0031577550455901,0.0,1.0903888641799893
2026-05-08 21:00:00,0.3547061569385968,0.0,0.3547061569385968,1.0783868468327769,0.0,1.1721596161225836
2026-05-08 22:00:00,0.3205170499773222,0.0,0.3205170499773222,1.137495418951281,0.0,1.2364080640774793
2026-05-08 23:00:00,0.2681013488114606,0.0,0.2681013488114606,1.1840658091052538,0.0,1.2870280533752758
2026-05-09 00:00:00,0.22709441346737358,0.0,0.22709441346737358,1.2055598353301642,0.0,1.3103911253588743
2026-05-09 01:00:00,0.20199419908236071,0.0,0.20199419908236071,1.1966039910697852,0.0,1.3006565120323752
2026-05-09 02:00:00,0.18640826274311653,0.0,0.18640826274311653,1.2306361992592267,0.0,1.3376480426730724
2026-05-09 03:00:00,0.17983683180768534,0.0,0.17983683180768534,1.255712563188289,0.0,1.3649049599872707
2026-05-09 04:00:00,0.17870246412109836,0.0,0.17870246412109836,1.2969094467860343,0.0,1.4096841812891676
2026-05-09 05:00:00,0.16766794491673853,0.06849285305554362,0.09917509186119491,1.2933271090818823,0.0,1.4057903359585677
2026-05-09 06:00:00,0.16561306108517554,0.20101163396735627,-0.035398572882180734,1.1948128222177092,0.0,1.298709589367075
2026-05-09 07:00:00,0.1990490172000073,0.343176780953676,-0.14412776375366868,1.0533104829037145,0.0,1.1449026988083852
2026-05-09 08:00:00,0.2239283986653633,0.42944598664273353,-0.20551758797737024,0.8473260649149882,0.0,0.9210065922989001
2026-05-09 09:00:00,0.21885395882199302,0.40949554771591207,-0.19064158889391905,0.6664180108553244,0.0,0.7243674031036134
2026-05-09 10:00:00,0.21282181784972987,0.5915707073722333,-0.3787488895225034,0.521333333837178,0.0,0.5666666672143239
2026-05-09 11:00:00,0.21530905866057107,0.6530936955462912,-0.4377846368857201,0.46759826827490175,0.0,0.508258987255328
2026-05-09 12:00:00,0.2073568617822955,0.6409535246059312,-0.43359666282363574,0.48192761909150883,0.0,0.5238343685777269
2026-05-09 13:00:00,0.19810758008726762,0.6103336201724581,-0.4122260400851905,0.5338715158017092,0.0,0.580295125871423
2026-05-09 14:00:00,0.1960410783584314,0.5408542069502036,-0.34481312859177216,0.5446185289141646,0.0,0.5919766618632224
2026-05-09 15:00:00,0.22189676279134737,0.43246047604101706,-0.2105637132496697,0.5464096977662404,0.0,0.5939235845285221
2026-05-09 16:00:00,0.30257403216006895,0.2942507045378996,0.008323327622169363,0.5643213862869992,0.0,0.6133928111815209
2026-05-09 17:00:00,0.33236513989986144,0.1689575633656088,0.16340757653425264,0.6700003485594761,0.0,0.7282612484342131
2026-05-09 18:00:00,0.3357333789667589,0.052762699286319006,0.28297067968043993,0.804338012465167,0.0,0.8742804483317032
2026-05-09 19:00:00,0.3605593043348853,0.0,0.3605593043348853,0.958378533743693,0.0,1.0417157975474924
2026-05-09 20:00:00,0.37138229196531536,0.0,0.37138229196531536,1.0801780156848526,0.0,1.1741065387878833
2026-05-09 21:00:00,0.3542970377414056,0.0,0.3542970377414056,1.1518247697678878,0.0,1.2519834453998782
2026-05-09 22:00:00,0.31353417825652136,0.0,0.31353417825652136,1.2180980172946954,0.0,1.3240195840159732
2026-05-09 23:00:00,0.2666043553247896,0.0,0.2666043553247896,1.2485478877799856,0.0,1.3571172693260711
2026-05-10 00:00:00,0.22714322871127435,0.0,0.22714322871127435,1.2700419140048962,0.0,1.3804803413096698
2026-05-10 01:00:00,0.20295655182226616,0.0,0.20295655182226616,1.2897447713777306,0.0,1.401896490627968
2026-05-10 02:00:00,0.1873520190018175,0.0,0.1873520190018175,1.327359317271324,0.0,1.442781866599265
2026-05-10 03:00:00,0.18065273957793745,0.0,0.18065273957793745,1.356018018904538,0.0,1.4739326292440633
2026-05-10 04:00:00,0.1759688230275133,0.0,0.1759688230275133,1.4079619156147387,0.0,1.5303933865377595
2026-05-10 05:00:00,0.16173110894998444,0.019712933701502146,0.1420181752484823,1.4115442533188907,0.0,1.5342872318683594
2026-05-10 06:00:00,0.1569518836874091,0.0603628664965367,0.09658901719087239,1.3596003566086903,0.0,1.4778264745746634
2026-05-10 07:00:00,0.1933725297717325,0.19374945496240062,-0.00037692519066812036,1.2342185369633782,0.0,1.341541888003672
2026-05-10 08:00:00,0.22479079821016987,0.37718570225612846,-0.1523949040459586,1.153615938619964,0.0,1.253930368065178
2026-05-10 09:00:00,0.22788706186725088,0.351078397103722,-0.12319133523647113,1.1052543796139151,0.0,1.2013634561020816
2026-05-10 10:00:00,0.21939789707382246,0.5023326863666843,-0.2829347892928618,1.0533104829037145,0.0,1.1449026988083852
2026-05-10 11:00:00,0.21998367679460057,0.5866470413550369,-0.3666633645604363,1.0031577550455901,0.0,1.0903888641799893
2026-05-10 12:00:00,0.20951866889807214,0.633088447721319,-0.42356977882324687,0.9547961960395411,0.0,1.0378219522168926
2026-05-10 13:00:00,0.2016919960914455,0.595937149591565,-0.39424515350011946,0.8974787927731129,0.0,0.9755204269272966
2026-05-10 14:00:00,0.19720333964277756,0.5453211321494781,-0.3481177925067005,0.8795671042523541,0.0,0.9560512002742979
2026-05-10 15:00:00,0.21727328421386774,0.4279935508417424,-0.21072026662787466,0.9046434681814164,0.0,0.9833081175884961
2026-05-10 16:00:00,0.2915767089960336,0.3126025506019949,-0.02102584160596127,0.9350933386667065,0.0,1.016405802898594
2026-05-10 17:00:00,0.32594945328540165,0.1850348401564539,0.14091461312894774,1.0121135993059691,0.0,1.100123477506488
2026-05-10 18:00:00,0.34357632476196326,0.048469335597854685,0.2951069891641086,1.1088367173180667,0.0,1.205257301432681
2026-05-10 19:00:00,0.3877004519264179,0.0,0.3877004519264179,1.2395920435196062,0.0,1.3473826559995719
2026-05-10 20:00:00,0.4069382186503206,0.0,0.4069382186503206,1.3846767205377521,0.0,1.505083391888861
2026-05-10 21:00:00,0.37421356379487974,0.0,0.37421356379487974,1.4581146434728633,0.0,1.584907221166156
2026-05-10 22:00:00,0.3092454307922684,0.0,0.3092454307922684,1.4993115270706086,0.0,1.6296864424680528
2026-05-10 23:00:00,0.249291297159009,0.0,0.249291297159009,1.5154320467392917,0.0,1.6472087464557517
2026-05-11 00:00:00,0.21000915959264238,0.0,0.21000915959264238,1.554837761484961,0.0,1.6900410450923486
2026-05-11 01:00:00,0.18674066978658288,0.0,0.18674066978658288,1.6014081516389338,0.0,1.7406610343901454
2026-05-11 02:00:00,0.17752625512902362,0.0,0.17752625512902362,1.6372315286804513,0.0,1.7795994876961427
2026-05-11 03:00:00,0.17472985203656252,0.0,0.17472985203656252,1.658725554905362,0.0,1.8029625596797414
2026-05-11 04:00:00,0.1792487274216967,0.0,0.1792487274216967,1.6820107499823485,0.0,1.8282725543286396
2026-05-11 05:00:00,0.18303305107561682,0.07423865254499905,0.10879439853061777,1.6067816581951613,0.0,1.7465018023860448
2026-05-11 06:00:00,0.21167583078539143,0.20460161679622108,0.007074213989170353,1.465279318881167,0.0,1.5926949118273552
2026-05-11 07:00:00,0.21512309854413705,0.3450494183071551,-0.12992631976301802,1.3112387976026412,0.0,1.4252595626115665
2026-05-11 08:00:00,0.20936525035779277,0.43304510428795684,-0.22367985393016407,1.1518247697678878,0.0,1.2519834453998782
2026-05-11 09:00:00,0.19824472447954322,0.5365882477108145,-0.33834352323127126,1.026442950122576,0.0,1.115698858828887
2026-05-11 10:00:00,0.1944418022988707,0.5251971317118465,-0.33075532941297575,0.9619608714478446,0.0,1.0456096428780919
2026-05-11 11:00:00,0.19660128464840174,0.6352899384637019,-0.4386886538153001,0.9028522993293406,0.0,0.9813611949231963
2026-05-11 12:00:00,0.18743336147259942,0.6403871659917084,-0.452953804519109,0.863446584583671,0.0,0.9385288962865989
2026-05-11 13:00:00,0.18208230652855528,0.6423876907742055,-0.46030538424565026,0.8598642468795193,0.0,0.9346350509559993
2026-05-11 14:00:00,0.19077602780044448,0.5490298675910026,-0.35825383979055814,0.8938964550689611,0.0,0.9716265815966968
2026-05-11 15:00:00,0.24267568210326276,0.4463453969058378,-0.20366971480257504,0.953005027187465,0.0,1.0358750295515924
2026-05-11 16:00:00,0.3713590260616295,0.326661032977626,0.04469799308400352,1.0228606124184245,0.0,1.1118050134982875
2026-05-11 17:00:00,0.3907083692516268,0.1335327455275989,0.2571756237240279,1.0980897042056115,0.0,1.193575765440882
2026-05-11 18:00:00,0.3965963915355387,0.02891169377444592,0.3676846977610928,1.1715276271407227,0.0,1.2733995947181767
2026-05-11 19:00:00,0.42229633374260095,0.0,0.42229633374260095,1.2825800959694271,0.0,1.3941087999667685
2026-05-11 20:00:00,0.3942370179532502,0.0,0.3942370179532502,1.3649738631649178,0.0,1.4836672425705628
2026-05-11 21:00:00,0.36423670581393597,0.0,0.36423670581393597,1.4007972402064353,0.0,1.52260569587656
2026-05-11 22:00:00,0.31191863370095824,0.0,0.31191863370095824,1.4240824352834218,0.0,1.5479156905254585
2026-05-11 23:00:00,0.25138569364810015,0.0,0.25138569364810015,1.4419941238041805,0.0,1.5673849171784568
2026-05-12 00:00:00,0.21376326639205787,0.0,0.21376326639205787,1.436620617247953,0.0,1.5615441491825575
2026-05-12 01:00:00,0.19189646515571296,0.0,0.19189646515571296,1.431247110691725,0.0,1.5557033811866576
2026-05-12 02:00:00,0.1786606226918761,0.0,0.1786606226918761,1.4473676303604084,0.0,1.573225685174357
2026-05-12 03:00:00,0.17474612344208043,0.0,0.17474612344208043,1.4348294483958772,0.0,1.5595972265172577
2026-05-12 04:00:00,0.17980893742238838,0.0,0.17980893742238838,1.4294559418396493,0.0,1.553756458521358
2026-05-12 05:00:00,0.18318182024974805,0.06429083753066363,0.11889098271908442,1.377512045129449,0.0,1.4972957012276618
2026-05-12 06:00:00,0.21052286735397469,0.09945988051063734,0.11106298684333735,1.3148211353067931,0.0,1.4291534079421664
2026-05-12 07:00:00,0.20765672748108396,0.15678998797617372,0.05086673950491025,1.2969094467860343,0.0,1.4096841812891676
2026-05-12 08:00:00,0.20115503102363944,0.338554563876308,-0.13739953285266857,1.2288450304071508,0.0,1.3357011200077726
2026-05-12 09:00:00,0.186917318412712,0.5366430566089652,-0.3497257381962532,1.1160013927263701,0.0,1.2130449920938806
2026-05-12 10:00:00,0.18056439280338246,0.581732510154199,-0.4011681173508166,1.0783868468327769,0.0,1.1721596161225836
2026-05-12 11:00:00,0.1839977154932476,0.4643683895810295,-0.28037067408778193,1.0103224304538934,0.0,1.0981765548411884
2026-05-12 12:00:00,0.1777796132699024,0.37460054922669145,-0.19682093595678904,0.9350933386667065,0.0,1.016405802898594
2026-05-12 13:00:00,0.17547368488015808,0.29595891519692685,-0.12048523031676878,0.9386756763708581,0.0,1.0202996482291935
2026-05-12 14:00:00,0.18502748006281594,0.25723642865352203,-0.07220894859070609,0.9333021698146307,0.0,1.0144588802332941
2026-05-12 15:00:00,0.23366815118731094,0.32330855537408043,-0.0896404041867695,0.9350933386667065,0.0,1.016405802898594
2026-05-12 16:00:00,0.3632766556800164,0.21584657573345425,0.14743007994656213,0.9727078845603,0.0,1.0572911788698913
2026-05-12 17:00:00,0.3866009338832932,0.14211033808816909,0.2444905957951241,1.0551016517557903,0.0,1.1468496214736852
2026-05-12 18:00:00,0.3970171282117996,0.05548487456113256,0.34153225365066703,1.1303307435429772,0.0,1.2286203734162795
2026-05-12 19:00:00,0.4192605040337118,0.0,0.4192605040337118,1.2843712648215033,0.0,1.3960557226320687
2026-05-12 20:00:00,0.3912174609774154,0.0,0.3912174609774154,1.3918413959460558,0.0,1.5128710825500606
2026-05-12 21:00:00,0.372140089825475,0.0,0.372140089825475,1.4545323057687118,0.0,1.5810133758355562
2026-05-12 22:00:00,0.325084740953409,0.0,0.325084740953409,1.4760263319936224,0.0,1.6043764478191547
2026-05-12 23:00:00,0.2625922270070008,0.0,0.2625922270070008,1.5476730860766574,0.0,1.6822533544311495
2026-05-13 00:00:00,0.22013478892699465,0.0,0.22013478892699465,1.6031993204910098,0.0,1.7426079570554454
2026-05-13 01:00:00,0.19646880488021745,0.0,0.19646880488021745,1.6569343860532861,0.0,1.8010156370144412
2026-05-13 02:00:00,0.18243332586560276,0.0,0.18243332586560276,1.7572398417695358,0.0,1.9100433062712345
2026-05-13 03:00:00,0.17716827774354393,0.0,0.17716827774354393,1.9059068564918333,0.0,2.071637887491123
2026-05-13 04:00:00,0.1803737969819318,0.0,0.1803737969819318,1.988300623687324,0.0,2.161196330094917
2026-05-13 05:00:00,0.18472762944360932,0.07981089052364425,0.10491673891996507,1.938147895829199,0.0,2.106682495466521
2026-05-13 06:00:00,0.21737789002080476,0.2064377148842665,0.010940175136538277,1.4348294483958772,0.0,1.5595972265172577
2026-05-13 07:00:00,0.22042766384826193,0.3365083650120186,-0.11608070116375666,1.252130225484137,0.0,1.3610111146566708
2026-05-13 08:00:00,0.21389109976400017,0.44217992064639156,-0.22828882088239139,1.1285395746909013,0.0,1.2266734507509798
2026-05-13 09:00:00,0.202122031802564,0.5125636806881312,-0.3104416488855672,1.028234118974652,0.0,1.117645781494187
2026-05-13 10:00:00,0.19326791795103937,0.5439874489611466,-0.3507195310101072,0.958378533743693,0.0,1.0417157975474924
2026-05-13 11:00:00,0.1955622232275885,0.6318917867783641,-0.43632956355077557,0.8938964550689611,0.0,0.9716265815966968
2026-05-13 12:00:00,0.18806098337198035,0.6268402333321497,-0.4387792499601693,0.8473260649149882,0.0,0.9210065922989001
2026-05-13 13:00:00,0.18601075274020892,0.6237892046684325,-0.4377784519282235,0.8365790518025331,0.0,0.9093250563071011
2026-05-13 14:00:00,0.19041107788505138,0.5578358305605337,-0.36742475267548225,0.8383702206546091,0.0,0.9112719789724012
2026-05-13 15:00:00,0.23611354993153336,0.46007502589256516,-0.2239614759610318,0.8652377534357473,0.0,0.9404758189518992
2026-05-13 16:00:00,0.3487065357030482,0.33894736097972067,0.009759174723327546,0.9350933386667065,0.0,1.016405802898594
2026-05-13 17:00:00,0.37294667745875687,0.18804019473837894,0.18490648272037793,1.0210694435663488,0.0,1.1098580908329876
2026-05-13 18:00:00,0.3760429466314955,0.06426343308158833,0.3117795135499072,1.1160013927263701,0.0,1.2130449920938806
2026-05-13 19:00:00,0.4066383377165693,0.0,0.4066383377165693,1.2288450304071508,0.0,1.3357011200077726
2026-05-13 20:00:00,0.38812119440186926,0.0,0.38812119440186926,1.327359317271324,0.0,1.442781866599265
2026-05-13 21:00:00,0.36817212624981466,0.0,0.36817212624981466,1.3846767205377521,0.0,1.505083391888861
2026-05-13 22:00:00,0.32201636796634747,0.0,0.32201636796634747,1.4348294483958772,0.0,1.5595972265172577
2026-05-13 23:00:00,0.2660952847054956,0.0,0.2660952847054956,1.4849821762540016,0.0,1.614111061145654
2026-05-14 00:00:00,0.22794286532815,0.0,0.22794286532815,1.524387890999671,0.0,1.656943359782251
2026-05-14 01:00:00,0.20365390940041406,0.0,0.20365390940041406,1.5566289303370369,0.0,1.6919879677576486
2026-05-14 02:00:00,0.18744035112572402,0.0,0.18744035112572402,1.5745406188577957,0.0,1.7114571944106474
2026-05-14 03:00:00,0.18054813620857985,0.0,0.18054813620857985,1.583496463118175,0.0,1.7211918077371466
2026-05-14 04:00:00,0.17605250590533278,0.0,0.17605250590533278,1.5745406188577957,0.0,1.7114571944106474
2026-05-14 05:00:00,0.15709135760425755,0.08127246114099379,0.07581889646326376,1.4939380205143813,0.0,1.6238456744721534
2026-05-14 06:00:00,0.1520076196555139,0.20898632864826977,-0.05697870899275587,1.3398974992358554,0.0,1.4564103252563645
2026-05-14 07:00:00,0.18801450047398716,0.32690767301930374,-0.13889317254531658,1.2378008746675302,0.0,1.345435733334272
2026-05-14 08:00:00,0.2191352298797058,0.4829394712377273,-0.2638042413580215,1.1303307435429772,0.0,1.2286203734162795
2026-05-14 09:00:00,0.2227475381094056,0.5730452997973277,-0.35029776168792204,1.0103224304538934,0.0,1.0981765548411884
2026-05-14 10:00:00,0.21511844757357665,0.616928957583248,-0.4018105100096713,0.8849406108085818,0.0,0.9618919682701975
2026-05-14 11:00:00,0.2151463416690401,0.6640006662782622,-0.44885432460922203,0.7667234665715736,0.0,0.8333950723604061
2026-05-14 12:00:00,0.20304021914996162,0.6605842449602075,-0.4575440258102459,0.6628356731511726,0.0,0.7204735577730137
2026-05-14 13:00:00,0.19597366570171404,0.6188746734675946,-0.4229010077658806,0.5822330748077582,0.0,0.6328620378345198
2026-05-14 14:00:00,0.1912153648686675,0.5312717845902055,-0.340056419721538,0.5464096977662404,0.0,0.5939235845285221
2026-05-14 15:00:00,0.21188503643461234,0.4477521586250368,-0.23586712219042447,0.5768595682515304,0.0,0.6270212698386199
2026-05-14 16:00:00,0.2843776559123927,0.3165670609015556,-0.032189404989162895,0.6395504780741861,0.0,0.6951635631241152
2026-05-14 17:00:00,0.31634451752726095,0.19321963561361144,0.12312488191364951,0.7309000895300561,0.0,0.7944566190544089
2026-05-14 18:00:00,0.3324348783783217,0.05980564269867218,0.27262923567964953,0.8419525583587607,0.0,0.9151658243030008
2026-05-14 19:00:00,0.37392764408934326,0.0,0.37392764408934326,0.958378533743693,0.0,1.0417157975474924
2026-05-14 20:00:00,0.39772380361212034,0.0,0.39772380361212034,1.0837603533890043,0.0,1.178000384118483
2026-05-14 21:00:00,0.3707709428822996,0.0,0.3707709428822996,1.1751099648448742,0.0,1.2772934400487763
2026-05-14 22:00:00,0.30809246649488464,0.0,0.30809246649488464,1.2503390566320611,0.0,1.3590641919913706
2026-05-14 23:00:00,0.2645006610049567,0.0,0.2645006610049567,1.316612304158869,0.0,1.4311003306074663
2026-05-15 00:00:00,0.22535102074132202,0.0,0.22535102074132202,1.3828855516856764,0.0,1.5031364692235611
2026-05-15 01:00:00,0.20121548341068904,0.0,0.20121548341068904,1.4419941238041805,0.0,1.5673849171784568
2026-05-15 02:00:00,0.18565511653909966,0.0,0.18565511653909966,1.4939380205143813,0.0,1.6238456744721534
2026-05-15 03:00:00,0.1796880623677097,0.0,0.1796880623677097,1.5369260729642023,0.0,1.67057181843935
2026-05-15 04:00:00,0.17690560638202912,0.0,0.17690560638202912,1.5763317877098715,0.0,1.7134041170759473
2026-05-15 05:00:00,0.1633838453466056,0.08377540082320492,0.07960844452340068,1.526179059851747,0.0,1.658890282447551
2026-05-15 06:00:00,0.17574798268742467,0.21623023802050853,-0.04048225533308386,1.3237769795671726,0.0,1.4388880212686659
2026-05-15 07:00:00,0.20382358620862057,0.35490588515790616,-0.1510822989492856,1.1410777566554327,0.0,1.2403019094080787
2026-05-15 08:00:00,0.22474197861684958,0.48321351572848037,-0.2584715371116308,0.9010611304772648,0.0,0.9794142722578965
2026-05-15 09:00:00,0.22159224626736373,0.5731731872263456,-0.35158094095898185,0.6897032059323109,0.0,0.7496773977525119
2026-05-15 10:00:00,0.21254519676991163,0.6350250287893071,-0.4224798320193955,0.5571567108786957,0.0,0.6056051205203214
2026-05-15 11:00:00,0.21314492359690074,0.6739484812925975,-0.4608035576956968,0.45864242401452227,0.0,0.49852437392882853
2026-05-15 12:00:00,0.2045999721429087,0.672907112227736,-0.4683071400848273,0.38162216337525945,0.0,0.41480669932093417
2026-05-15 13:00:00,0.2030402170974294,0.6305398339573157,-0.42749961685988636,0.3350517732212866,0.0,0.36418671002313757
2026-05-15 14:00:00,0.2011062135396746,0.5570045622719161,-0.35589834873224147,0.3207224224046796,0.0,0.3486113287007387
2026-05-15 15:00:00,0.22716413131112467,0.45224648827338665,-0.22508235696226198,0.3386341109254383,0.0,0.3680805553537373
2026-05-15 16:00:00,0.3091012903223218,0.33107314927875,-0.02197185895642817,0.390578007635639,0.0,0.42454131264743367
2026-05-15 17:00:00,0.3426767212613923,0.1593660061892523,0.18331071507214,0.5284980092454816,0.0,0.5744543578755236
2026-05-15 18:00:00,0.3589693135679242,0.02206971632197831,0.3368995972459459,0.659253335447021,0.0,0.716579712442414
2026-05-15 19:00:00,0.40037606882590027,0.0,0.40037606882590027,0.7882174927964841,0.0,0.8567581443440045
2026-05-15 20:00:00,0.3839393764381345,0.0,0.3839393764381345,0.899269961625189,0.0,0.9774673495925967
2026-05-15 21:00:00,0.36154955715560466,0.0,0.36154955715560466,0.9852460665248312,0.0,1.0709196375269905
2026-05-15 22:00:00,0.3120162638529008,0.0,0.3120162638529008,1.0694310025723974,0.0,1.162425002796084
2026-05-15 23:00:00,0.2690637022187142,0.0,0.2690637022187142,1.148242432063736,0.0,1.2480896000692783
2026-05-16 00:00:00,0.2283217626993976,0.0,0.2283217626993976,1.2163068484426196,0.0,1.3220726613506735
2026-05-16 01:00:00,0.20368412845973147,0.0,0.20368412845973147,1.2610860697445165,0.0,1.37074572798317
2026-05-16 02:00:00,0.1871079445114116,0.0,0.1871079445114116,1.327359317271324,0.0,1.442781866599265
2026-05-16 03:00:00,0.18125944100644545,0.0,0.18125944100644545,1.3739297074252974,0.0,1.4934018558970623
2026-05-16 04:00:00,0.17762620921423009,0.001315413555614601,0.1763107956586155,1.4187089287271941,0.0,1.5420749225295587
2026-05-16 05:00:00,0.16156606748557448,0.08606823972917203,0.07549782775640244,1.3864678893898283,0.0,1.507030314554161
2026-05-16 06:00:00,0.16724022775106379,0.1435536390728018,0.023686588678261983,1.2825800959694271,0.0,1.3941087999667685
2026-05-16 07:00:00,0.1993651521713866,0.17350670191210926,0.025858450259277327,1.073013340276549,0.0,1.1663188481266835
2026-05-16 08:00:00,0.21735696823447048,0.37969777675469807,-0.1623408085202276,0.9368845075187823,0.0,1.0183527255638938
2026-05-16 09:00:00,0.21516029001502548,0.507749632467236,-0.2925893424522106,0.8186673632817743,0.0,0.8898558296541024
2026-05-16 10:00:00,0.20608534628668304,0.5633806640901036,-0.3572953178034205,0.7470206091987392,0.0,0.8119789230421078
2026-05-16 11:00:00,0.2070384006572308,0.32139937875516755,-0.11436097809793674,0.643132815778338,0.0,0.6990574084547152
2026-05-16 12:00:00,0.19809595601972674,0.6472200086278175,-0.44912405260809074,0.5159598272809505,0.0,0.5608258992184244
2026-05-16 13:00:00,0.18890478773779262,0.6335360537228822,-0.4446312659850896,0.3941603453397906,0.0,0.4284351579780333
2026-05-16 14:00:00,0.18595031765876413,0.49234833208691514,-0.306398014428151,0.3475899551858178,0.0,0.37781516868023673
2026-05-16 15:00:00,0.20148976334596758,0.31714255433213695,-0.11565279098616937,0.34579878633374195,0.0,0.3758682460149369
2026-05-16 16:00:00,0.2704072628746768,0.1920869183851655,0.0783203444895113,0.40311618960017015,0.0,0.4381697713045328
2026-05-16 17:00:00,0.2971509184114641,0.06679377721287476,0.23035714119858935,0.5356626846537851,0.0,0.5822420485367229
2026-05-16 18:00:00,0.30154659701607206,0.03978212524098325,0.2617644717750888,0.7129884010092971,0.0,0.7749873924014098
2026-05-16 19:00:00,0.3301545235235012,0.0,0.3301545235235012,0.9064346370334923,0.0,0.9852550402537958
2026-05-16 20:00:00,0.3563193737862393,0.0,0.3563193737862393,0.9261374944063272,0.0,1.0066711895720948
2026-05-16 21:00:00,0.34674698238331647,0.0,0.34674698238331647,0.9028522993293406,0.0,0.9813611949231963
2026-05-16 22:00:00,0.3102333536630739,0.0,0.3102333536630739,0.8741935976961264,0.0,0.9502104322783982
2026-05-16 23:00:00,0.2655862140885725,0.0,0.2655862140885725,0.8383702206546091,0.0,0.9112719789724012
2026-05-17 00:00:00,0.22872855480062276,0.0,0.22872855480062276,0.8580730780274436,0.0,0.9326881282906995
2026-05-17 01:00:00,0.20433499530724616,0.0,0.20433499530724616,0.8831494419565059,0.0,0.9599450456048977
2026-05-17 02:00:00,0.18751241157298004,0.0,0.18751241157298004,0.9153904812938718,0.0,0.9949896535802953
2026-05-17 03:00:00,0.1804481818965346,0.0,0.1804481818965346,0.9494226894833134,0.0,1.031981184220993
2026-05-17 04:00:00,0.17615943404118037,0.0,0.17615943404118037,0.9691255468561479,0.0,1.0533973335392912
2026-05-17 05:00:00,0.15242836100579096,0.02085478574630649,0.1315735752594845,0.9655432091519963,0.0,1.0495034882086915
2026-05-17 06:00:00,0.14705638205236446,0.1079187204585479,0.039137661593816556,0.9476315206312377,0.0,1.030034261555693
2026-05-17 07:00:00,0.18265182212460135,0.08872647128947654,0.09392535083512481,0.9189728189980234,0.0,0.998883498910895
2026-05-17 08:00:00,0.21344944272382962,0.11639583003917535,0.09705361268465428,0.8616554157315952,0.0,0.9365819736212991
2026-05-17 09:00:00,0.21758709361980577,0.31624734232901036,-0.09866024870920459,0.7810528173881809,0.0,0.8489704536828053
2026-05-17 10:00:00,0.2108459716601362,0.3643056111907355,-0.15345963953059932,0.7219442452696766,0.0,0.7847220057279094
2026-05-17 11:00:00,0.21031830464600515,0.3969534448557812,-0.18663514020977606,0.6341769715179586,0.0,0.6893227951282158
2026-05-17 12:00:00,0.19656176940839476,0.3367641398700548,-0.14020237046166006,0.5732772305473788,0.0,0.6231274245080204
2026-05-17 13:00:00,0.19025068625874983,0.23428976996113401,-0.044039083702384185,0.4783452813873571,0.0,0.5199405232471273
2026-05-17 14:00:00,0.1852320391466744,0.16940516936717206,0.015826869779502345,0.4425219043458393,0.0,0.4810020699411297
2026-05-17 15:00:00,0.20648051698598235,0.2377975394427729,-0.03131702245679055,0.4264013846771565,0.0,0.46347976595343093
2026-05-17 16:00:00,0.27718557639832075,0.17538847408194683,0.10179710231637393,0.47655411253528096,0.0,0.5179936005818271
2026-05-17 17:00:00,0.3067256346180342,0.057412320812762284,0.2493133138052719,0.5499920354703921,0.0,0.5978174298591218
2026-05-17 18:00:00,0.3213166772408064,0.013208944454296621,0.3081077327865098,0.6055182698847443,0.0,0.6581720324834178
2026-05-17 19:00:00,0.36015948531135916,0.0,0.36015948531135916,0.6628356731511726,0.0,0.7204735577730137
2026-05-17 20:00:00,0.3885093885743733,0.0,0.3885093885743733,0.7076148944530697,0.0,0.7691466244055104
2026-05-17 21:00:00,0.36730042767147586,0.0,0.36730042767147586,0.7470206091987392,0.0,0.8119789230421078
2026-05-17 22:00:00,0.30695112481857084,0.0,0.30695112481857084,0.7667234665715736,0.0,0.8333950723604061
2026-05-17 23:00:00,0.24689936124029813,0.0,0.24689936124029813,0.8097115190213949,0.0,0.8801212163276031
2026-05-18 00:00:00,0.2092071981844974,0.0,0.2092071981844974,0.834787882950457,0.0,0.9073781336418011
2026-05-18 01:00:00,0.186364096392649,0.0,0.186364096392649,0.8956876239210374,0.0,0.9735735042619971
2026-05-18 02:00:00,0.17734261712981728,0.0,0.17734261712981728,0.9494226894833134,0.0,1.031981184220993
2026-05-18 03:00:00,0.17428354290814277,0.0,0.17428354290814277,1.0067400927497416,0.0,1.0942827095105887
2026-05-18 04:00:00,0.17691257993719764,0.00047501045063860607,0.17643756948655903,1.031816456678804,0.0,1.121539626824787
2026-05-18 05:00:00,0.1723844036499257,0.04755585396201121,0.12482854968791449,0.9816637288206791,0.0,1.0670257921963902
2026-05-18 06:00:00,0.20182449658721616,0.05702865852570802,0.14479583806150814,0.8186673632817743,0.0,0.8898558296541024
2026-05-18 07:00:00,0.20406533606740554,0.12554891603032695,0.0785164200370786,0.8132938567255465,0.0,0.8840150616582028
2026-05-18 08:00:00,0.20102253205972023,0.271797325928867,-0.07077479386914678,0.600144763328517,0.0,0.6523312644875184
2026-05-18 09:00:00,0.19392808286794347,0.4239376923785974,-0.23000960951065394,0.3565457994461971,0.0,0.38754978200673595
2026-05-18 10:00:00,0.1911409777632111,0.4520729267625764,-0.2609319489993653,0.1684730699782298,0.0,0.1831229021502498
2026-05-18 11:00:00,0.19567844874893836,0.5345237792138082,-0.33884533046486986,0.1559348880136986,0.0,0.16949444349315065
2026-05-18 12:00:00,0.18789594195461887,0.540927285481071,-0.35303134352645216,0.1559348880136986,0.0,0.16949444349315065
2026-05-18 13:00:00,0.1906016879777532,0.5322035358587658,-0.34160184788101255,0.1559348880136986,0.0,0.16949444349315065
2026-05-18 14:00:00,0.20144791940889614,0.4836428520973269,-0.28219493268843077,0.1559348880136986,0.0,0.16949444349315065
2026-05-18 15:00:00,0.25046981348758335,0.3973188375101186,-0.14684902402253525,0.1595172257178503,0.0,0.17338828882375032
2026-05-18 16:00:00,0.37451573182413883,0.2829052626207236,0.09161046920341526,0.24370216176541676,0.0,0.26489365409284427
2026-05-18 17:00:00,0.391066346468811,0.1784029634802303,0.2126633829885807,0.3332606043692108,0.0,0.3622397873578378
2026-05-18 18:00:00,0.39177300347609123,0.05691904072940681,0.33485396274668444,0.4281925535292323,0.0,0.4654266886187307
2026-05-18 19:00:00,0.4136979182539371,0.0,0.4136979182539371,0.5929800879202132,0.0,0.6445435738263187
2026-05-18 20:00:00,0.38696823050368784,0.0,0.38696823050368784,0.6932855436364627,0.0,0.7535712430831115
2026-05-18 21:00:00,0.36461560331106824,0.0,0.36461560331106824,0.763141128867422,0.0,0.8295012270298066
2026-05-18 22:00:00,0.3088037703928336,0.0,0.3088037703928336,0.8079203501693191,0.0,0.8781742936623034
2026-05-18 23:00:00,0.2507487738396175,0.0,0.2507487738396175,0.8365790518025331,0.0,0.9093250563071011
2026-05-19 00:00:00,0.21570191991186516,0.0,0.21570191991186516,0.8616554157315952,0.0,0.9365819736212991
2026-05-19 01:00:00,0.19489277728773868,0.0,0.19489277728773868,0.8724024288440506,0.0,0.9482635096130984
2026-05-19 02:00:00,0.18143610495024542,0.0,0.18143610495024542,0.8777759354002782,0.0,0.9541042776089981
2026-05-19 03:00:00,0.17570382758032715,0.0,0.17570382758032715,0.8688200911398989,0.0,0.9443696642824988
2026-05-19 04:00:00,0.17906276492022916,0.0,0.17906276492022916,0.8598642468795193,0.0,0.9346350509559993
2026-05-19 05:00:00,0.18088054079563862,0.010093972076070379,0.17078656871956824,0.8097115190213949,0.0,0.8801212163276031
2026-05-19 06:00:00,0.21350290709895173,0.05086265748376458,0.16264024961518714,0.6932855436364627,0.0,0.7535712430831115
2026-05-19 07:00:00,0.2085260992738736,0.09613480735616711,0.1123912919177065,0.6628356731511726,0.0,0.7204735577730137
2026-05-19 08:00:00,0.19883050623428133,0.21282295151881236,-0.01399244528453103,0.5911889190681374,0.0,0.6425966511610188
2026-05-19 09:00:00,0.18588987832221782,0.28157157943239214,-0.09568170111017432,0.5643213862869992,0.0,0.6133928111815209
2026-05-19 10:00:00,0.17720313026980086,0.3849685657935149,-0.20776543552371404,0.5231245026892541,0.0,0.5686135898796241
2026-05-19 11:00:00,0.17897906707364974,0.5867566591513381,-0.4077775920776884,0.38341333222733526,0.0,0.41675362198623395
2026-05-19 12:00:00,0.1688790087364552,0.47280895989622324,-0.30392995115976806,0.34579878633374195,0.0,0.3758682460149369
2026-05-19 13:00:00,0.16779113118319133,0.47448976610617516,-0.3066986349229838,0.29743722732769295,0.0,0.3233013340518402
2026-05-19 14:00:00,0.17795395106395734,0.37273704668957075,-0.1947830956256134,0.26698735684240305,0.0,0.2902036487417424
2026-05-19 15:00:00,0.22605765657631177,0.3126482246837871,-0.08659056810747534,0.3475899551858178,0.0,0.37781516868023673
2026-05-19 16:00:00,0.34901569632892043,0.10336044709568898,0.24565524923323145,0.40848969615639774,0.0,0.44401053930043227
2026-05-19 17:00:00,0.375512951546608,0.02481016122950873,0.3507027903170993,0.539245022357937,0.0,0.5861358938673229
2026-05-19 18:00:00,0.3833210299431131,0.002649096743946072,0.38067193319916703,0.6270122961096551,0.0,0.6815351044670164
2026-05-19 19:00:00,0.4015592514006427,0.0,0.4015592514006427,0.7577676223111941,0.0,0.8236604590339066
2026-05-19 20:00:00,0.3794367711600502,0.0,0.3794367711600502,0.7667234665715736,0.0,0.8333950723604061
2026-05-19 21:00:00,0.36843944657144173,0.0,0.36843944657144173,0.7541852846070425,0.0,0.8197666137033071
2026-05-19 22:00:00,0.3190433011181752,0.0,0.3190433011181752,0.7470206091987392,0.0,0.8119789230421078
2026-05-19 23:00:00,0.25929837494683744,0.0,0.25929837494683744,0.7452294403466629,0.0,0.8100320003768076
2026-05-20 00:00:00,0.21896322766539322,0.0,0.21896322766539322,0.7344824272342081,0.0,0.7983504643850088
2026-05-20 01:00:00,0.19604806566012434,0.0,0.19604806566012434,0.7452294403466629,0.0,0.8100320003768076
2026-05-20 02:00:00,0.18422553433844305,0.0,0.18422553433844305,0.7577676223111941,0.0,0.8236604590339066
2026-05-20 03:00:00,0.17916969340323297,0.0,0.17916969340323297,0.7846351550923325,0.0,0.8528642990134049
2026-05-20 04:00:00,0.18166158333586888,0.0,0.18166158333586888,0.7828439862402568,0.0,0.8509173763481052
2026-05-20 05:00:00,0.17757041770857604,0.007033808595994743,0.17053660911258128,0.7541852846070425,0.0,0.8197666137033071
2026-05-20 06:00:00,0.2073940574047297,0.040174922344395944,0.16721913506033376,0.6395504780741861,0.0,0.6951635631241152
2026-05-20 07:00:00,0.20957213504005448,0.10410036722072219,0.10547176781933229,0.7129884010092971,0.0,0.7749873924014098
2026-05-20 08:00:00,0.20575293943748932,0.13978095991676825,0.06597197952072106,0.659253335447021,0.0,0.716579712442414
2026-05-20 09:00:00,0.1941349662120339,0.1736437241574858,0.02049124205454811,0.580441905955682,0.0,0.6309151151692196
2026-05-20 10:00:00,0.18977648283489942,0.1431882464184644,0.04658823641643503,0.52491567154133,0.0,0.5705605125449239
2026-05-20 11:00:00,0.19280998667156857,0.245973200083572,-0.053163213412003446,0.4264013846771565,0.0,0.46347976595343093
2026-05-20 12:00:00,0.1862594769745339,0.20819159962508596,-0.021932122650552055,0.40848969615639774,0.0,0.44401053930043227
2026-05-20 13:00:00,0.18384894530576298,0.16508440122963244,0.01876454407613054,0.449686579754143,0.0,0.48878976060232937
2026-05-20 14:00:00,0.18470902017248098,0.14483251336298267,0.03987650680949831,0.4998393076122676,0.0,0.5433035952307256
2026-05-20 15:00:00,0.23004189286035154,0.12676384660599876,0.10327804625435277,0.5428273600620888,0.0,0.5900297391979225
2026-05-20 16:00:00,0.35062426916004125,0.08415906311025917,0.2664652060497821,0.600144763328517,0.0,0.6523312644875184
2026-05-20 17:00:00,0.36785364574876006,0.06005228274034991,0.30780136300841016,0.6574621665949452,0.0,0.7146327897771143
2026-05-20 18:00:00,0.3691693287522447,0.007618436842934566,0.3615508919093101,0.6968678813406143,0.0,0.7574650884137112
2026-05-20 19:00:00,0.3935280206489768,0.0,0.3935280206489768,0.7989645059089395,0.0,0.8684396803358038
2026-05-20 20:00:00,0.3806455239958426,0.0,0.3806455239958426,0.8473260649149882,0.0,0.9210065922989001
2026-05-20 21:00:00,0.3658197078371972,0.0,0.3658197078371972,0.8724024288440506,0.0,0.9482635096130984
2026-05-20 22:00:00,0.32166071564401366,0.0,0.32166071564401366,0.8867317796606575,0.0,0.9638388909354973
2026-05-20 23:00:00,0.25798501824494807,0.0,0.25798501824494807,0.8938964550689611,0.0,0.9716265815966968
2026-05-21 00:00:00,0.21692229486495657,0.0,0.21692229486495657,0.8956876239210374,0.0,0.9735735042619971
2026-05-21 01:00:00,0.19577609628109197,0.0,0.19577609628109197,0.8974787927731129,0.0,0.9755204269272966
2026-05-21 02:00:00,0.18232407320009952,0.0,0.18232407320009952,0.9028522993293406,0.0,0.9813611949231963
2026-05-21 03:00:00,0.17912320295360026,0.0,0.17912320295360026,0.9046434681814164,0.0,0.9833081175884961
2026-05-21 04:00:00,0.18138961386398322,0.0,0.18138961386398322,0.8974787927731129,0.0,0.9755204269272966
2026-05-21 05:00:00,0.18348865712294862,0.003699600625166066,0.17978905649778257,0.8849406108085818,0.0,0.9618919682701975
2026-05-21 06:00:00,0.21417934382381892,0.01139111599896811,0.20278822782485081,0.8706112599919748,0.0,0.9463165869477986
2026-05-21 07:00:00,0.2078240921401631,0.030875679291509386,0.1769484128486537,0.8938964550689611,0.0,0.9716265815966968
2026-05-21 08:00:00,0.20415134370042914,0.10461191693679453,0.09953942676363461,0.8186673632817743,0.0,0.8898558296541024
2026-05-21 09:00:00,0.18704981673063384,0.15005762832000732,0.036992188410626514,0.7380647649383597,0.0,0.8022443097156083
2026-05-21 10:00:00,0.1806132084154416,0.20196165486863346,-0.021348446453191866,0.7022413878968422,0.0,0.763305856409611
2026-05-21 11:00:00,0.19399084606851788,0.13862997305560545,0.055360873012912426,0.6897032059323109,0.0,0.7496773977525119
2026-05-21 12:00:00,0.2075753664057753,0.145764264631543,0.061811101774232324,0.6717915174115522,0.0,0.7302081710995132
2026-05-21 13:00:00,0.2108482985581238,0.153812037843324,0.05703626071479978,0.6897032059323109,0.0,0.7496773977525119
2026-05-21 14:00:00,0.19806806384844763,0.08604083528009672,0.11202722856835091,0.7129884010092971,0.0,0.7749873924014098
2026-05-21 15:00:00,0.22517201515215163,0.12665422880969754,0.09851778634245409,0.7165707387134492,0.0,0.77888123773201
2026-05-21 16:00:00,0.31833430241796473,0.15321827478002573,0.165116027637939,0.75955879116327,0.0,0.8256073816992064
2026-05-21 17:00:00,0.33613783558037497,0.04723613538946599,0.288901700190909,0.7971733370568638,0.0,0.866492757670504
2026-05-21 18:00:00,0.3398431290071677,0.04970253580624337,0.29014059320092433,0.8473260649149882,0.0,0.9210065922989001
2026-05-21 19:00:00,0.37524563759433216,0.0,0.37524563759433216,0.9350933386667065,0.0,1.016405802898594
2026-05-21 20:00:00,0.37108708058061396,0.0,0.37108708058061396,0.9977842484893621,0.0,1.0845480961840892
2026-05-21 21:00:00,0.3625653737988812,0.0,0.3625653737988812,1.0121135993059691,0.0,1.100123477506488
2026-05-21 22:00:00,0.3184505476859626,0.0,0.3184505476859626,1.046145807495411,0.0,1.137115008147186
2026-05-21 23:00:00,0.2577572159347545,0.0,0.2577572159347545,1.0622663271640942,0.0,1.1546373121348847
2026-05-22 00:00:00,0.21857038308959573,0.0,0.21857038308959573,1.090925028797308,0.0,1.1857880747796827
2026-05-22 01:00:00,0.19490439964918263,0.0,0.19490439964918263,1.08555152224108,0.0,1.1799473067837827
2026-05-22 02:00:00,0.18241705409539022,0.0,0.18241705409539022,1.0837603533890043,0.0,1.178000384118483
2026-05-22 03:00:00,0.1778051975307224,0.0,0.1778051975307224,1.0783868468327769,0.0,1.1721596161225836
2026-05-22 04:00:00,0.17669174983208827,0.0,0.17669174983208827,1.0819691845369286,0.0,1.1760534614531832
2026-05-22 05:00:00,0.16565722898390542,0.04468752162546271,0.1209697073584427,1.046145807495411,0.0,1.137115008147186
2026-05-22 06:00:00,0.19481605425582635,0.15268845543123652,0.04212759882458983,0.9762902222644516,0.0,1.0611850242004908
2026-05-22 07:00:00,0.21122486982013106,0.25754701240970884,-0.046322142589577786,0.8294143763942293,0.0,0.9015373656459014
2026-05-22 08:00:00,0.21409100737277287,0.3757424012714958,-0.1616513938987229,0.6556709977428691,0.0,0.7126858671118143
2026-05-22 09:00:00,0.203507446102411,0.5097958313315255,-0.3062883852291145,0.5356626846537851,0.0,0.5822420485367229
2026-05-22 10:00:00,0.19820753026545868,0.6253421234493663,-0.4271345931839077,0.4120720338605494,0.0,0.44790438463103194
2026-05-22 11:00:00,0.20274267691981207,0.33706558880988313,-0.13432291189007106,0.3511722928899695,0.0,0.3817090140108364
2026-05-22 12:00:00,0.20175707898175838,0.40869168387636984,-0.20693460489461146,0.3672928125586524,0.0,0.39923131799853523
2026-05-22 13:00:00,0.21116675484496772,0.6045056073357767,-0.393338852490809,0.31714008470052785,0.0,0.34471748337013897
2026-05-22 14:00:00,0.2142723206730168,0.5599277035066154,-0.34565538283359853,0.32967826666505906,0.0,0.35834594202723813
2026-05-22 15:00:00,0.25187614973897976,0.4561470548584383,-0.20427090511945856,0.34042527977751413,0.0,0.37002747801903707
2026-05-22 16:00:00,0.3476581749515119,0.24202695941672817,0.10563121553478375,0.3923691764877148,0.0,0.42648823531273344
2026-05-22 17:00:00,0.36948778523004855,0.19691923623877747,0.17256854899127108,0.4478954109020672,0.0,0.48684283793702954
2026-05-22 18:00:00,0.3647108885932921,0.05195883544677675,0.31275205314651533,0.5338715158017092,0.0,0.580295125871423
2026-05-22 19:00:00,0.37884864783732664,0.0,0.37884864783732664,0.6556709977428691,0.0,0.7126858671118143
2026-05-22 20:00:00,0.3583951763071579,0.0,0.3583951763071579,0.7828439862402568,0.0,0.8509173763481052
2026-05-22 21:00:00,0.34606822337000753,0.0,0.34606822337000753,0.8921052862168852,0.0,0.969679658931397
2026-05-22 22:00:00,0.3118744673605096,0.0,0.3118744673605096,0.9547961960395411,0.0,1.0378219522168926
2026-05-22 23:00:00,0.26352900919381456,0.0,0.26352900919381456,0.9619608714478446,0.0,1.0456096428780919
2026-05-23 00:00:00,0.225197601984989,0.0,0.225197601984989,0.9727078845603,0.0,1.0572911788698913
2026-05-23 01:00:00,0.2008528578157793,0.0,0.2008528578157793,0.9619608714478446,0.0,1.0456096428780919
2026-05-23 02:00:00,0.18525064981982917,0.0,0.18525064981982917,0.94225801407501,0.0,1.0241934935597934
2026-05-23 03:00:00,0.18043191072043582,0.0,0.18043191072043582,0.9315110009625546,0.0,1.0125119575679942
2026-05-23 04:00:00,0.17560852199642976,0.0026856360093798107,0.17292288598704994,0.9601697025957688,0.0,1.0436627202127922
2026-05-23 05:00:00,0.15831870645881352,0.09328474465233548,0.06503396180647804,0.9046434681814164,0.0,0.9833081175884961
2026-05-23 06:00:00,0.16732158624854354,0.2221130597553405,-0.054791473506796945,0.7434382714945871,0.0,0.8080850777115077
2026-05-23 07:00:00,0.19893511556953355,0.33881947355070263,-0.13988435798116908,0.5177509961330263,0.0,0.5627728218837242
2026-05-23 08:00:00,0.2184936612977006,0.4799341166558023,-0.26144045535810173,0.30101956503184496,0.0,0.3271951793824402
2026-05-23 09:00:00,0.22050902181157694,0.5476322406881622,-0.32712321887658524,0.1559348880136986,0.0,0.16949444349315065
2026-05-23 10:00:00,0.2172942039904049,0.6341024123371053,-0.4168082083467004,0.1559348880136986,0.0,0.16949444349315065
2026-05-23 11:00:00,0.21750573506169085,0.6615251310451262,-0.44401939598343537,0.1559348880136986,0.0,0.16949444349315065
2026-05-23 12:00:00,0.20807513997778487,0.6562634768226678,-0.44818833684488296,0.1559348880136986,0.0,0.16949444349315065
2026-05-23 13:00:00,0.19790999532247455,0.6079220286538313,-0.4100120333313567,0.1559348880136986,0.0,0.16949444349315065
2026-05-23 14:00:00,0.19310287930819645,0.5117050079504383,-0.3186021286422418,0.1559348880136986,0.0,0.16949444349315065
2026-05-23 15:00:00,0.20631315167347936,0.40847244828376744,-0.2021592966102881,0.1559348880136986,0.0,0.16949444349315065
2026-05-23 16:00:00,0.2742497022302442,0.3450859575725888,-0.07083625534234461,0.1559348880136986,0.0,0.16949444349315065
2026-05-23 17:00:00,0.299159307785691,0.2084108352176884,0.09074847256800259,0.2042964470197473,0.0,0.22206135545624706
2026-05-23 18:00:00,0.2978645504551005,0.07878779109149955,0.21907675936360096,0.2848990453631621,0.0,0.3096728753947414
2026-05-23 19:00:00,0.3249103963065948,0.0,0.3249103963065948,0.3350517732212866,0.0,0.36418671002313757
2026-05-23 20:00:00,0.3519980832543463,0.0,0.3519980832543463,0.4693894371269776,0.0,0.5102059099206279
2026-05-23 21:00:00,0.34713750299836266,0.0,0.34713750299836266,0.6395504780741861,0.0,0.6951635631241152
2026-05-23 22:00:00,0.31179775867232606,0.0,0.31179775867232606,0.7989645059089395,0.0,0.8684396803358038
2026-05-23 23:00:00,0.2640520272257618,0.0,0.2640520272257618,0.8526995714712161,0.0,0.9268473602948001
2026-05-24 00:00:00,0.226448195882508,0.0,0.226448195882508,0.8437437272108366,0.0,0.9171127469683006
2026-05-24 01:00:00,0.20065527296450228,0.0,0.20065527296450228,0.79000866164856,0.0,0.8587050670093043
2026-05-24 02:00:00,0.18409536087521516,0.0,0.18409536087521516,0.7291089206779802,0.0,0.7925096963891088
2026-05-24 03:00:00,0.1782119895243103,0.0,0.1782119895243103,0.7040325567489181,0.0,0.7652527790749108
2026-05-24 04:00:00,0.17359315903578101,0.00010961779630121676,0.1734835412394798,0.7219442452696766,0.0,0.7847220057279094
2026-05-24 05:00:00,0.1483464958913709,0.0849263876843677,0.0634201082070032,0.6735826862636279,0.0,0.732155093764813
2026-05-24 06:00:00,0.14347196528650932,0.2275300058558923,-0.08405804056938299,0.5482008666183162,0.0,0.595870507193822
2026-05-24 07:00:00,0.1780864560589742,0.35566407491565627,-0.17757761885668208,0.38162216337525945,0.0,0.41480669932093417
2026-05-24 08:00:00,0.21263353498710877,0.48240965188893814,-0.26977611690182934,0.2544491748778721,0.0,0.2765751900846436
2026-05-24 09:00:00,0.2199906524721425,0.5659475474868237,-0.34595689501468124,0.1559348880136986,0.0,0.16949444349315065
2026-05-24 10:00:00,0.22308924285332424,0.6428992404902778,-0.4198099976369536,0.1559348880136986,0.0,0.16949444349315065
2026-05-24 11:00:00,0.2296397525386665,0.6767985439964292,-0.4471587914577627,0.1559348880136986,0.0,0.16949444349315065
2026-05-24 12:00:00,0.21924215485298962,0.6877055147284004,-0.46846335987541077,0.17026423883030567,0.0,0.18506982481554962
2026-05-24 13:00:00,0.2074684390596032,0.6463430662574078,-0.43887462719780457,0.23653748635711305,0.0,0.2571059634316446
2026-05-24 14:00:00,0.20253115024256452,0.0,0.20253115024256452,0.2813167076590101,0.0,0.3057790300641414
2026-05-24 15:00:00,0.22086467410457525,0.47248010650731953,-0.2516154324027443,0.34042527977751413,0.0,0.37002747801903707
2026-05-24 16:00:00,0.30214167108247714,0.35916270958093677,-0.05702103849845963,0.4192367092688531,0.0,0.4556920752922316
2026-05-24 17:00:00,0.3253404272571885,0.2195918504404125,0.10574857681677599,0.521333333837178,0.0,0.5666666672143239
2026-05-24 18:00:00,0.32419443936254033,0.07657716553275835,0.247617273829782,0.6359681403700345,0.0,0.6912697177935156
2026-05-24 19:00:00,0.34915983516638693,0.0,0.34915983516638693,0.777470479684029,0.0,0.8450766083522054
2026-05-24 20:00:00,0.37235859226416795,0.0,0.37235859226416795,0.8795671042523541,0.0,0.9560512002742979
2026-05-24 21:00:00,0.35899722595026756,0.0,0.35899722595026756,0.9547961960395411,0.0,1.0378219522168926
2026-05-24 22:00:00,0.30120025073236883,0.0,0.30120025073236883,1.0246517812705003,0.0,1.1137519361635873
2026-05-24 23:00:00,0.2642542602665826,0.0,0.2642542602665826,1.103463210761839,0.0,1.1994165334367815
2026-05-25 00:00:00,0.22594842259390402,0.0,0.22594842259390402,1.123166068134674,0.0,1.2208326827550804
2026-05-25 01:00:00,0.2006831667610202,0.0,0.2006831667610202,1.0945073665014597,0.0,1.1896819201102822
2026-05-25 02:00:00,0.18432316389922396,0.0,0.18432316389922396,1.092716197649384,0.0,1.1877349974449825
2026-05-25 03:00:00,0.17760528831097216,0.0,0.17760528831097216,1.0694310025723974,0.0,1.162425002796084
2026-05-25 04:00:00,0.1722728287541063,0.003717870257882936,0.16855495849622334,1.0837603533890043,0.0,1.178000384118483
2026-05-25 05:00:00,0.14770492693719756,0.06407160193806119,0.08363332499913637,1.017487105862197,0.0,1.1059642455023881
2026-05-25 06:00:00,0.14534088305224666,0.04951983947907468,0.09582104357317198,0.899269961625189,0.0,0.9774673495925967
2026-05-25 07:00:00,0.1803551923709425,0.2772051372130603,-0.09684994484211779,0.8455348960629124,0.0,0.9190596696336004
2026-05-25 08:00:00,0.21370746561174384,0.33985170779920576,-0.12614424218746192,0.7147795698613729,0.0,0.7769343150667096
2026-05-25 09:00:00,0.22184562335195246,0.34585328214669736,-0.1240076587947449,0.5696948928432269,0.0,0.6192335791774205
2026-05-25 10:00:00,0.22696190066535507,0.5871403214383923,-0.3601784207730373,0.435357228937536,0.0,0.4732143792799304
2026-05-25 11:00:00,0.2349071247795678,0.6223459036837997,-0.38743877890423195,0.31355774699637623,0.0,0.34082363803953936
2026-05-25 12:00:00,0.22526267344897863,0.4855246242671644,-0.2602619508181858,0.24549333061749262,0.0,0.26684057675814415
2026-05-25 13:00:00,0.21494643439519698,0.4652087926860055,-0.25026235829080856,0.27056969454655505,0.0,0.2940974940723424
2026-05-25 14:00:00,0.20962792334463873,0.5339391509668684,-0.32431122762222964,0.2992283961797691,0.0,0.3252482567171403
2026-05-25 15:00:00,0.22647142741915136,0.45465807979201345,-0.2281866523728621,0.3386341109254383,0.0,0.3680805553537373
2026-05-25 16:00:00,0.307846054989133,0.3206411889974175,-0.012795134008284526,0.41028086500847355,0.0,0.4459574619657321
2026-05-25 17:00:00,0.33408993820323774,0.09555017910922728,0.23853975909401046,0.4711806059790534,0.0,0.5121528325859277
2026-05-25 18:00:00,0.33188164281238713,0.07443961850488462,0.2574420243075025,0.5356626846537851,0.0,0.5822420485367229
2026-05-25 19:00:00,0.35436444587630417,0.0,0.35436444587630417,0.6037271010326686,0.0,0.656225109818118
2026-05-25 20:00:00,0.3725677992524674,0.0,0.3725677992524674,0.7004502190447659,0.0,0.7613589337443107
2026-05-25 21:00:00,0.3585114001043497,0.0,0.3585114001043497,0.8598642468795193,0.0,0.9346350509559993
2026-05-25 22:00:00,0.3004889462229537,0.0,0.3004889462229537,0.899269961625189,0.0,0.9774673495925967
2026-05-25 23:00:00,0.24924713110083915,0.0,0.24924713110083915,0.908225805885568,0.0,0.9872019629190957
2026-05-26 00:00:00,0.21447921999528044,0.0,0.21447921999528044,0.899269961625189,0.0,0.9774673495925967
2026-05-26 01:00:00,0.19416287660251524,0.0,0.19416287660251524,0.863446584583671,0.0,0.9385288962865989
2026-05-26 02:00:00,0.1814244824561294,0.0,0.1814244824561294,0.79000866164856,0.0,0.8587050670093043
2026-05-26 03:00:00,0.1758828160411259,0.0,0.1758828160411259,0.6914943747843868,0.0,0.7516243204178118
2026-05-26 04:00:00,0.17869316566831342,0.010651195873934897,0.16804196979437852,0.600144763328517,0.0,0.6523312644875184
2026-05-26 05:00:00,0.17775173094875418,0.054717549987024036,0.12303418096173015,0.52491567154133,0.0,0.5705605125449239
2026-05-26 06:00:00,0.2089049976075448,0.12530227598864918,0.08360272161889562,0.4443130731979152,0.0,0.48294899260642954
2026-05-26 07:00:00,0.2061853033892985,0.18825943033098136,0.017925873058317138,0.29743722732769295,0.0,0.3233013340518402
2026-05-26 08:00:00,0.19506942638909383,0.39132639797898544,-0.1962569715898916,0.1559348880136986,0.0,0.16949444349315065
2026-05-26 09:00:00,0.18120363793098773,0.41320428315743657,-0.23200064522644884,0.1559348880136986,0.0,0.16949444349315065
2026-05-26 10:00:00,0.17704041445710655,0.2913915070177095,-0.11435109256060294,0.1559348880136986,0.0,0.16949444349315065
2026-05-26 11:00:00,0.1829191364653054,0.4480901468302988,-0.2651710103649934,0.1559348880136986,0.0,0.16949444349315065
2026-05-26 12:00:00,0.17462290883054774,0.39237690186020546,-0.21775399302965773,0.1559348880136986,0.0,0.16949444349315065
2026-05-26 13:00:00,0.17286789335047506,0.29212229232638426,-0.1192543989759092,0.1559348880136986,0.0,0.16949444349315065
2026-05-26 14:00:00,0.18480200073355152,0.1356885621881895,0.049113438545362015,0.1559348880136986,0.0,0.16949444349315065
2026-05-26 15:00:00,0.234407349189661,0.19059794331874066,0.04380940587092033,0.1559348880136986,0.0,0.16949444349315065
2026-05-26 16:00:00,0.3565029919462007,0.09160393844238349,0.26489905350381726,0.1559348880136986,0.0,0.16949444349315065
2026-05-26 17:00:00,0.3870332963542863,0.09615307698888398,0.2908802193654023,0.17026423883030567,0.0,0.18506982481554962
2026-05-26 18:00:00,0.38860467558940254,0.05163911687423154,0.336965558715171,0.29743722732769295,0.0,0.3233013340518402
2026-05-26 19:00:00,0.4008247021558458,0.0,0.4008247021558458,0.37445748796695605,0.0,0.40701900865973484
2026-05-26 20:00:00,0.37424843260203267,0.0,0.37424843260203267,0.43177489123338403,0.0,0.46932053394933043
2026-05-26 21:00:00,0.3634882097083981,0.0,0.3634882097083981,0.446104242049991,0.0,0.48489591527172937
2026-05-26 22:00:00,0.314122282992723,0.0,0.314122282992723,0.4425219043458393,0.0,0.4810020699411297
2026-05-26 23:00:00,0.2576898040400284,0.0,0.2576898040400284,0.4640159305707501,0.0,0.5043651419247284
2026-05-27 00:00:00,0.2172640000431663,0.0,0.2172640000431663,0.5302891780975575,0.0,0.5764012805408234
2026-05-27 01:00:00,0.19495786381682847,0.0,0.19495786381682847,0.6108917764409719,0.0,0.6640128004793173
2026-05-27 02:00:00,0.18316787595502762,0.0,0.18316787595502762,0.7076148944530697,0.0,0.7691466244055104
2026-05-27 03:00:00,0.17732634544791342,0.0,0.17732634544791342,0.7577676223111941,0.0,0.8236604590339066
2026-05-27 04:00:00,0.1815616285879867,0.011930070164115758,0.16963155842387093,0.8168761944296982,0.0,0.8879089069888023
2026-05-27 05:00:00,0.18080150689595814,0.10434700726239993,0.07645449963355821,0.7738881419798772,0.0,0.8411827630216056
2026-05-27 06:00:00,0.21280322568566976,0.21655909140941218,-0.0037558657237424242,0.6485063223345656,0.0,0.7048981764506148
2026-05-27 07:00:00,0.21139456268455625,0.3353117040690637,-0.12391714138450743,0.5177509961330263,0.0,0.5627728218837242
2026-05-27 08:00:00,0.2060342079281236,0.46856127028955114,-0.26252706236142753,0.4228190469730047,0.0,0.4595859206228312
2026-05-27 09:00:00,0.1929796783384566,0.4652453319514393,-0.2722656536129827,0.32967826666505906,0.0,0.35834594202723813
2026-05-27 10:00:00,0.18918140510483256,0.5552050034493045,-0.3660235983444719,0.30101956503184496,0.0,0.3271951793824402
2026-05-27 11:00:00,0.19679422151124135,0.449396425569555,-0.2526022040583137,0.2920637207714655,0.0,0.3174605660559407
2026-05-27 12:00:00,0.1899973124068558,0.37866554250619483,-0.18866823009933903,0.2795255388069342,0.0,0.30383210739884153
2026-05-27 13:00:00,0.18407674937227483,0.30405236249050005,-0.11997561311822522,0.3350517732212866,0.0,0.36418671002313757
2026-05-27 14:00:00,0.18330500793657864,0.5630335410684831,-0.37972853313190447,0.37087515026280404,0.0,0.40312516332913484
2026-05-27 15:00:00,0.22383773802868043,0.4687165621676445,-0.24487882413896409,0.3225135912567554,0.0,0.35055825136603846
2026-05-27 16:00:00,0.3368282170760606,0.3190700005837668,0.01775821649229381,0.3099754092922242,0.0,0.33692979270893936
2026-05-27 17:00:00,0.3521282389569661,0.037699387111260134,0.31442885184570596,0.3637104748545007,0.0,0.3953374726679355
2026-05-27 18:00:00,0.35284651838932396,0.0261438444178402,0.3267026739714838,0.4478954109020672,0.0,0.48684283793702954
2026-05-27 19:00:00,0.3782187027719028,0.0,0.3782187027719028,0.5696948928432269,0.0,0.6192335791774205
2026-05-27 20:00:00,0.37122422648365666,0.0,0.37122422648365666,0.6520886600387172,0.0,0.7087920217812144
2026-05-27 21:00:00,0.36403447305871806,0.0,0.36403447305871806,0.7667234665715736,0.0,0.8333950723604061
2026-05-27 22:00:00,0.3210354189006667,0.0,0.3210354189006667,0.8652377534357473,0.0,0.9404758189518992
2026-05-27 23:00:00,0.2586451833181766,0.0,0.2586451833181766,0.9709167157082242,0.0,1.0553442562045914
2026-05-28 00:00:00,0.21774750102317442,0.0,0.21774750102317442,1.0837603533890043,0.0,1.178000384118483
2026-05-28 01:00:00,0.1941047631146649,0.0,0.1941047631146649,1.119583730430522,0.0,1.2169388374244805
2026-05-28 02:00:00,0.1820311830667764,0.0,0.1820311830667764,1.2288450304071508,0.0,1.3357011200077726
2026-05-28 03:00:00,0.17968573778897182,0.0,0.17968573778897182,1.221680354998847,0.0,1.3279134293465729
2026-05-28 04:00:00,0.18026221958595706,0.0,0.18026221958595706,1.17690113369695,0.0,1.279240362714076
2026-05-28 05:00:00,0.17571544754098894,0.004247689606672151,0.1714677579343168,1.0353987943829557,0.0,1.1254334721553865
2026-05-28 06:00:00,0.20446980573573192,0.01873550835114963,0.1857342973845823,0.927928663258403,0.0,1.0086181122373945
2026-05-28 07:00:00,0.20116433052346044,0.06183357193024469,0.13933075859321575,0.8419525583587607,0.0,0.9151658243030008
2026-05-28 08:00:00,0.19322607886611254,0.17315044407413036,0.020075634791982183,0.7416471026425113,0.0,0.8061381550462079
2026-05-28 09:00:00,0.17806320593485395,0.19549420488686164,-0.017430998952007698,0.6485063223345656,0.0,0.7048981764506148
2026-05-28 10:00:00,0.17827938671036758,0.20206213784857624,-0.023782751138208658,0.6556709977428691,0.0,0.7126858671118143
2026-05-28 11:00:00,0.1823287070833498,0.213992208012692,-0.0316635009293422,0.5732772305473788,0.0,0.6231274245080204
2026-05-28 12:00:00,0.17161729919173757,0.5109924922744804,-0.33937519308274283,0.5499920354703921,0.0,0.5978174298591218
2026-05-28 13:00:00,0.16611050070288047,0.49616668532474084,-0.33005618462186037,0.5338715158017092,0.0,0.580295125871423
2026-05-28 14:00:00,0.1730329351601699,0.3310092055642409,-0.157976270404071,0.5177509961330263,0.0,0.5627728218837242
2026-05-28 15:00:00,0.20747541161219252,0.34692205566063417,-0.13944664404844165,0.4855099567956605,0.0,0.5277282139083266
2026-05-28 16:00:00,0.30245082769607834,0.3553352215267526,-0.05288439383067428,0.5517832043224683,0.0,0.5997643525244221
2026-05-28 17:00:00,0.3304404257877964,0.226872299078085,0.10356812670971141,0.6288034649617309,0.0,0.6834820271323162
2026-05-28 18:00:00,0.3385785876650449,0.09211548815845583,0.24646309950658907,0.7201530764176008,0.0,0.7827750830626096
2026-05-28 19:00:00,0.3637996796637138,0.0008586727376928647,0.36294100692602094,0.8688200911398989,0.0,0.9443696642824988
2026-05-28 20:00:00,0.36458073620768744,0.0,0.36458073620768744,0.9798725599686035,0.0,1.0650788695310907
2026-05-28 21:00:00,0.3598038386220478,0.0,0.3598038386220478,1.0443546386433353,0.0,1.135168085481886
2026-05-28 22:00:00,0.318706245620239,0.0,0.318706245620239,1.1267484058388255,0.0,1.2247265280856798
2026-05-28 23:00:00,0.25941692645217085,0.0,0.25941692645217085,1.1983951599218607,0.0,1.3026034346976747
2026-05-29 00:00:00,0.22139468034737234,0.0,0.22139468034737234,1.3596003566086903,0.0,1.4778264745746634
2026-05-29 01:00:00,0.19851671050241182,0.0,0.19851671050241182,1.3524356812003866,0.0,1.4700387839134637
2026-05-29 02:00:00,0.18423018292359777,0.0,0.18423018292359777,1.0658486648682457,0.0,1.1585311574654844
2026-05-29 03:00:00,0.17661736528873556,0.0,0.17661736528873556,1.090925028797308,0.0,1.1857880747796827
2026-05-29 04:00:00,0.17516686146803007,0.01288009106539297,0.1622867704026371,1.121374899282598,0.0,1.2188857600897804
2026-05-29 05:00:00,0.16705426821180927,0.10571722971616514,0.06133703849564413,1.3506445123483104,0.0,1.4680918612481635
2026-05-29 06:00:00,0.19977658961745978,0.24178031937505048,-0.0420037297575907,1.0067400927497416,0.0,1.0942827095105887
2026-05-29 07:00:00,0.21198498965982635,0.36974996174036256,-0.15776497208053622,0.9333021698146307,0.0,1.0144588802332941
2026-05-29 08:00:00,0.21496502859250932,0.498103266392729,-0.2831382378002197,0.804338012465167,0.0,0.8742804483317032
2026-05-29 09:00:00,0.20469992750188568,0.5810565337436748,-0.3763566062417891,0.6377593092221102,0.0,0.6932166404588155
2026-05-29 10:00:00,0.1973032907096229,0.6441963844131756,-0.4468930937035527,0.4640159305707501,0.0,0.5043651419247284
2026-05-29 11:00:00,0.19961619286971702,0.6794293711076584,-0.47981317823794145,0.2902725519193896,0.0,0.31551364339064086
2026-05-29 12:00:00,0.19106891773863524,0.6781139575520438,-0.48704503981340863,0.1559348880136986,0.0,0.16949444349315065
2026-05-29 13:00:00,0.18615022502732045,0.6034094293727645,-0.41725920434544406,0.1559348880136986,0.0,0.16949444349315065
2026-05-29 14:00:00,0.1899206030983379,0.4049007350876194,-0.21498013198928154,0.1559348880136986,0.0,0.16949444349315065
2026-05-29 15:00:00,0.22393304297286853,0.3681696385103534,-0.14423659553748486,0.1559348880136986,0.0,0.16949444349315065
2026-05-29 16:00:00,0.3165839336391121,0.3457071250849624,-0.029123191445850294,0.1559348880136986,0.0,0.16949444349315065
2026-05-29 17:00:00,0.3405730265093719,0.13280196021892413,0.20777106629044775,0.1559348880136986,0.0,0.16949444349315065
2026-05-29 18:00:00,0.33993610788780404,0.012998843678052622,0.32693726420975144,0.1559348880136986,0.0,0.16949444349315065
2026-05-29 19:00:00,0.35909716315979073,0.008924715582190731,0.3501724475776,0.21325229128012682,0.0,0.23179596878274655
2026-05-29 20:00:00,0.3503523209735341,0.0,0.3503523209735341,0.40311618960017015,0.0,0.4381697713045328
2026-05-29 21:00:00,0.34655637334213674,0.0,0.34655637334213674,0.5195421649851021,0.0,0.564719744549024
2026-05-29 22:00:00,0.3137643059799228,0.0,0.3137643059799228,0.5858154125119099,0.0,0.6367558831651194
2026-05-29 23:00:00,0.2646447810175787,0.0,0.2646447810175787,0.580441905955682,0.0,0.6309151151692196
2026-05-30 00:00:00,0.2261762268734586,0.0,0.2261762268734586,0.566112555139075,0.0,0.6153397338468206
2026-05-30 01:00:00,0.2002391833804352,0.0,0.2002391833804352,0.5302891780975575,0.0,0.5764012805408234
2026-05-30 02:00:00,0.1855760832726547,0.0,0.1855760832726547,0.4926746322039642,0.0,0.5355159045695262
2026-05-30 03:00:00,0.1791441237415269,0.0,0.1791441237415269,0.4640159305707501,0.0,0.5043651419247284
2026-05-30 04:00:00,0.17537142027529357,0.004704430424593887,0.17066698985069967,0.4425219043458393,0.0,0.4810020699411297
2026-05-30 05:00:00,0.15793283532117947,0.004156341443087803,0.15377649387809167,0.4156543715647011,0.0,0.4517982299616316
2026-05-30 06:00:00,0.16919050431111118,0.037005141068019096,0.1321853632430921,0.386995669931487,0.0,0.42064746731683367
2026-05-30 07:00:00,0.20534847846002943,0.1325644549936048,0.07278402346642462,0.3243047601088312,0.0,0.35250517403133824
2026-05-30 08:00:00,0.22912603592523914,0.2842115413599798,-0.05508550543474064,0.2508668371737201,0.0,0.2726813447540436
2026-05-30 09:00:00,0.2312250795843833,0.4248785784635162,-0.19365349887913288,0.1559348880136986,0.0,0.16949444349315065
2026-05-30 10:00:00,0.22866112860126522,0.38953597397273226,-0.16087484537146704,0.1559348880136986,0.0,0.16949444349315065
2026-05-30 11:00:00,0.22951422849534242,0.5142810261635169,-0.2847667976681745,0.1559348880136986,0.0,0.16949444349315065
2026-05-30 12:00:00,0.21501849471180318,0.47055266025568987,-0.2555341655438867,0.1559348880136986,0.0,0.16949444349315065
2026-05-30 13:00:00,0.20323083206195275,0.45759949065942945,-0.2543686585974767,0.1559348880136986,0.0,0.16949444349315065
2026-05-30 14:00:00,0.19853529340362086,0.521680227413849,-0.32314493401022815,0.1559348880136986,0.0,0.16949444349315065
2026-05-30 15:00:00,0.21058795242748074,0.4789566913054498,-0.2683687388779691,0.1559348880136986,0.0,0.16949444349315065
2026-05-30 16:00:00,0.27475412524271803,0.208045442563351,0.06670868267936703,0.1559348880136986,0.0,0.16949444349315065
2026-05-30 17:00:00,0.30263214848728015,0.07773728721027956,0.2248948612770006,0.1559348880136986,0.0,0.16949444349315065
2026-05-30 18:00:00,0.3050054902257534,0.061997998624696515,0.2430074916010569,0.1559348880136986,0.0,0.16949444349315065
2026-05-30 19:00:00,0.33008711256312956,0.009244434154735947,0.3208426784083936,0.1559348880136986,0.0,0.16949444349315065
2026-05-30 20:00:00,0.3496782075762295,0.0,0.3496782075762295,0.1559348880136986,0.0,0.16949444349315065
2026-05-30 21:00:00,0.347665170106695,0.0,0.347665170106695,0.1559348880136986,0.0,0.16949444349315065
2026-05-30 22:00:00,0.3113932907257759,0.0,0.3113932907257759,0.20966995357597515,0.0,0.2279021234521469
2026-05-30 23:00:00,0.26447276498758726,0.0,0.26447276498758726,0.2634050191382514,0.0,0.28630980341114276
2026-05-31 00:00:00,0.2254463247706814,0.0,0.2254463247706814,0.2938548896235413,0.0,0.31940748872124053
2026-05-31 01:00:00,0.20070408698151862,0.0,0.20070408698151862,0.30818424044014836,0.0,0.33498287004363947
2026-05-31 02:00:00,0.184534695241724,0.0,0.184534695241724,0.3314694355171349,0.0,0.36029286469253796
2026-05-31 03:00:00,0.17700091162051382,0.0,0.17700091162051382,0.3493811240378937,0.0,0.3797620913455366
2026-05-31 04:00:00,0.17095249847452362,0.013638280823143053,0.15731421765138057,0.3923691764877148,0.0,0.42648823531273344
2026-05-31 05:00:00,0.14705870892919867,0.04692555163327921,0.10013315729591946,0.37266631911488024,0.0,0.40507208599443506
2026-05-31 06:00:00,0.1472167743830666,0.1678613854025966,-0.020644611019529996,0.28669021421523794,0.0,0.3116197980600412
2026-05-31 07:00:00,0.1826262532111252,0.2374504164211524,-0.0548241632100272,0.16309956342200196,0.0,0.17728213415434996
2026-05-31 08:00:00,0.21477907170453808,0.3577559478617378,-0.14297687615719973,0.1559348880136986,0.0,0.16949444349315065
2026-05-31 09:00:00,0.2236912961376517,0.4484372698519194,-0.2247459737142677,0.1559348880136986,0.0,0.16949444349315065
2026-05-31 10:00:00,0.23083688300078858,0.6197790202870795,-0.38894213728629096,0.1559348880136986,0.0,0.16949444349315065
2026-05-31 11:00:00,0.24017682154664965,0.6464800885027844,-0.4063032669561347,0.1559348880136986,0.0,0.16949444349315065
2026-05-31 12:00:00,0.231273893935515,0.6373726765934249,-0.4060987826579099,0.1559348880136986,0.0,0.16949444349315065
2026-05-31 13:00:00,0.2224174561547713,0.582362812482931,-0.3599453563281597,0.1559348880136986,0.0,0.16949444349315065
2026-05-31 14:00:00,0.21671539835305556,0.5310982230793952,-0.3143828247263397,0.1559348880136986,0.0,0.16949444349315065
2026-05-31 15:00:00,0.23208282978935454,0.43563025731739385,-0.2035474275280393,0.1559348880136986,0.0,0.16949444349315065
2026-05-31 16:00:00,0.31355973700348655,0.34716869570231196,-0.03360895869882541,0.1559348880136986,0.0,0.16949444349315065
2026-05-31 17:00:00,0.34284874725449743,0.20423622414188372,0.1386125231126137,0.1559348880136986,0.0,0.16949444349315065
2026-05-31 18:00:00,0.3395758198398689,0.08520043217512073,0.25437538766474815,0.1559348880136986,0.0,0.16949444349315065
2026-05-31 19:00:00,0.359578354689293,0.009299243052886555,0.35027911163640646,0.1559348880136986,0.0,0.16949444349315065
2026-05-31 20:00:00,0.37278165529345353,0.0,0.37278165529345353,0.24011982406126506,0.0,0.2609998087622446
2026-05-31 21:00:00,0.3580325478521409,0.0,0.3580325478521409,0.32609592896090706,0.0,0.35445209669663813
2026-05-31 22:00:00,0.29977764171140003,0.0,0.29977764171140003,0.386995669931487,0.0,0.42064746731683367
2026-05-31 23:00:00,0.2440866861264363,0.0,0.2440866861264363,0.4138632027126252,0.0,0.44985130729633177
2026-06-01 00:00:00,0.2095651743635485,0.0,0.2095651743635485,0.4299837223813081,0.0,0.46737361128403054
2026-06-01 01:00:00,0.18892339692606386,0.0,0.18892339692606386,0.45326891745829473,0.0,0.49268360593292904
2026-06-01 02:00:00,0.1778609858367251,0.0,0.1778609858367251,0.45147774860621886,0.0,0.4907366832676292
2026-06-01 03:00:00,0.17556900481108617,0.0,0.17556900481108617,0.4693894371269776,0.0,0.5102059099206279
2026-06-01 04:00:00,0.17984845428045057,0.014341661682742526,0.16550679259770804,0.48730112564773637,0.0,0.5296751365736265
2026-06-01 05:00:00,0.16926721601612207,0.10119549561873994,0.06807172039738213,0.435357228937536,0.0,0.4732143792799304
2026-06-01 06:00:00,0.19866314285953782,0.19898370473578375,-0.0003205618762459339,0.2831078765110862,0.0,0.30772595272944153
2026-06-01 07:00:00,0.20336565494176037,0.35902568733556023,-0.15566003239379986,0.1559348880136986,0.0,0.16949444349315065
2026-06-01 08:00:00,0.20533452594801774,0.4744623616570999,-0.26912783570908216,0.1559348880136986,0.0,0.16949444349315065
2026-06-01 09:00:00,0.19370725364459637,0.5393469622510617,-0.3456397086064653,0.1559348880136986,0.0,0.16949444349315065
2026-06-01 10:00:00,0.18566207445984553,0.574378982985659,-0.38871690852581353,0.1559348880136986,0.0,0.16949444349315065
2026-06-01 11:00:00,0.1933353293147273,0.6480512769164352,-0.45471594760170786,0.1559348880136986,0.0,0.16949444349315065
2026-06-01 12:00:00,0.17958809264163011,0.6532033133425924,-0.4736152207009623,0.1559348880136986,0.0,0.16949444349315065
2026-06-01 13:00:00,0.1755434206911672,0.6112653714410184,-0.4357219507498512,0.1559348880136986,0.0,0.16949444349315065
2026-06-01 14:00:00,0.18115249801687872,0.5387714688204804,-0.3576189708036017,0.1559348880136986,0.0,0.16949444349315065
2026-06-01 15:00:00,0.22512552439190395,0.43772213026347545,-0.2125966058715715,0.1559348880136986,0.0,0.16949444349315065
2026-06-01 16:00:00,0.3395618559642057,0.2848144392396365,0.054747416724569176,0.1559348880136986,0.0,0.16949444349315065
2026-06-01 17:00:00,0.35567313632706304,0.11825933257629605,0.23741380375076698,0.1559348880136986,0.0,0.16949444349315065
2026-06-01 18:00:00,0.35991307081055,0.050278029236824756,0.30963504157372523,0.1559348880136986,0.0,0.16949444349315065
2026-06-01 19:00:00,0.37982727206463135,0.0,0.37982727206463135,0.1559348880136986,0.0,0.16949444349315065
2026-06-01 20:00:00,0.3646109536293071,0.0,0.3646109536293071,0.1559348880136986,0.0,0.16949444349315065
2026-06-01 21:00:00,0.36153793312529164,0.0,0.36153793312529164,0.1559348880136986,0.0,0.16949444349315065
2026-06-01 22:00:00,0.3133249703732797,0.0,0.3133249703732797,0.1559348880136986,0.0,0.16949444349315065
2026-06-01 23:00:00,0.24964230003904286,0.0,0.24964230003904286,0.1559348880136986,0.0,0.16949444349315065
2026-06-02 00:00:00,0.2122035101186713,0.0,0.2122035101186713,0.1559348880136986,0.0,0.16949444349315065
2026-06-02 01:00:00,0.19214518908829148,0.0,0.19214518908829148,0.1559348880136986,0.0,0.16949444349315065
2026-06-02 02:00:00,0.18063879299868488,0.0,0.18063879299868488,0.1559348880136986,0.0,0.16949444349315065
2026-06-02 03:00:00,0.17661736563751884,0.0,0.17661736563751884,0.1559348880136986,0.0,0.16949444349315065
2026-06-02 04:00:00,0.1767149951405935,0.014962829195116089,0.1617521659454774,0.1559348880136986,0.0,0.16949444349315065
2026-06-02 05:00:00,0.17286558015978584,0.10940769552497277,0.06345788463481307,0.1559348880136986,0.0,0.16949444349315065
2026-06-02 06:00:00,0.20143862542016525,0.21116954975793567,-0.009730924337770425,0.1559348880136986,0.0,0.16949444349315065
2026-06-02 07:00:00,0.20084354639031637,0.3289995459653853,-0.1281559995750689,0.1559348880136986,0.0,0.16949444349315065
2026-06-02 08:00:00,0.19149430838130355,0.3799535516127342,-0.18845924323143065,0.1559348880136986,0.0,0.16949444349315065
2026-06-02 09:00:00,0.17774707113973173,0.4732839703468618,-0.2955368992071301,0.1559348880136986,0.0,0.16949444349315065
2026-06-02 10:00:00,0.17455782369463893,0.5515145376404968,-0.37695671394585795,0.1559348880136986,0.0,0.16949444349315065
2026-06-02 11:00:00,0.17926266031387467,0.5994175146241286,-0.42015485431025396,0.1559348880136986,0.0,0.16949444349315065
2026-06-02 12:00:00,0.17252386399265973,0.5973895853925562,-0.4248657213998964,0.1559348880136986,0.0,0.16949444349315065
2026-06-02 13:00:00,0.17053639593224845,0.45757208621035417,-0.2870356902781057,0.1559348880136986,0.0,0.16949444349315065
2026-06-02 14:00:00,0.1789209547498985,0.4639847272939753,-0.2850637725440768,0.1559348880136986,0.0,0.16949444349315065
2026-06-02 15:00:00,0.2246582952009025,0.41131337617124064,-0.18665508097033814,0.1559348880136986,0.0,0.16949444349315065
2026-06-02 16:00:00,0.33959207770608335,0.3382074408546875,0.0013846368513958374,0.1559348880136986,0.0,0.16949444349315065
2026-06-02 17:00:00,0.3718402056522179,0.21485088075038486,0.15698932490183307,0.1559348880136986,0.0,0.16949444349315065
2026-06-02 18:00:00,0.3784302335315858,0.07429346144314966,0.30413677208843615,0.1559348880136986,0.0,0.16949444349315065
2026-06-02 19:00:00,0.3945949764607473,0.0115464078770615,0.3830485685836858,0.1559348880136986,0.0,0.16949444349315065
2026-06-02 20:00:00,0.37155198425257224,0.0,0.37155198425257224,0.1559348880136986,0.0,0.16949444349315065
2026-06-02 21:00:00,0.36117763260912517,0.0,0.36117763260912517,0.1559348880136986,0.0,0.16949444349315065
2026-06-02 22:00:00,0.31473363334788157,0.0,0.31473363334788157,0.1559348880136986,0.0,0.16949444349315065
2026-06-02 23:00:00,0.25888461024511467,0.0,0.25888461024511467,0.1559348880136986,0.0,0.16949444349315065
2026-06-03 00:00:00,0.21761965291586635,0.0,0.21761965291586635,0.1559348880136986,0.0,0.16949444349315065
2026-06-03 01:00:00,0.19409314096883243,0.0,0.19409314096883243,0.1559348880136986,0.0,0.16949444349315065
2026-06-03 02:00:00,0.180882868420377,0.0,0.180882868420377,0.1559348880136986,0.0,0.16949444349315065
2026-06-03 03:00:00,0.17649881468567827,0.0,0.17649881468567827,0.1559348880136986,0.0,0.16949444349315065
2026-06-03 04:00:00,0.17815387546349928,0.0,0.17815387546349928,0.1559348880136986,0.0,0.16949444349315065
2026-06-03 05:00:00,0.17144994439811995,0.10063827182087544,0.07081167257724451,0.1595172257178503,0.0,0.17338828882375032
2026-06-03 06:00:00,0.20257996707440767,0.06292061507689842,0.13965935199750926,0.1559348880136986,0.0,0.16949444349315065
2026-06-03 07:00:00,0.20464414305841913,0.2160201372442645,-0.011375994185845367,0.1559348880136986,0.0,0.16949444349315065
2026-06-03 08:00:00,0.19928378892057746,0.15153746857007375,0.04774632035050372,0.1559348880136986,0.0,0.16949444349315065
2026-06-03 09:00:00,0.18613162930846722,0.235614318333107,-0.04948268902463979,0.1559348880136986,0.0,0.16949444349315065
2026-06-03 10:00:00,0.18247980056125102,0.2771046542331176,-0.09462485367186657,0.1559348880136986,0.0,0.16949444349315065
2026-06-03 11:00:00,0.1957179658748441,0.3958664017091275,-0.2001484358342834,0.1559348880136986,0.0,0.16949444349315065
2026-06-03 12:00:00,0.18786107368951024,0.2129873782132642,-0.025126304523753945,0.1559348880136986,0.0,0.16949444349315065
2026-06-03 13:00:00,0.18254256279858855,0.3612728521597352,-0.17873028936114665,0.1559348880136986,0.0,0.16949444349315065
2026-06-03 14:00:00,0.18485314038401265,0.5339939598650191,-0.3491408194810064,0.1559348880136986,0.0,0.16949444349315065
2026-06-03 15:00:00,0.224191065387021,0.4642587717847284,-0.24006770639770741,0.1559348880136986,0.0,0.16949444349315065
2026-06-03 16:00:00,0.3218559548933686,0.357865565658039,-0.03600961076467041,0.1559348880136986,0.0,0.16949444349315065
2026-06-03 17:00:00,0.33736285938549965,0.2202038831364276,0.11715897624907204,0.1559348880136986,0.0,0.16949444349315065
2026-06-03 18:00:00,0.3369746651043828,0.08778558520455776,0.24918907989982503,0.1559348880136986,0.0,0.16949444349315065
2026-06-03 19:00:00,0.3637020480113134,0.008933850398549166,0.35476819761276424,0.1559348880136986,0.0,0.16949444349315065
2026-06-03 20:00:00,0.362721116304759,0.0,0.362721116304759,0.26698735684240305,0.0,0.2902036487417424
2026-06-03 21:00:00,0.36225156292615573,0.0,0.36225156292615573,0.37445748796695605,0.0,0.40701900865973484
2026-06-03 22:00:00,0.31838081175892446,0.0,0.31838081175892446,0.4407307354937635,0.0,0.47905514727582993
2026-06-03 23:00:00,0.2587056209914089,0.0,0.2587056209914089,0.4890922944998122,0.0,0.5316220592389262
2026-06-04 00:00:00,0.2183890696646875,0.0,0.2183890696646875,0.49446580105604004,0.0,0.5374628272348261
2026-06-04 01:00:00,0.19441624927052895,0.0,0.19441624927052895,0.5231245026892541,0.0,0.5686135898796241
2026-06-04 02:00:00,0.18203583188275652,0.0,0.18203583188275652,0.553574373174544,0.0,0.6017112751897218
2026-06-04 03:00:00,0.17770756717670882,0.0,0.17770756717670882,0.6055182698847443,0.0,0.6581720324834178
2026-06-04 04:00:00,0.17750765784134828,0.009582422359998033,0.16792523548135024,0.6323858026658826,0.0,0.687375872462916
2026-06-04 05:00:00,0.1695229138376475,0.09803484915872153,0.07148806467892597,0.5374538535058613,0.0,0.5841889712020231
2026-06-04 06:00:00,0.19690812791064227,0.20263763127915763,-0.005729503368515354,0.30818424044014836,0.0,0.33498287004363947
2026-06-04 07:00:00,0.1958737125505838,0.34274744458482953,-0.14687373203424572,0.1559348880136986,0.0,0.16949444349315065
2026-06-04 08:00:00,0.18875834236989028,0.4479165853194886,-0.2591582429495983,0.1559348880136986,0.0,0.16949444349315065
2026-06-04 09:00:00,0.17774242133407342,0.5373098982031309,-0.3595674768690575,0.1559348880136986,0.0,0.16949444349315065
2026-06-04 10:00:00,0.17572008483255186,0.6095480259656327,-0.4338279411330809,0.1559348880136986,0.0,0.16949444349315065
2026-06-04 11:00:00,0.18027615199394803,0.6157048921912177,-0.4354287401972697,0.1559348880136986,0.0,0.16949444349315065
2026-06-04 12:00:00,0.1707386283545713,0.23772446091190547,-0.06698583255733417,0.1559348880136986,0.0,0.16949444349315065
2026-06-04 13:00:00,0.1670937744476141,0.18717238718432763,-0.02007861273671352,0.1559348880136986,0.0,0.16949444349315065
2026-06-04 14:00:00,0.1713430053614905,0.27065547388406264,-0.09931246852257214,0.1559348880136986,0.0,0.16949444349315065
2026-06-04 15:00:00,0.20543215406417586,0.12158440573076626,0.0838477483334096,0.1559348880136986,0.0,0.16949444349315065
2026-06-04 16:00:00,0.29652561444524644,0.31402758195391073,-0.017501967508664285,0.1559348880136986,0.0,0.16949444349315065
2026-06-04 17:00:00,0.32723490641567854,0.17386295975008823,0.15337194666559031,0.1559348880136986,0.0,0.16949444349315065
2026-06-04 18:00:00,0.33519408017914526,0.01456089727534496,0.3206331829038003,0.1559348880136986,0.0,0.16949444349315065
2026-06-04 19:00:00,0.3630465328994168,0.012861821432676102,0.3501847114667407,0.1559348880136986,0.0,0.16949444349315065
2026-06-04 20:00:00,0.3634347449938494,0.0,0.3634347449938494,0.1559348880136986,0.0,0.16949444349315065
2026-06-04 21:00:00,0.36140311124006747,0.0,0.36140311124006747,0.1559348880136986,0.0,0.16949444349315065
2026-06-04 22:00:00,0.3220372889999533,0.0,0.3220372889999533,0.1559348880136986,0.0,0.16949444349315065
2026-06-04 23:00:00,0.2648051736906138,0.0,0.2648051736906138,0.1559348880136986,0.0,0.16949444349315065
2026-06-05 00:00:00,0.2254811943250998,0.0,0.2254811943250998,0.1559348880136986,0.0,0.16949444349315065
2026-06-05 01:00:00,0.20183613160746852,0.0,0.20183613160746852,0.1559348880136986,0.0,0.16949444349315065
2026-06-05 02:00:00,0.18623159859056254,0.0,0.18623159859056254,0.1559348880136986,0.0,0.16949444349315065
2026-06-05 03:00:00,0.17863505249479703,0.0,0.17863505249479703,0.2007141093155956,0.0,0.2181675101256474
2026-06-05 04:00:00,0.1772101183481525,0.012131036124001323,0.16507908222415119,0.27056969454655505,0.0,0.2940974940723424
2026-06-05 05:00:00,0.1692067782146342,0.017018162875763906,0.1521886153388703,0.23474631750503724,0.0,0.2551590407663448
2026-06-05 06:00:00,0.20306579257638888,0.04404808448037227,0.15901770809601662,0.1559348880136986,0.0,0.16949444349315065
2026-06-05 07:00:00,0.2101230467517239,0.03362525901539825,0.17649778773632566,0.1559348880136986,0.0,0.16949444349315065
2026-06-05 08:00:00,0.2087027614970248,0.04012924826260377,0.16857351323442102,0.1559348880136986,0.0,0.16949444349315065
2026-06-05 09:00:00,0.19538323547872208,0.08636968866900037,0.10901354680972171,0.1559348880136986,0.0,0.16949444349315065
2026-06-05 10:00:00,0.18926276302959558,0.05580459313367778,0.1334581698959178,0.1559348880136986,0.0,0.16949444349315065
2026-06-05 11:00:00,0.1913548349578589,0.3650546661321271,-0.1736998311742682,0.1559348880136986,0.0,0.16949444349315065
2026-06-05 12:00:00,0.18332592799340713,0.0896125484762447,0.09371337951716244,0.1559348880136986,0.0,0.16949444349315065
2026-06-05 13:00:00,0.17893955067420475,0.06960730065127266,0.10933225002293209,0.1559348880136986,0.0,0.16949444349315065
2026-06-05 14:00:00,0.18349561821362692,0.1444579858922868,0.03903763232134011,0.1559348880136986,0.0,0.16949444349315065
2026-06-05 15:00:00,0.21445130917105418,0.1710128970462566,0.04343841212479757,0.1559348880136986,0.0,0.16949444349315065
2026-06-05 16:00:00,0.29985665715176674,0.10762640633507799,0.19223025081668876,0.1559348880136986,0.0,0.16949444349315065
2026-06-05 17:00:00,0.3177438735033086,0.04853327931236373,0.2692105941909449,0.1559348880136986,0.0,0.16949444349315065
2026-06-05 18:00:00,0.31996611936820146,0.07686034483986984,0.24310577452833163,0.19354943390729223,0.0,0.2103798194644481
2026-06-05 19:00:00,0.34715143272206234,0.007079482677786917,0.34007195004427543,0.2848990453631621,0.0,0.3096728753947414
2026-06-05 20:00:00,0.34748618212330695,0.0,0.34748618212330695,0.37445748796695605,0.0,0.40701900865973484
2026-06-05 21:00:00,0.35055455555790954,0.0,0.35055455555790954,0.4210278781209289,0.0,0.4576389979575314
2026-06-05 22:00:00,0.32143756129077194,0.0,0.32143756129077194,0.43714839778961184,0.0,0.47516130194523026
2026-06-05 23:00:00,0.2740312106937169,0.0,0.2740312106937169,0.435357228937536,0.0,0.4732143792799304
2026-06-06 00:00:00,0.2327453329185144,0.0,0.2327453329185144,0.490883463351888,0.0,0.5335689819042261
2026-06-06 01:00:00,0.20562975520585663,0.0,0.20562975520585663,0.5983535944764411,0.0,0.6503843418222186
2026-06-06 02:00:00,0.19036925221091766,0.0,0.19036925221091766,0.6395504780741861,0.0,0.6951635631241152
2026-06-06 03:00:00,0.1833166446205643,0.0,0.1833166446205643,0.6485063223345656,0.0,0.7048981764506148
2026-06-06 04:00:00,0.17561781921512426,0.005289058671533709,0.17032876054359056,0.6377593092221102,0.0,0.6932166404588155
2026-06-06 05:00:00,0.15323497043215062,0.08312682886175606,0.07010814157039456,0.6126829452930481,0.0,0.6659597231446175
2026-06-06 06:00:00,0.1635302866945199,0.12650807174796258,0.03702221494655733,0.5893977502160616,0.0,0.6406497284957191
2026-06-06 07:00:00,0.20268457311610924,0.26026005286816395,-0.05757547975205471,0.539245022357937,0.0,0.5861358938673229
2026-06-06 08:00:00,0.22625989687626508,0.3251355186457674,-0.09887562176950232,0.43177489123338403,0.0,0.46932053394933043
2026-06-06 09:00:00,0.22464435070328537,0.514491126939761,-0.2898467762364756,0.3207224224046796,0.0,0.3486113287007387
2026-06-06 10:00:00,0.22132028018525216,0.6000752214019359,-0.37875494121668374,0.2544491748778721,0.0,0.2765751900846436
2026-06-06 11:00:00,0.22329147666701493,0.6471377952805917,-0.42384631861357674,0.17563774538653318,0.0,0.19091059281144912
2026-06-06 12:00:00,0.20996962757960255,0.5894971040588686,-0.379527476479266,0.1559348880136986,0.0,0.16949444349315065
2026-06-06 13:00:00,0.199269842538886,0.5088458104302482,-0.3095759678913622,0.1559348880136986,0.0,0.16949444349315065
2026-06-06 14:00:00,0.19637348509981395,0.4616644839389329,-0.26529099883911894,0.1559348880136986,0.0,0.16949444349315065
2026-06-06 15:00:00,0.212352266169367,0.4590336568277037,-0.2466813906583367,0.1559348880136986,0.0,0.16949444349315065
2026-06-06 16:00:00,0.27507258507452137,0.3733856186510196,-0.09831303357649823,0.1559348880136986,0.0,0.16949444349315065
2026-06-06 17:00:00,0.3012118641819292,0.23650039551987515,0.06471146866205404,0.1559348880136986,0.0,0.16949444349315065
2026-06-06 18:00:00,0.3085015753776447,0.10628358833038809,0.20221798704725663,0.2007141093155956,0.0,0.2181675101256474
2026-06-06 19:00:00,0.32854130317594915,0.014816672133381132,0.31372463104256804,0.23295514865296138,0.0,0.253212118101045
2026-06-06 20:00:00,0.34708171320210696,0.0,0.34708171320210696,0.43177489123338403,0.0,0.46932053394933043
2026-06-06 21:00:00,0.3497061024898447,0.0,0.3497061024898447,0.6664180108553244,0.0,0.7243674031036134
2026-06-06 22:00:00,0.3159772527218927,0.0,0.3159772527218927,0.863446584583671,0.0,0.9385288962865989
2026-06-06 23:00:00,0.2679293328957893,0.0,0.2679293328957893,0.908225805885568,0.0,0.9872019629190957
2026-06-07 00:00:00,0.22884013044575338,0.0,0.22884013044575338,0.8222497009859261,0.0,0.8937496749847023
2026-06-07 01:00:00,0.20485568739655197,0.0,0.20485568739655197,0.7452294403466629,0.0,0.8100320003768076
2026-06-07 02:00:00,0.18892804619826703,0.0,0.18892804619826703,0.7076148944530697,0.0,0.7691466244055104
2026-06-07 03:00:00,0.18041563772111885,0.0,0.18041563772111885,0.7004502190447659,0.0,0.7613589337443107
2026-06-07 04:00:00,0.1725610690603739,0.012304597634811584,0.16025647142556232,0.6950767124885384,0.0,0.7555181657484114
2026-06-07 05:00:00,0.14671700345245,0.021311526564228224,0.1254054768882218,0.584024243659834,0.0,0.6348089604998196
2026-06-07 06:00:00,0.14826281002782596,0.18904502453780675,-0.04078221450998079,0.404907358452246,0.0,0.44011669396983266
2026-06-07 07:00:00,0.1848810414370717,0.27185213482701764,-0.08697109338994594,0.23116397980088557,0.0,0.25126519543574516
2026-06-07 08:00:00,0.21233134715730814,0.2649918877418331,-0.052660540584524934,0.1559348880136986,0.0,0.16949444349315065
2026-06-07 09:00:00,0.21838440627895206,0.23807158393352598,-0.019687177654573923,0.1559348880136986,0.0,0.16949444349315065
2026-06-07 10:00:00,0.2209041891803306,0.1677243631572201,0.0531798260231105,0.1559348880136986,0.0,0.16949444349315065
2026-06-07 11:00:00,0.2270060652391064,0.6707969696489376,-0.44379090440983127,0.1559348880136986,0.0,0.16949444349315065
2026-06-07 12:00:00,0.21931189048624247,0.4475694622978681,-0.22825757181162562,0.1559348880136986,0.0,0.16949444349315065
2026-06-07 13:00:00,0.21403522096548872,0.5241374930142679,-0.3101022720487792,0.1559348880136986,0.0,0.16949444349315065
2026-06-07 14:00:00,0.2076590511077309,0.1542048349467367,0.05345421616099419,0.1559348880136986,0.0,0.16949444349315065
2026-06-07 15:00:00,0.22712694396244434,0.04350913031522463,0.1836178136472197,0.1559348880136986,0.0,0.16949444349315065
2026-06-07 16:00:00,0.29817138481311745,0.021284122115152924,0.27688726269796454,0.1559348880136986,0.0,0.16949444349315065
2026-06-07 17:00:00,0.33117963349032137,0.021567301422264398,0.309612332068057,0.1559348880136986,0.0,0.16949444349315065
2026-06-07 18:00:00,0.3395363017037014,0.06196145935926278,0.27757484234443863,0.1559348880136986,0.0,0.16949444349315065
2026-06-07 19:00:00,0.36528041258250227,0.015200334420435394,0.3500800781620669,0.1559348880136986,0.0,0.16949444349315065
2026-06-07 20:00:00,0.3826678574284447,0.0,0.3826678574284447,0.1559348880136986,0.0,0.16949444349315065
2026-06-07 21:00:00,0.36817909658879355,0.0,0.36817909658879355,0.18459358964691272,0.0,0.2006452061379486
2026-06-07 22:00:00,0.310096205454637,0.0,0.310096205454637,0.23832865520918925,0.0,0.2590528860969448
2026-06-07 23:00:00,0.2538543381628853,0.0,0.2538543381628853,0.2848990453631621,0.0,0.3096728753947414
2026-06-08 00:00:00,0.21599713410244245,0.0,0.21599713410244245,0.3619193060024249,0.0,0.39339055000263573
2026-06-08 01:00:00,0.19384209129351002,0.0,0.19384209129351002,0.3529634617420453,0.0,0.3836559366761362
2026-06-08 02:00:00,0.1846439480049038,0.0,0.1846439480049038,0.3762486568190319,0.0,0.40896593132503467
2026-06-08 03:00:00,0.1796160014677408,0.0,0.1796160014677408,0.40848969615639774,0.0,0.44401053930043227
2026-06-08 04:00:00,0.1826518302315942,0.003133242010943113,0.1795185882206511,0.4693894371269776,0.0,0.5102059099206279
2026-06-08 05:00:00,0.1769149010354815,0.004722700057310756,0.17219220097817073,0.5267068403934058,0.0,0.5725074352102236
2026-06-08 06:00:00,0.20217085019361714,0.01322721408701349,0.18894363610660364,0.566112555139075,0.0,0.6153397338468206
2026-06-08 07:00:00,0.2096046778878177,0.06714090023449527,0.1424637776533224,0.614474114145124,0.0,0.6679066458099173
2026-06-08 08:00:00,0.20827969736821558,0.14011894812203032,0.06816074924618526,0.5356626846537851,0.0,0.5822420485367229
2026-06-08 09:00:00,0.20204067275335819,0.10721533959894844,0.09482533315440975,0.49804813876019166,0.0,0.5413566725654257
2026-06-08 10:00:00,0.1933818194077549,0.11635929077374159,0.07702252863401331,0.34579878633374195,0.0,0.3758682460149369
2026-06-08 11:00:00,0.1952251673823214,0.5204744316545357,-0.32524926427221423,0.21862579783635433,0.0,0.237636736778646
2026-06-08 12:00:00,0.1848020013884862,0.34156905327459147,-0.15676705188610526,0.21683462898427852,0.0,0.2356898141133462
2026-06-08 13:00:00,0.18303536231569195,0.4716853774841358,-0.28865001516844385,0.19713177161144393,0.0,0.21427366479504772
2026-06-08 14:00:00,0.1867360054750473,0.3749568070646704,-0.1882208015896231,0.2490756683216443,0.0,0.2707344220887438
2026-06-08 15:00:00,0.2278498672693639,0.27786284399086764,-0.05001297672150373,0.25265800602579597,0.0,0.2746282674193435
2026-06-08 16:00:00,0.3378603053772863,0.2633384859809564,0.0745218193963299,0.16130839456992613,0.0,0.17533521148905015
2026-06-08 17:00:00,0.3649340416521212,0.14995714534006455,0.21497689631205663,0.17742891423860904,0.0,0.19285751547674895
2026-06-08 18:00:00,0.36630551312018766,0.10080269851532725,0.2655028146048604,0.23116397980088557,0.0,0.25126519543574516
2026-06-08 19:00:00,0.3931305252038877,0.009481939380055251,0.38364858582383243,0.27056969454655505,0.0,0.2940974940723424
2026-06-08 20:00:00,0.37902068102392,0.0,0.37902068102392,0.3511722928899695,0.0,0.3817090140108364
2026-06-08 21:00:00,0.3746854443965663,0.0,0.3746854443965663,0.3923691764877148,0.0,0.42648823531273344
2026-06-08 22:00:00,0.3267188811447235,0.0,0.3267188811447235,0.43177489123338403,0.0,0.46932053394933043
2026-06-08 23:00:00,0.26405900086402057,0.0,0.26405900086402057,0.4604335928665981,0.0,0.5004712965941284
2026-06-09 00:00:00,0.22319618620465723,0.0,0.22319618620465723,0.5087951518726471,0.0,0.5530382085572251
2026-06-09 01:00:00,0.2014665318513748,0.0,0.2014665318513748,0.5499920354703921,0.0,0.5978174298591218
2026-06-09 02:00:00,0.18949755532249687,0.0,0.18949755532249687,0.6055182698847443,0.0,0.6581720324834178
2026-06-09 03:00:00,0.18567603709386493,0.0,0.18567603709386493,0.6377593092221102,0.0,0.6932166404588155
2026-06-09 04:00:00,0.18124549278956456,0.0021740862933074655,0.1790714064962571,0.6843296993760831,0.0,0.743836629756612
2026-06-09 05:00:00,0.17371635554956794,0.0844787816828044,0.08923757386676354,0.644923984630414,0.0,0.7010043311200151
2026-06-09 06:00:00,0.2009132828495663,0.13061873910925823,0.07029454374030808,0.5553655420266199,0.0,0.6036581978550216
2026-06-09 07:00:00,0.19864454619240574,0.24267553137817707,-0.04403098518577134,0.4120720338605494,0.0,0.44790438463103194
2026-06-09 08:00:00,0.1908085733051983,0.39290672120899467,-0.20209814790379638,0.31355774699637623,0.0,0.34082363803953936
2026-06-09 09:00:00,0.17997396463609588,0.5837604393857715,-0.4037864747496756,0.18101125194276102,0.0,0.19675136080734892
2026-06-09 10:00:00,0.17695673197894254,0.6272787045173546,-0.450321972538412,0.1559348880136986,0.0,0.16949444349315065
2026-06-09 11:00:00,0.17655226454278833,0.6798587074765048,-0.5033064429337164,0.1559348880136986,0.0,0.16949444349315065
2026-06-09 12:00:00,0.16803753145411485,0.6603376049185298,-0.49230007346441496,0.1559348880136986,0.0,0.16949444349315065
2026-06-09 13:00:00,0.16555493925705497,0.5791564919411203,-0.4136015526840653,0.1559348880136986,0.0,0.16949444349315065
2026-06-09 14:00:00,0.1702899948974044,0.4554710784479141,-0.28518108355050975,0.1559348880136986,0.0,0.16949444349315065
2026-06-09 15:00:00,0.21045545033365773,0.162280012607593,0.048175437726064724,0.1559348880136986,0.0,0.16949444349315065
2026-06-09 16:00:00,0.31480102250184316,0.15549284405327599,0.15930817844856718,0.1559348880136986,0.0,0.16949444349315065
2026-06-09 17:00:00,0.3415958160368307,0.21230226698638158,0.12929354905044912,0.1559348880136986,0.0,0.16949444349315065
2026-06-09 18:00:00,0.35728635840722356,0.03936192368849526,0.3179244347187283,0.1559348880136986,0.0,0.16949444349315065
2026-06-09 19:00:00,0.38318853435763617,9.134816358434731e-05,0.3830971861940518,0.19534060275936807,0.0,0.21232674212974792
2026-06-09 20:00:00,0.37289788379338024,0.0,0.37289788379338024,0.2741520322507067,0.0,0.29799133940294203
2026-06-09 21:00:00,0.3714590038275099,0.0,0.3714590038275099,0.33684294207336246,0.0,0.36613363268843746
2026-06-09 22:00:00,0.32749294749892194,0.0,0.32749294749892194,0.3672928125586524,0.0,0.39923131799853523
2026-06-09 23:00:00,0.2680897265630469,0.0,0.2680897265630469,0.3762486568190319,0.0,0.40896593132503467
2026-06-10 00:00:00,0.22743611942191672,0.0,0.22743611942191672,0.3959515141918665,0.0,0.43038208064333316
2026-06-10 01:00:00,0.20193841066115456,0.0,0.20193841066115456,0.435357228937536,0.0,0.4732143792799304
2026-06-10 02:00:00,0.18858169306467443,0.0,0.18858169306467443,0.4640159305707501,0.0,0.5043651419247284
2026-06-10 03:00:00,0.1840930361251364,0.0,0.1840930361251364,0.490883463351888,0.0,0.5335689819042261
2026-06-10 04:00:00,0.18253327944204037,0.017036432508480772,0.1654968469335596,0.4568512551624464,0.0,0.49657745126352865
2026-06-10 05:00:00,0.16772140617173076,0.006951595248768831,0.16076981092296191,0.404907358452246,0.0,0.44011669396983266
2026-06-10 06:00:00,0.19624563726311636,0.07704304116703851,0.11920259609607785,0.31355774699637623,0.0,0.34082363803953936
2026-06-10 07:00:00,0.1994162869197143,0.3268528641211531,-0.1274365772014388,0.19534060275936807,0.0,0.21232674212974792
2026-06-10 08:00:00,0.1970754894125505,0.4012285389115287,-0.20415304949897822,0.1559348880136986,0.0,0.16949444349315065
2026-06-10 09:00:00,0.1832282974788271,0.5529852430742048,-0.36975694559537775,0.1559348880136986,0.0,0.16949444349315065
2026-06-10 10:00:00,0.18157788469817202,0.6355639829544548,-0.4539860982562828,0.1559348880136986,0.0,0.16949444349315065
2026-06-10 11:00:00,0.1924473602156429,0.6244012373644475,-0.4319538771488046,0.1559348880136986,0.0,0.16949444349315065
2026-06-10 12:00:00,0.185608609391295,0.6531576392608001,-0.4675490298695051,0.1559348880136986,0.0,0.16949444349315065
2026-06-10 13:00:00,0.1787861308617006,0.3541750998492314,-0.1753889689875308,0.1559348880136986,0.0,0.16949444349315065
2026-06-10 14:00:00,0.1826750601436733,0.07182706102637228,0.11084799911730102,0.1559348880136986,0.0,0.16949444349315065
2026-06-10 15:00:00,0.220392791368893,0.07416557401413158,0.1462272173547614,0.1559348880136986,0.0,0.16949444349315065
2026-06-10 16:00:00,0.3170465130134833,0.15740202067218884,0.15964449234129446,0.1559348880136986,0.0,0.16949444349315065
2026-06-10 17:00:00,0.339338703929829,0.02144854880960475,0.3178901551202243,0.1559348880136986,0.0,0.16949444349315065
2026-06-10 18:00:00,0.3421002406236827,0.011601216775212107,0.33049902384847063,0.1559348880136986,0.0,0.16949444349315065
2026-06-10 19:00:00,0.3707848729748664,0.003060163480075635,0.36772470949479075,0.1559348880136986,0.0,0.16949444349315065
2026-06-10 20:00:00,0.3681140120691743,0.0,0.3681140120691743,0.1559348880136986,0.0,0.16949444349315065
2026-06-10 21:00:00,0.3691391283680612,0.0,0.3691391283680612,0.1559348880136986,0.0,0.16949444349315065
2026-06-10 22:00:00,0.3270257178667486,0.0,0.3270257178667486,0.1559348880136986,0.0,0.16949444349315065
2026-06-10 23:00:00,0.2660418201674716,0.0,0.2660418201674716,0.1559348880136986,0.0,0.16949444349315065
2026-06-11 00:00:00,0.2259623703253194,0.0,0.2259623703253194,0.16668190112615397,0.0,0.18117597948494996
2026-06-11 01:00:00,0.20116434362296468,0.0,0.20116434362296468,0.19534060275936807,0.0,0.21232674212974792
2026-06-11 02:00:00,0.1890465975325037,0.0,0.1890465975325037,0.2598226814340997,0.0,0.2824159580805431
2026-06-11 03:00:00,0.1838443114209784,0.0,0.1838443114209784,0.29743722732769295,0.0,0.3233013340518402
2026-06-11 04:00:00,0.1821078913316869,0.0,0.1821078913316869,0.34579878633374195,0.0,0.3758682460149369
2026-06-11 05:00:00,0.1712337631943936,0.011226689304516283,0.1600070738898773,0.4138632027126252,0.0,0.44985130729633177
2026-06-11 06:00:00,0.1963269964305475,0.013154135556146012,0.1831728608744015,0.4281925535292323,0.0,0.4654266886187307
2026-06-11 07:00:00,0.19495087612346484,0.03856719466531144,0.1563836814581534,0.490883463351888,0.0,0.5335689819042261
2026-06-11 08:00:00,0.18766349094718196,0.08462493874453934,0.10303855220264262,0.4926746322039642,0.0,0.5355159045695262
2026-06-11 09:00:00,0.17690326730747916,0.3368554880336391,-0.15995222072615997,0.4478954109020672,0.0,0.48684283793702954
2026-06-11 10:00:00,0.17451133108785838,0.5703413941552309,-0.3958300630673725,0.32609592896090706,0.0,0.35445209669663813
2026-06-11 11:00:00,0.17751461623914486,0.5760141151138188,-0.39849949887467395,0.2042964470197473,0.0,0.22206135545624706
2026-06-11 12:00:00,0.16940667480482977,0.6402227392972566,-0.47081606449242686,0.1559348880136986,0.0,0.16949444349315065
2026-06-11 13:00:00,0.16637317129394294,0.6076571189794368,-0.44128394768549384,0.1559348880136986,0.0,0.16949444349315065
2026-06-11 14:00:00,0.1709106427336615,0.5775761687111112,-0.40666552597744965,0.1559348880136986,0.0,0.16949444349315065
2026-06-11 15:00:00,0.20492773112010101,0.48356977356645936,-0.2786420424463584,0.1684730699782298,0.0,0.1831229021502498
2026-06-11 16:00:00,0.2939198205654684,0.37022497219100126,-0.07630515162553286,0.1917582650552161,0.0,0.20843289679914792
2026-06-11 17:00:00,0.3254915114433569,0.24228273427476438,0.08320877716859254,0.25265800602579597,0.0,0.2746282674193435
2026-06-11 18:00:00,0.33285328195864294,0.08662546352703655,0.2462278184316064,0.3314694355171349,0.0,0.36029286469253796
2026-06-11 19:00:00,0.3649154480279685,0.006357832185470573,0.3585576158424979,0.35833696829827316,0.0,0.38949670467203606
2026-06-11 20:00:00,0.36616373534708463,0.0,0.36616373534708463,0.4711806059790534,0.0,0.5121528325859277
2026-06-11 21:00:00,0.3702339792061748,0.0,0.3702339792061748,0.6073094387368203,0.0,0.6601189551487178
2026-06-11 22:00:00,0.3304962331494818,0.0,0.3304962331494818,0.6610445042990968,0.0,0.7185266351077139
2026-06-11 23:00:00,0.27127664921076844,0.0,0.27127664921076844,0.6646268420032485,0.0,0.7224204804383136
2026-06-12 00:00:00,0.23125531254257445,0.0,0.23125531254257445,0.8383702206546091,0.0,0.9112719789724012
2026-06-12 01:00:00,0.2067292551694026,0.0,0.2067292551694026,0.9100169747376443,0.0,0.989148885584396
2026-06-12 02:00:00,0.1923939130663375,0.0,0.1923939130663375,0.9028522993293406,0.0,0.9813611949231963
2026-06-12 03:00:00,0.1866988278123641,0.0,0.1866988278123641,0.6968678813406143,0.0,0.7574650884137112
2026-06-12 04:00:00,0.1825681469120335,0.0,0.1825681469120335,0.7040325567489181,0.0,0.7652527790749108
2026-06-12 05:00:00,0.16897664972817247,0.03051942145353043,0.13845722827464205,0.6108917764409719,0.0,0.6640128004793173
2026-06-12 06:00:00,0.20098999174558557,0.18830510441277354,0.012684887332812034,0.3386341109254383,0.0,0.3680805553537373
2026-06-12 07:00:00,0.21150381391862852,0.23297435640551936,-0.021470542486890842,0.3207224224046796,0.0,0.3486113287007387
2026-06-12 08:00:00,0.20841916937332744,0.20049094943492546,0.007928219938401981,0.1559348880136986,0.0,0.16949444349315065
2026-06-12 09:00:00,0.19590857807238024,0.3183940241732426,-0.12248544610086234,0.1559348880136986,0.0,0.16949444349315065
2026-06-12 10:00:00,0.19405128346432943,0.08131813522278597,0.11273314824154346,0.1559348880136986,0.0,0.16949444349315065
2026-06-12 11:00:00,0.19545994469926814,0.06592596965882346,0.12953397504044467,0.1559348880136986,0.0,0.16949444349315065
2026-06-12 12:00:00,0.18662907650335844,0.0690957509352003,0.11753332556815814,0.1559348880136986,0.0,0.16949444349315065
2026-06-12 13:00:00,0.18418135216819514,0.059193610002657056,0.1249877421655381,0.1559348880136986,0.0,0.16949444349315065
2026-06-12 14:00:00,0.19058774110748125,0.07701563671796322,0.11357210438951804,0.24011982406126506,0.0,0.2609998087622446
2026-06-12 15:00:00,0.21855874242044368,0.0685659315864111,0.1499928108340326,0.31534891584845204,0.0,0.34277056070483913
2026-06-12 16:00:00,0.2960932512220021,0.05872773436837688,0.2373655168536252,0.36550164370657656,0.0,0.3972843953332354
2026-06-12 17:00:00,0.31432449712810695,0.06414468046892868,0.25017981665917827,0.38162216337525945,0.0,0.41480669932093417
2026-06-12 18:00:00,0.32024506100119116,0.06556057700448606,0.25468448399670507,0.404907358452246,0.0,0.44011669396983266
2026-06-12 19:00:00,0.3500198949734926,0.003133242010943113,0.3468866529625495,0.5482008666183162,0.0,0.595870507193822
2026-06-12 20:00:00,0.35316964385888555,0.0,0.35316964385888555,0.644923984630414,0.0,0.7010043311200151
2026-06-12 21:00:00,0.36193077801535334,0.0,0.36193077801535334,0.7004502190447659,0.0,0.7613589337443107
2026-06-12 22:00:00,0.33542654921603293,0.0,0.33542654921603293,0.732691258382132,0.0,0.7964035417197086
2026-06-12 23:00:00,0.28355246248169713,0.0,0.28355246248169713,0.7434382714945871,0.0,0.8080850777115077
2026-06-13 00:00:00,0.2418388721158933,0.0,0.2418388721158933,0.7201530764176008,0.0,0.7827750830626096
2026-06-13 01:00:00,0.21584371482550888,0.0,0.21584371482550888,0.6717915174115522,0.0,0.7302081710995132
2026-06-13 02:00:00,0.19950928146816463,0.0,0.19950928146816463,0.6735826862636279,0.0,0.732155093764813
2026-06-13 03:00:00,0.19185927138102185,0.0,0.19185927138102185,0.7076148944530697,0.0,0.7691466244055104
2026-06-13 04:00:00,0.18207069831837064,0.024207263349852036,0.1578634349685186,0.7434382714945871,0.0,0.8080850777115077
2026-06-13 05:00:00,0.15415548124454856,0.07274967747857419,0.08140580376597437,0.6897032059323109,0.0,0.7496773977525119
2026-06-13 06:00:00,0.16159860609602944,0.06158693188856696,0.10001167420746249,0.6037271010326686,0.0,0.656225109818118
2026-06-13 07:00:00,0.1941117267015463,0.15562073148229408,0.03849099521925223,0.4693894371269776,0.0,0.5102059099206279
2026-06-13 08:00:00,0.21615983817195786,0.331557294545747,-0.11539745637378915,0.38341333222733526,0.0,0.41675362198623395
2026-06-13 09:00:00,0.2141630696724426,0.1880036554729452,0.02615941419949741,0.2992283961797691,0.0,0.3252482567171403
2026-06-13 10:00:00,0.21295664059426117,0.08942985214907602,0.12352678844518515,0.1559348880136986,0.0,0.16949444349315065
2026-06-13 11:00:00,0.2144861771379258,0.2289093631260159,-0.014423185988090087,0.1559348880136986,0.0,0.16949444349315065
2026-06-13 12:00:00,0.20528803446362215,0.23207000958603433,-0.026781975122412177,0.1559348880136986,0.0,0.16949444349315065
2026-06-13 13:00:00,0.19979750831997234,0.1542048349467367,0.04559267337323564,0.1559348880136986,0.0,0.16949444349315065
2026-06-13 14:00:00,0.1986933593079474,0.3517361038815293,-0.1530427445735819,0.1559348880136986,0.0,0.16949444349315065
2026-06-13 15:00:00,0.21497432904285163,0.3841921064030479,-0.16921777736019628,0.1559348880136986,0.0,0.16949444349315065
2026-06-13 16:00:00,0.27853845015914624,0.10055605847364951,0.17798239168549673,0.1559348880136986,0.0,0.16949444349315065
2026-06-13 17:00:00,0.30494039994229927,0.20432757230546808,0.10061282763683119,0.1559348880136986,0.0,0.16949444349315065
2026-06-13 18:00:00,0.31124218828772326,0.049611187642659024,0.2616310006450642,0.1559348880136986,0.0,0.16949444349315065
2026-06-13 19:00:00,0.3334181536394835,0.0,0.3334181536394835,0.21325229128012682,0.0,0.23179596878274655
2026-06-13 20:00:00,0.3606639084642585,0.0,0.3606639084642585,0.34579878633374195,0.0,0.3758682460149369
2026-06-13 21:00:00,0.36419253805864216,0.0,0.36419253805864216,0.386995669931487,0.0,0.42064746731683367
2026-06-13 22:00:00,0.33335074807864795,0.0,0.33335074807864795,0.4210278781209289,0.0,0.4576389979575314
2026-06-13 23:00:00,0.28483792369792915,0.0,0.28483792369792915,0.45326891745829473,0.0,0.49268360593292904
2026-06-14 00:00:00,0.24363340439240502,0.0,0.24363340439240502,0.4926746322039642,0.0,0.5355159045695262
2026-06-14 01:00:00,0.2175452666520509,0.0,0.2175452666520509,0.5070039830205713,0.0,0.5510912858919252
2026-06-14 02:00:00,0.20150604829998348,0.0,0.20150604829998348,0.5356626846537851,0.0,0.5822420485367229
2026-06-14 03:00:00,0.19254965554019504,0.0,0.19254965554019504,0.5696948928432269,0.0,0.6192335791774205
2026-06-14 04:00:00,0.1813268508256027,0.0008404031049759952,0.18048644772062672,0.5947712567722891,0.0,0.6464904964916186
2026-06-14 05:00:00,0.14992949650080897,0.010623791424859592,0.1393057050759494,0.5105863207247229,0.0,0.5549851312225249
2026-06-14 06:00:00,0.15063382483969676,0.1173641205731694,0.03326970426652735,0.3332606043692108,0.0,0.3622397873578378
2026-06-14 07:00:00,0.19137111327298276,0.04864289710866494,0.1427282161643178,0.20608761587182314,0.0,0.2240082781215469
2026-06-14 08:00:00,0.22189909005658573,0.062034537890130255,0.15986455216645548,0.1559348880136986,0.0,0.16949444349315065
2026-06-14 09:00:00,0.231032144297409,0.0444774208492187,0.1865547234481903,0.1559348880136986,0.0,0.16949444349315065
2026-06-14 10:00:00,0.23065324510509322,0.6420771070180188,-0.41142386191292557,0.1559348880136986,0.0,0.16949444349315065
2026-06-14 11:00:00,0.23331482497579772,0.6014545786720595,-0.36813975369626184,0.1559348880136986,0.0,0.16949444349315065
2026-06-14 12:00:00,0.22685032343092304,0.43704615385295126,-0.21019583042202822,0.1559348880136986,0.0,0.16949444349315065
2026-06-14 13:00:00,0.21539971741581815,0.32425857627535765,-0.1088588588595395,0.1559348880136986,0.0,0.16949444349315065
2026-06-14 14:00:00,0.2115921467502015,0.31901519168561615,-0.10742304493541466,0.1559348880136986,0.0,0.16949444349315065
2026-06-14 15:00:00,0.2298512871045631,0.4452035448610335,-0.21535225775647038,0.1559348880136986,0.0,0.16949444349315065
2026-06-14 16:00:00,0.2979319589044258,0.3546775147489453,-0.05674555584451951,0.1559348880136986,0.0,0.16949444349315065
2026-06-14 17:00:00,0.32218139908667565,0.22700018650710305,0.0951812125795726,0.1559348880136986,0.0,0.16949444349315065
2026-06-14 18:00:00,0.33256970069992875,0.11032117716081624,0.2222485235391125,0.1559348880136986,0.0,0.16949444349315065
2026-06-14 19:00:00,0.36072434361370637,0.015492648543905302,0.34523169506980106,0.1559348880136986,0.0,0.16949444349315065
2026-06-14 20:00:00,0.3863289835620467,0.0,0.3863289835620467,0.1559348880136986,0.0,0.16949444349315065
2026-06-14 21:00:00,0.37922988621149156,0.0,0.37922988621149156,0.1559348880136986,0.0,0.16949444349315065
2026-06-14 22:00:00,0.32042871672199974,0.0,0.32042871672199974,0.1595172257178503,0.0,0.17338828882375032
2026-06-14 23:00:00,0.26304783228312495,0.0,0.26304783228312495,0.1559348880136986,0.0,0.16949444349315065
2026-06-15 00:00:00,0.22517203190375265,0.0,0.22517203190375265,0.1559348880136986,0.0,0.16949444349315065
2026-06-15 01:00:00,0.20314483816990941,0.0,0.20314483816990941,0.1559348880136986,0.0,0.16949444349315065
2026-06-15 02:00:00,0.19202896247336845,0.0,0.19202896247336845,0.1559348880136986,0.0,0.16949444349315065
2026-06-15 03:00:00,0.18790758034414345,0.0,0.18790758034414345,0.1559348880136986,0.0,0.16949444349315065
2026-06-15 04:00:00,0.18732179959405384,0.0,0.18732179959405384,0.18101125194276102,0.0,0.19675136080734892
2026-06-15 05:00:00,0.18144772309683616,0.005764069122172315,0.17568365397466384,0.20787878472389895,0.0,0.2259552007868467
2026-06-15 06:00:00,0.20964884466086126,0.06315812030221774,0.14649072435864352,0.25265800602579597,0.0,0.2746282674193435
2026-06-15 07:00:00,0.2151323967441066,0.05569497533737655,0.15943742140673006,0.32967826666505906,0.0,0.35834594202723813
2026-06-15 08:00:00,0.21297988599105236,0.0788791392550839,0.13410074673596845,0.3619193060024249,0.0,0.39339055000263573
2026-06-15 09:00:00,0.2045395368667155,0.09757810834079979,0.10696142852591571,0.3386341109254383,0.0,0.3680805553537373
2026-06-15 10:00:00,0.19802389463143338,0.4872785090079838,-0.2892546143765504,0.27594320110278253,0.0,0.29993826206824187
2026-06-15 11:00:00,0.1989002404208304,0.5558992494925454,-0.356999009071715,0.1559348880136986,0.0,0.16949444349315065
2026-06-15 12:00:00,0.18782388228525337,0.4365528737695958,-0.2487289914843424,0.1559348880136986,0.0,0.16949444349315065
2026-06-15 13:00:00,0.18468809873739464,0.11476069791101552,0.06992740082637912,0.1559348880136986,0.0,0.16949444349315065
2026-06-15 14:00:00,0.18805401032596405,0.09613480735616711,0.09191920296979694,0.1559348880136986,0.0,0.16949444349315065
2026-06-15 15:00:00,0.2258228814643744,0.2560945766087177,-0.030271695144343302,0.1559348880136986,0.0,0.16949444349315065
2026-06-15 16:00:00,0.33345068164297686,0.3635474214329854,-0.030096739790008542,0.1559348880136986,0.0,0.16949444349315065
2026-06-15 17:00:00,0.3615123408592362,0.22607757005490117,0.13543477080433505,0.1559348880136986,0.0,0.16949444349315065
2026-06-15 18:00:00,0.365819686503492,0.0364022431883624,0.3294174433151296,0.1559348880136986,0.0,0.16949444349315065
2026-06-15 19:00:00,0.3931467961264273,0.018571081656697807,0.3745757144697295,0.1559348880136986,0.0,0.16949444349315065
2026-06-15 20:00:00,0.3831350886543588,0.0,0.3831350886543588,0.1559348880136986,0.0,0.16949444349315065
2026-06-15 21:00:00,0.38078732009771393,0.0,0.38078732009771393,0.30818424044014836,0.0,0.33498287004363947
2026-06-15 22:00:00,0.33486401363996293,0.0,0.33486401363996293,0.3475899551858178,0.0,0.37781516868023673
2026-06-15 23:00:00,0.27537246101020696,0.0,0.27537246101020696,0.386995669931487,0.0,0.42064746731683367
2026-06-16 00:00:00,0.2348374047026107,0.0,0.2348374047026107,0.401325020748094,0.0,0.43622284863923255
2026-06-16 01:00:00,0.21124813048324362,0.0,0.21124813048324362,0.3923691764877148,0.0,0.42648823531273344
2026-06-16 02:00:00,0.19673612415121736,0.0,0.19673612415121736,0.3959515141918665,0.0,0.43038208064333316
2026-06-16 03:00:00,0.19123165011837492,0.0,0.19123165011837492,0.3941603453397906,0.0,0.4284351579780333
2026-06-16 04:00:00,0.18654308352363327,0.013117596290712272,0.173425487232921,0.35833696829827316,0.0,0.38949670467203606
2026-06-16 05:00:00,0.17445090455384615,0.05633441248246699,0.11811649207137917,0.30818424044014836,0.0,0.33498287004363947
2026-06-16 06:00:00,0.1995185672908488,0.1365289652931655,0.0629896019976833,0.22937281094880968,0.0,0.2493182727704453
2026-06-16 07:00:00,0.19655944637589692,0.2967171049546769,-0.10015765857877998,0.1559348880136986,0.0,0.16949444349315065
2026-06-16 08:00:00,0.18999963774238968,0.24784583743705113,-0.057846199694661454,0.1559348880136986,0.0,0.16949444349315065
2026-06-16 09:00:00,0.18148025518433497,0.4956368659759517,-0.3141566107916167,0.1559348880136986,0.0,0.16949444349315065
2026-06-16 10:00:00,0.17924871119697264,0.3231167242305533,-0.14386801303358068,0.1559348880136986,0.0,0.16949444349315065
2026-06-16 11:00:00,0.1834398286835524,0.5474495443609934,-0.36400971567744095,0.1559348880136986,0.0,0.16949444349315065
2026-06-16 12:00:00,0.17689396850987407,0.6773374981615768,-0.5004435296517028,0.1559348880136986,0.0,0.16949444349315065
2026-06-16 13:00:00,0.17679866301680755,0.6545552661636406,-0.477756603146833,0.1559348880136986,0.0,0.16949444349315065
2026-06-16 14:00:00,0.18564347758727234,0.5890220936082299,-0.40337861602095754,0.1559348880136986,0.0,0.16949444349315065
2026-06-16 15:00:00,0.2386007904235775,0.4877443846422641,-0.2491435942186866,0.1559348880136986,0.0,0.16949444349315065
2026-06-16 16:00:00,0.3579023535912431,0.37784340903393576,-0.019941055442692646,0.1559348880136986,0.0,0.16949444349315065
2026-06-16 17:00:00,0.3766310472068428,0.24470346060974957,0.13192758659709325,0.1559348880136986,0.0,0.16949444349315065
2026-06-16 18:00:00,0.37882307609735477,0.11895357861953706,0.25986949747781773,0.1559348880136986,0.0,0.16949444349315065
2026-06-16 19:00:00,0.3991184998287285,0.023741387715571865,0.3753771121131566,0.1559348880136986,0.0,0.16949444349315065
2026-06-16 20:00:00,0.3792972993840552,0.0,0.3792972993840552,0.1559348880136986,0.0,0.16949444349315065
2026-06-16 21:00:00,0.37492951858675977,0.0,0.37492951858675977,0.1559348880136986,0.0,0.16949444349315065
2026-06-16 22:00:00,0.330675220610502,0.0,0.330675220610502,0.18996709620314026,0.0,0.2064859741338481
2026-06-16 23:00:00,0.2701306581985826,0.0,0.2701306581985826,0.21683462898427852,0.0,0.2356898141133462
2026-06-17 00:00:00,0.23129482927879658,0.0,0.23129482927879658,0.256240343729948,0.0,0.2785221127499435
2026-06-17 01:00:00,0.20754516317614036,0.0,0.20754516317614036,0.3028107338839208,0.0,0.32914210204774
2026-06-17 02:00:00,0.19459058827570788,0.0,0.19459058827570788,0.3493811240378937,0.0,0.3797620913455366
2026-06-17 03:00:00,0.19112937141525047,0.0,0.19112937141525047,0.3762486568190319,0.0,0.40896593132503467
2026-06-17 04:00:00,0.18788665901227777,0.0198042818650865,0.16808237714719126,0.390578007635639,0.0,0.42454131264743367
2026-06-17 05:00:00,0.17046434466256863,0.11329912729366597,0.05716521736890266,0.2902725519193896,0.0,0.31551364339064086
2026-06-17 06:00:00,0.19912804703708026,0.2430591936652313,-0.043931146628151035,0.1559348880136986,0.0,0.16949444349315065
2026-06-17 07:00:00,0.20175010899961804,0.22754827548860915,-0.02579816648899111,0.1559348880136986,0.0,0.16949444349315065
2026-06-17 08:00:00,0.19627120326148623,0.4812586650277754,-0.2849874617662892,0.1559348880136986,0.0,0.16949444349315065
2026-06-17 09:00:00,0.18017852081089258,0.5242471108105692,-0.3440685899996766,0.1559348880136986,0.0,0.16949444349315065
2026-06-17 10:00:00,0.17873731541519394,0.5678932633711703,-0.38915594795597636,0.1559348880136986,0.0,0.16949444349315065
2026-06-17 11:00:00,0.18304930801663427,0.23965190716353518,-0.05660259914690091,0.1559348880136986,0.0,0.16949444349315065
2026-06-17 12:00:00,0.17608735772603798,0.6335817278046745,-0.45749437007863647,0.1559348880136986,0.0,0.16949444349315065
2026-06-17 13:00:00,0.1697483799640713,0.6095023518838405,-0.43975397191976917,0.1559348880136986,0.0,0.16949444349315065
2026-06-17 14:00:00,0.17585490532718676,0.5494774735925658,-0.3736225682653791,0.1559348880136986,0.0,0.16949444349315065
2026-06-17 15:00:00,0.2099370805062125,0.4633361553325264,-0.25339907482631396,0.1559348880136986,0.0,0.16949444349315065
2026-06-17 16:00:00,0.3002099829008381,0.3624969175517654,-0.06228693465092727,0.1559348880136986,0.0,0.16949444349315065
2026-06-17 17:00:00,0.33168171937909324,0.23244453705673018,0.09923718232236306,0.1559348880136986,0.0,0.16949444349315065
2026-06-17 18:00:00,0.3394688774536809,0.1155462921178409,0.22392258533583997,0.1559348880136986,0.0,0.16949444349315065
2026-06-17 19:00:00,0.37202384230178254,0.024572656004189425,0.3474511862975931,0.1559348880136986,0.0,0.16949444349315065
2026-06-17 20:00:00,0.3707476970056803,0.0,0.3707476970056803,0.1559348880136986,0.0,0.16949444349315065
2026-06-17 21:00:00,0.3750387703019159,0.0,0.3750387703019159,0.1559348880136986,0.0,0.16949444349315065
2026-06-17 22:00:00,0.3365074525296021,0.0,0.3365074525296021,0.1559348880136986,0.0,0.16949444349315065
2026-06-17 23:00:00,0.2757792529732508,0.0,0.2757792529732508,0.1559348880136986,0.0,0.16949444349315065
2026-06-18 00:00:00,0.2346909599010089,0.0,0.2346909599010089,0.1559348880136986,0.0,0.16949444349315065
2026-06-18 01:00:00,0.20938618680110918,0.0,0.20938618680110918,0.1559348880136986,0.0,0.16949444349315065
2026-06-18 02:00:00,0.19582026185469154,0.0,0.19582026185469154,0.1559348880136986,0.0,0.16949444349315065
2026-06-18 03:00:00,0.19070863219644746,0.0,0.19070863219644746,0.1559348880136986,0.0,0.16949444349315065
2026-06-18 04:00:00,0.18709167144118485,0.021585571054981267,0.1655061003862036,0.1559348880136986,0.0,0.16949444349315065
2026-06-18 05:00:00,0.17383490554398284,0.10584511714518323,0.06798978839879961,0.1559348880136986,0.0,0.16949444349315065
2026-06-18 06:00:00,0.198193588896816,0.22918340761676897,-0.03098981871995299,0.1559348880136986,0.0,0.16949444349315065
2026-06-18 07:00:00,0.19712663082920964,0.3447388345509683,-0.14761220372175868,0.1559348880136986,0.0,0.16949444349315065
2026-06-18 08:00:00,0.19158961232958338,0.42686996842965497,-0.23528035610007159,0.1559348880136986,0.0,0.16949444349315065
2026-06-18 09:00:00,0.17678006687941192,0.5171676281327823,-0.34038756125337033,0.1559348880136986,0.0,0.16949444349315065
2026-06-18 10:00:00,0.1768265561620284,0.39451444888807913,-0.21768789272605074,0.1559348880136986,0.0,0.16949444349315065
2026-06-18 11:00:00,0.1848275684561036,0.6378111477786298,-0.4529835793225262,0.1559348880136986,0.0,0.16949444349315065
2026-06-18 12:00:00,0.1818080112202473,0.6441050362495914,-0.46229702502934406,0.1559348880136986,0.0,0.16949444349315065
2026-06-18 13:00:00,0.1791324848619227,0.6169563620323232,-0.4378238771704005,0.1559348880136986,0.0,0.16949444349315065
2026-06-18 14:00:00,0.18991130446951665,0.5412561388699746,-0.35134483440045794,0.1559348880136986,0.0,0.16949444349315065
2026-06-18 15:00:00,0.2312157760741169,0.44659203694751554,-0.21537626087339865,0.1559348880136986,0.0,0.16949444349315065
2026-06-18 16:00:00,0.3321559204806621,0.24041009692128526,0.09174582355937685,0.1559348880136986,0.0,0.16949444349315065
2026-06-18 17:00:00,0.35965969435666334,0.13105721029446307,0.22860248406220027,0.1559348880136986,0.0,0.16949444349315065
2026-06-18 18:00:00,0.3625025893446821,0.0797743512582105,0.28272823808647163,0.1559348880136986,0.0,0.16949444349315065
2026-06-18 19:00:00,0.38451583754439106,0.0,0.38451583754439106,0.1559348880136986,0.0,0.16949444349315065
2026-06-18 20:00:00,0.3731047656636286,0.0,0.3731047656636286,0.1559348880136986,0.0,0.16949444349315065
2026-06-18 21:00:00,0.3745204030456978,0.0,0.3745204030456978,0.1559348880136986,0.0,0.16949444349315065
2026-06-18 22:00:00,0.33874364606418206,0.0,0.33874364606418206,0.1559348880136986,0.0,0.16949444349315065
2026-06-18 23:00:00,0.27641384834822,0.0,0.27641384834822,0.1559348880136986,0.0,0.16949444349315065
2026-06-19 00:00:00,0.23678303184606708,0.0,0.23678303184606708,0.1559348880136986,0.0,0.16949444349315065
2026-06-19 01:00:00,0.2116711938575584,0.0,0.2116711938575584,0.1559348880136986,0.0,0.16949444349315065
2026-06-19 02:00:00,0.19690116570606295,0.0,0.19690116570606295,0.1559348880136986,0.0,0.16949444349315065
2026-06-19 03:00:00,0.19097362828039083,0.0,0.19097362828039083,0.1559348880136986,0.0,0.16949444349315065
2026-06-19 04:00:00,0.18701263764629397,0.002110142578798423,0.18490249506749554,0.1559348880136986,0.0,0.16949444349315065
2026-06-19 05:00:00,0.17547369548302877,0.09863774703837823,0.07683594844465054,0.1559348880136986,0.0,0.16949444349315065
2026-06-19 06:00:00,0.21079948427084697,0.0800118564835298,0.13078762778731717,0.1559348880136986,0.0,0.16949444349315065
2026-06-19 07:00:00,0.21971403382601004,0.026765011930213762,0.19294902189579627,0.1559348880136986,0.0,0.16949444349315065
2026-06-19 08:00:00,0.2207275258734974,0.03299495668666625,0.18773256918683115,0.1559348880136986,0.0,0.16949444349315065
2026-06-19 09:00:00,0.2076125584152566,0.05100881454549954,0.15660374386975706,0.1559348880136986,0.0,0.16949444349315065
2026-06-19 10:00:00,0.20422805122702387,0.414684123407503,-0.21045607218047913,0.1559348880136986,0.0,0.16949444349315065
2026-06-19 11:00:00,0.21099474029668644,0.5649883917691881,-0.3539936514725017,0.1559348880136986,0.0,0.16949444349315065
2026-06-19 12:00:00,0.20329126677458823,0.5922466837827574,-0.38895541700816916,0.1559348880136986,0.0,0.16949444349315065
2026-06-19 13:00:00,0.19999276680326633,0.1934480060225723,0.00654476078069402,0.1559348880136986,0.0,0.16949444349315065
2026-06-19 14:00:00,0.2045953241662684,0.07891567852051763,0.1256796456457508,0.1559348880136986,0.0,0.16949444349315065
2026-06-19 15:00:00,0.23519303721295462,0.4157254924723646,-0.18053245525941,0.1559348880136986,0.0,0.16949444349315065
2026-06-19 16:00:00,0.31090744454568653,0.36179353669216596,-0.050886092146479434,0.1559348880136986,0.0,0.16949444349315065
2026-06-19 17:00:00,0.331188920390924,0.017392690346459724,0.3137962300444643,0.1559348880136986,0.0,0.16949444349315065
2026-06-19 18:00:00,0.33184908681056463,0.005115497160723449,0.32673358964984117,0.1559348880136986,0.0,0.16949444349315065
2026-06-19 19:00:00,0.3547317058618283,0.0,0.3547317058618283,0.1559348880136986,0.0,0.16949444349315065
2026-06-19 20:00:00,0.34841831553869007,0.0,0.34841831553869007,0.1559348880136986,0.0,0.16949444349315065
2026-06-19 21:00:00,0.36106605457833424,0.0,0.36106605457833424,0.1559348880136986,0.0,0.16949444349315065
2026-06-19 22:00:00,0.33984314476812594,0.0,0.33984314476812594,0.1559348880136986,0.0,0.16949444349315065
2026-06-19 23:00:00,0.286565045360854,0.0,0.286565045360854,0.1720554076823815,0.0,0.18701674748084945
2026-06-20 00:00:00,0.2452489486878886,0.0,0.2452489486878886,0.19892294046351977,0.0,0.21622058746034756
2026-06-20 01:00:00,0.2190143655381274,0.0,0.2190143655381274,0.23832865520918925,0.0,0.2590528860969448
2026-06-20 02:00:00,0.20208252963549259,0.0,0.20208252963549259,0.2813167076590101,0.0,0.3057790300641414
2026-06-20 03:00:00,0.19327490665328217,0.0,0.19327490665328217,0.28669021421523794,0.0,0.3116197980600412
2026-06-20 04:00:00,0.18456956222102144,0.020407179744743188,0.16416238247627826,0.28848138306731375,0.0,0.313566720725341
2026-06-20 05:00:00,0.15556646784461214,0.009299243052886555,0.1462672247917256,0.2490756683216443,0.0,0.2707344220887438
2026-06-20 06:00:00,0.16334199919556242,0.08123592187556007,0.08210607732000234,0.19534060275936807,0.0,0.21232674212974792
2026-06-20 07:00:00,0.19376769691977244,0.06187011119567843,0.13189758572409402,0.1559348880136986,0.0,0.16949444349315065
2026-06-20 08:00:00,0.21854944937170379,0.10686821657732791,0.11168123279437588,0.1559348880136986,0.0,0.16949444349315065
2026-06-20 09:00:00,0.218740058808029,0.11083272687688858,0.10790733193114041,0.1559348880136986,0.0,0.16949444349315065
2026-06-20 10:00:00,0.2171593808966366,0.1641800544101474,0.0529793264864892,0.1559348880136986,0.0,0.16949444349315065
2026-06-20 11:00:00,0.21881909063781246,0.34175174960176014,-0.12293265896394767,0.1559348880136986,0.0,0.16949444349315065
2026-06-20 12:00:00,0.20946520508851937,0.6516047204798663,-0.4421395153913469,0.1559348880136986,0.0,0.16949444349315065
2026-06-20 13:00:00,0.20534149896844048,0.6250589441422548,-0.4197174451738144,0.1559348880136986,0.0,0.16949444349315065
2026-06-20 14:00:00,0.20465576466780866,0.5583199758275308,-0.35366421115972213,0.1559348880136986,0.0,0.16949444349315065
2026-06-20 15:00:00,0.22388655533861948,0.48375246989362813,-0.2598659145550086,0.1559348880136986,0.0,0.16949444349315065
2026-06-20 16:00:00,0.28874543646731016,0.3742077521232787,-0.08546231565596857,0.1559348880136986,0.0,0.16949444349315065
2026-06-20 17:00:00,0.31545189903277365,0.1629194497526834,0.15253244928009024,0.1559348880136986,0.0,0.16949444349315065
2026-06-20 18:00:00,0.31834825845467796,0.08110803444654198,0.237240224008136,0.1559348880136986,0.0,0.16949444349315065
2026-06-20 19:00:00,0.33812066663368723,0.021813941463942135,0.3163067251697451,0.1559348880136986,0.0,0.16949444349315065
2026-06-20 20:00:00,0.36190520433098666,0.0,0.36190520433098666,0.17742891423860904,0.0,0.19285751547674895
2026-06-20 21:00:00,0.36526879199011625,0.0,0.36526879199011625,0.23653748635711305,0.0,0.2571059634316446
2026-06-20 22:00:00,0.3355450986983898,0.0,0.3355450986983898,0.2598226814340997,0.0,0.2824159580805431
2026-06-20 23:00:00,0.28896860369852884,0.0,0.28896860369852884,0.31176657814430003,0.0,0.33887671537423913
2026-06-21 00:00:00,0.24899840683559804,0.0,0.24899840683559804,0.3386341109254383,0.0,0.3680805553537373
2026-06-21 01:00:00,0.22404696182570635,0.0,0.22404696182570635,0.3762486568190319,0.0,0.40896593132503467
2026-06-21 02:00:00,0.20699192607839043,0.0,0.20699192607839043,0.4066985273043219,0.0,0.44206361663513244
2026-06-21 03:00:00,0.19661059983588855,0.0,0.19661059983588855,0.4228190469730047,0.0,0.4595859206228312
2026-06-21 04:00:00,0.18595730369787958,0.0016899410263104253,0.18426736267156915,0.4192367092688531,0.0,0.4556920752922316
2026-06-21 05:00:00,0.15314431416319255,0.06280186246423879,0.09034245169895376,0.3350517732212866,0.0,0.36418671002313757
2026-06-21 06:00:00,0.1528305005626128,0.1658608606200994,-0.01303036005748659,0.24011982406126506,0.0,0.2609998087622446
2026-06-21 07:00:00,0.19131067606681731,0.3655205417664073,-0.17420986569959,0.16130839456992613,0.0,0.17533521148905015
2026-06-21 08:00:00,0.22237329300607048,0.372846664485872,-0.15047337147980153,0.1559348880136986,0.0,0.16949444349315065
2026-06-21 09:00:00,0.2335519285180604,0.5833585074660004,-0.34980657894794,0.1559348880136986,0.0,0.16949444349315065
2026-06-21 10:00:00,0.23568351529317164,0.5550405767548526,-0.31935706146168097,0.1559348880136986,0.0,0.16949444349315065
2026-06-21 11:00:00,0.23909591689264284,0.6424059604069224,-0.40331004351427957,0.1559348880136986,0.0,0.16949444349315065
2026-06-21 12:00:00,0.23090661793380118,0.670175802136564,-0.43926918420276284,0.1559348880136986,0.0,0.16949444349315065
2026-06-21 13:00:00,0.21995345989064163,0.6493210163902575,-0.4293675564996159,0.1559348880136986,0.0,0.16949444349315065
2026-06-21 14:00:00,0.21527186839384452,0.5476231058718036,-0.33235123747795914,0.1559348880136986,0.0,0.16949444349315065
2026-06-21 15:00:00,0.22904235194697736,0.4220924594741936,-0.19305010752721624,0.1559348880136986,0.0,0.16949444349315065
2026-06-21 16:00:00,0.29694636011492154,0.38403681452495453,-0.08709045441003299,0.1559348880136986,0.0,0.16949444349315065
2026-06-21 17:00:00,0.31941521433444003,0.25424934370431385,0.06516587063012619,0.1559348880136986,0.0,0.16949444349315065
2026-06-21 18:00:00,0.33097740085995414,0.12505563594697147,0.20592176491298267,0.1559348880136986,0.0,0.16949444349315065
2026-06-21 19:00:00,0.35978755885637426,0.024051971471758644,0.3357355873846156,0.1684730699782298,0.0,0.1831229021502498
2026-06-21 20:00:00,0.39067584376900016,0.0,0.39067584376900016,0.2938548896235413,0.0,0.31940748872124053
2026-06-21 21:00:00,0.3879003625359674,0.0,0.3879003625359674,0.41028086500847355,0.0,0.4459574619657321
2026-06-21 22:00:00,0.3331252695025994,0.0,0.3331252695025994,0.5087951518726471,0.0,0.5530382085572251
2026-06-21 23:00:00,0.27265044267365335,0.0,0.27265044267365335,0.6323858026658826,0.0,0.687375872462916
2026-06-22 00:00:00,0.23251752900352668,0.0,0.23251752900352668,0.7738881419798772,0.0,0.8411827630216056
2026-06-22 01:00:00,0.211506152616454,0.0,0.211506152616454,0.7882174927964841,0.0,0.8567581443440045
2026-06-22 02:00:00,0.19936748635503015,0.0,0.19936748635503015,0.9010611304772648,0.0,0.9794142722578965
2026-06-22 03:00:00,0.1954762321188387,0.0,0.1954762321188387,0.9906195730810589,0.0,1.07676040552289
2026-06-22 04:00:00,0.19361893626894514,0.01901868765826111,0.17460024861068402,0.9368845075187823,0.0,1.0183527255638938
2026-06-22 05:00:00,0.18150351164577486,0.1178025917583743,0.06370091988740055,0.644923984630414,0.0,0.7010043311200151
2026-06-22 06:00:00,0.2069291510748745,0.24954491327972,-0.0426157622048455,0.31176657814430003,0.0,0.33887671537423913
2026-06-22 07:00:00,0.21177810773298744,0.38638446232907225,-0.1746063545960848,0.1595172257178503,0.0,0.17338828882375032
2026-06-22 08:00:00,0.20752422747058175,0.49478732805461717,-0.2872631005840354,0.1559348880136986,0.0,0.16949444349315065
2026-06-22 09:00:00,0.197826310472923,0.5849296958796512,-0.3871033854067282,0.1559348880136986,0.0,0.16949444349315065
2026-06-22 10:00:00,0.19400711643981933,0.6037839568434604,-0.4097768404036411,0.1559348880136986,0.0,0.16949444349315065
2026-06-22 11:00:00,0.19466030822859356,0.5794762105136656,-0.384815902285072,0.1559348880136986,0.0,0.16949444349315065
2026-06-22 12:00:00,0.18663372519087376,0.5908855961453506,-0.4042518709544769,0.1559348880136986,0.0,0.16949444349315065
2026-06-22 13:00:00,0.1871730150427204,0.5231874721129908,-0.33601445707027033,0.1559348880136986,0.0,0.16949444349315065
2026-06-22 14:00:00,0.19117584581867092,0.5759501713993097,-0.3847743255806388,0.1559348880136986,0.0,0.16949444349315065
2026-06-22 15:00:00,0.22244069795625326,0.46011156515799895,-0.23767086720174568,0.1559348880136986,0.0,0.16949444349315065
2026-06-22 16:00:00,0.31746260267051696,0.3650546661321271,-0.04759206346161016,0.1559348880136986,0.0,0.16949444349315065
2026-06-22 17:00:00,0.3378347359278792,0.24322362035968315,0.09461111556819607,0.1559348880136986,0.0,0.16949444349315065
2026-06-22 18:00:00,0.34279294734437094,0.11380154219337987,0.22899140515099106,0.1559348880136986,0.0,0.16949444349315065
2026-06-22 19:00:00,0.3694087535096806,0.018909069861959893,0.3504996836477207,0.1559348880136986,0.0,0.16949444349315065
2026-06-22 20:00:00,0.36559190254699686,0.0,0.36559190254699686,0.1559348880136986,0.0,0.16949444349315065
2026-06-22 21:00:00,0.3688601844692404,0.0,0.3688601844692404,0.1559348880136986,0.0,0.16949444349315065
2026-06-22 22:00:00,0.3270443125995615,0.0,0.3270443125995615,0.1559348880136986,0.0,0.16949444349315065
2026-06-22 23:00:00,0.2693077760858685,0.0,0.2693077760858685,0.1559348880136986,0.0,0.16949444349315065
2026-06-23 00:00:00,0.23026506475130243,0.0,0.23026506475130243,0.1559348880136986,0.0,0.16949444349315065
2026-06-23 01:00:00,0.2088747909262799,0.0,0.2088747909262799,0.1559348880136986,0.0,0.16949444349315065
2026-06-23 02:00:00,0.19459756166782255,0.0,0.19459756166782255,0.1559348880136986,0.0,0.16949444349315065
2026-06-23 03:00:00,0.18749613911740443,0.0,0.18749613911740443,0.1559348880136986,0.0,0.16949444349315065
2026-06-23 04:00:00,0.1836769445416985,0.007463144964841175,0.17621379957685732,0.1559348880136986,0.0,0.16949444349315065
2026-06-23 05:00:00,0.17191949690908268,0.11090580540775606,0.061013691501326614,0.1559348880136986,0.0,0.16949444349315065
2026-06-23 06:00:00,0.19647344017793072,0.22731077026328986,-0.030837330085359133,0.1559348880136986,0.0,0.16949444349315065
2026-06-23 07:00:00,0.19334230462939941,0.36692730348560626,-0.17358499885620685,0.1559348880136986,0.0,0.16949444349315065
2026-06-23 08:00:00,0.1850646720261209,0.46412174953935176,-0.27905707751323083,0.1559348880136986,0.0,0.16949444349315065
2026-06-23 09:00:00,0.17591999267731048,0.5421696205058181,-0.36624962782850756,0.1559348880136986,0.0,0.16949444349315065
2026-06-23 10:00:00,0.17319100024626363,0.5885653527903081,-0.4153743525440444,0.1559348880136986,0.0,0.16949444349315065
2026-06-23 11:00:00,0.17954624954109732,0.6111557536447172,-0.43160950410361987,0.1559348880136986,0.0,0.16949444349315065
2026-06-23 12:00:00,0.17456479456766563,0.6131288739781392,-0.4385640794104736,0.1559348880136986,0.0,0.16949444349315065
2026-06-23 13:00:00,0.17548065731212753,0.5976362254342339,-0.42215556812210636,0.1559348880136986,0.0,0.16949444349315065
2026-06-23 14:00:00,0.18409766845153594,0.5394474452310045,-0.35534977677946855,0.1559348880136986,0.0,0.16949444349315065
2026-06-23 15:00:00,0.23568583667146875,0.41314033944292755,-0.1774545027714588,0.1559348880136986,0.0,0.16949444349315065
2026-06-23 16:00:00,0.35400645091205324,0.30406149730685844,0.0499449536051948,0.1559348880136986,0.0,0.16949444349315065
2026-06-23 17:00:00,0.37292575653293936,0.13628232525148773,0.23664343128145163,0.1559348880136986,0.0,0.16949444349315065
2026-06-23 18:00:00,0.3714310893744794,0.050351107767692235,0.32107998160678713,0.1559348880136986,0.0,0.16949444349315065
2026-06-23 19:00:00,0.39679862482865236,0.004960205282630059,0.3918384195460223,0.1559348880136986,0.0,0.16949444349315065
2026-06-23 20:00:00,0.3752177588216876,0.0,0.3752177588216876,0.1559348880136986,0.0,0.16949444349315065
2026-06-23 21:00:00,0.3718936900118902,0.0,0.3718936900118902,0.1559348880136986,0.0,0.16949444349315065
2026-06-23 22:00:00,0.32867148107852134,0.0,0.32867148107852134,0.1559348880136986,0.0,0.16949444349315065
2026-06-23 23:00:00,0.2714207696488482,0.0,0.2714207696488482,0.1559348880136986,0.0,0.16949444349315065
2026-06-24 00:00:00,0.2314017573473724,0.0,0.2314017573473724,0.1559348880136986,0.0,0.16949444349315065
2026-06-24 01:00:00,0.20689197167916384,0.0,0.20689197167916384,0.1559348880136986,0.0,0.16949444349315065
2026-06-24 02:00:00,0.19423261113493095,0.0,0.19423261113493095,0.1559348880136986,0.0,0.16949444349315065
2026-06-24 03:00:00,0.19151524196350106,0.0,0.19151524196350106,0.1559348880136986,0.0,0.16949444349315065
2026-06-24 04:00:00,0.1872195200758462,0.0061660010419434435,0.18105351903390274,0.1559348880136986,0.0,0.16949444349315065
2026-06-24 05:00:00,0.17419753131798585,0.08052340619960216,0.09367412511838369,0.1559348880136986,0.0,0.16949444349315065
2026-06-24 06:00:00,0.2057250471996477,0.13657463937495767,0.06915040782469004,0.1559348880136986,0.0,0.16949444349315065
2026-06-24 07:00:00,0.209697657710247,0.2319055828915825,-0.02220792518133549,0.1559348880136986,0.0,0.16949444349315065
2026-06-24 08:00:00,0.20137818352171238,0.35843192427226195,-0.15705374075054956,0.1559348880136986,0.0,0.16949444349315065
2026-06-24 09:00:00,0.18643846518785198,0.5192686358952223,-0.3328301707073703,0.1559348880136986,0.0,0.16949444349315065
2026-06-24 10:00:00,0.18339798691923814,0.5867657939676966,-0.4033678070484584,0.1559348880136986,0.0,0.16949444349315065
2026-06-24 11:00:00,0.18493682174534648,0.6305124295082405,-0.445575607762894,0.1559348880136986,0.0,0.16949444349315065
2026-06-24 12:00:00,0.17591766763279554,0.5960284977551493,-0.4201108301223538,0.1559348880136986,0.0,0.16949444349315065
2026-06-24 13:00:00,0.17382792073733142,0.5278370936394341,-0.35400917290210265,0.1559348880136986,0.0,0.16949444349315065
2026-06-24 14:00:00,0.18197305425730287,0.5103165158639562,-0.32834346160665334,0.1559348880136986,0.0,0.16949444349315065
2026-06-24 15:00:00,0.21773121162288736,0.350091836937011,-0.13236062531412365,0.1559348880136986,0.0,0.16949444349315065
2026-06-24 16:00:00,0.3134272288462666,0.30624471841652434,0.007182510429742273,0.1559348880136986,0.0,0.16949444349315065
2026-06-24 17:00:00,0.3419584416100294,0.1990293788175759,0.14292906279245352,0.1559348880136986,0.0,0.16949444349315065
2026-06-24 18:00:00,0.3480882135623361,0.01712778067206512,0.330960432890271,0.1559348880136986,0.0,0.16949444349315065
2026-06-24 19:00:00,0.38064550288650156,0.0,0.38064550288650156,0.1559348880136986,0.0,0.16949444349315065
2026-06-24 20:00:00,0.3733930064545015,0.0,0.3733930064545015,0.1559348880136986,0.0,0.16949444349315065
2026-06-24 21:00:00,0.3780931957813093,0.0,0.3780931957813093,0.1559348880136986,0.0,0.16949444349315065
2026-06-24 22:00:00,0.3431184001200598,0.0,0.3431184001200598,0.1559348880136986,0.0,0.16949444349315065
2026-06-24 23:00:00,0.282813263787243,0.0,0.282813263787243,0.1559348880136986,0.0,0.16949444349315065
2026-06-25 00:00:00,0.24138559017457234,0.0,0.24138559017457234,0.1559348880136986,0.0,0.16949444349315065
2026-06-25 01:00:00,0.21709430950389386,0.0,0.21709430950389386,0.1559348880136986,0.0,0.16949444349315065
2026-06-25 02:00:00,0.20279615916525892,0.0,0.20279615916525892,0.1559348880136986,0.0,0.16949444349315065
2026-06-25 03:00:00,0.19527864688355,0.0,0.19527864688355,0.1559348880136986,0.0,0.16949444349315065
2026-06-25 04:00:00,0.18930229385340833,0.006138596592868139,0.1831636972605402,0.1559348880136986,0.0,0.16949444349315065
2026-06-25 05:00:00,0.17497392196759742,0.0771709285960566,0.09780299337154082,0.1559348880136986,0.0,0.16949444349315065
2026-06-25 06:00:00,0.2014293262205683,0.05943111522797637,0.14199821099259194,0.1559348880136986,0.0,0.16949444349315065
2026-06-25 07:00:00,0.20214527858956047,0.33816176677289533,-0.13601648818333487,0.1559348880136986,0.0,0.16949444349315065
2026-06-25 08:00:00,0.19366541220559957,0.4343696526599299,-0.2407042404543303,0.1559348880136986,0.0,0.16949444349315065
2026-06-25 09:00:00,0.18017852123014394,0.50299952796085,-0.3228210067307061,0.1559348880136986,0.0,0.16949444349315065
2026-06-25 10:00:00,0.17975778129852518,0.570935157218529,-0.3911773759200039,0.1559348880136986,0.0,0.16949444349315065
2026-06-25 11:00:00,0.19004380076741442,0.6095206215165574,-0.41947682074914294,0.1559348880136986,0.0,0.16949444349315065
2026-06-25 12:00:00,0.189093070163741,0.5601834783646514,-0.37109040820091044,0.1559348880136986,0.0,0.16949444349315065
2026-06-25 13:00:00,0.18853286099296301,0.5466639501541681,-0.3581310891612051,0.1559348880136986,0.0,0.16949444349315065
2026-06-25 14:00:00,0.19964641206133485,0.4802903744937813,-0.2806439624324465,0.1559348880136986,0.0,0.16949444349315065
2026-06-25 15:00:00,0.2445910891544292,0.36438782453796137,-0.11979673538353217,0.1559348880136986,0.0,0.16949444349315065
2026-06-25 16:00:00,0.359861925962241,0.29854406822636387,0.06131785773587711,0.1559348880136986,0.0,0.16949444349315065
2026-06-25 17:00:00,0.39043639693148924,0.21253977221170087,0.17789662471978837,0.1559348880136986,0.0,0.16949444349315065
2026-06-25 18:00:00,0.3916869931843105,0.09103757982816052,0.30064941335615,0.1559348880136986,0.0,0.16949444349315065
2026-06-25 19:00:00,0.4036280773171508,0.022024042240186135,0.38160403507696466,0.1559348880136986,0.0,0.16949444349315065
2026-06-25 20:00:00,0.3798017208664219,0.0,0.3798017208664219,0.1559348880136986,0.0,0.16949444349315065
2026-06-25 21:00:00,0.3725375835085623,0.0,0.3725375835085623,0.1559348880136986,0.0,0.16949444349315065
2026-06-25 22:00:00,0.33982454978792526,0.0,0.33982454978792526,0.1559348880136986,0.0,0.16949444349315065
2026-06-25 23:00:00,0.28023071739405025,0.0,0.28023071739405025,0.1559348880136986,0.0,0.16949444349315065
2026-06-26 00:00:00,0.24115546232274104,0.0,0.24115546232274104,0.1559348880136986,0.0,0.16949444349315065
2026-06-26 01:00:00,0.21581117176428444,0.0,0.21581117176428444,0.1559348880136986,0.0,0.16949444349315065
2026-06-26 02:00:00,0.19941862491560292,0.0,0.19941862491560292,0.1559348880136986,0.0,0.16949444349315065
2026-06-26 03:00:00,0.1924148329887039,0.0,0.1924148329887039,0.1559348880136986,0.0,0.16949444349315065
2026-06-26 04:00:00,0.1881725751277241,0.002101007762439988,0.1860715673652841,0.1559348880136986,0.0,0.16949444349315065
2026-06-26 05:00:00,0.17468103239209065,0.03350650640273859,0.14117452598935207,0.1559348880136986,0.0,0.16949444349315065
2026-06-26 06:00:00,0.20756374635833888,0.10034595769740551,0.10721778866093337,0.1559348880136986,0.0,0.16949444349315065
2026-06-26 07:00:00,0.21313562956720028,0.09388764253199217,0.11924798703520811,0.1559348880136986,0.0,0.16949444349315065
2026-06-26 08:00:00,0.21638531425300045,0.12084448560573305,0.0955408286472674,0.1559348880136986,0.0,0.16949444349315065
2026-06-26 09:00:00,0.2017501077807412,0.20235445197204618,-0.0006043441913049785,0.1559348880136986,0.0,0.16949444349315065
2026-06-26 10:00:00,0.19753806979356903,0.5223562038243733,-0.3248181340308043,0.1559348880136986,0.0,0.16949444349315065
2026-06-26 11:00:00,0.2059319264558617,0.6367149698156176,-0.4307830433597559,0.1559348880136986,0.0,0.16949444349315065
2026-06-26 12:00:00,0.19969755254730007,0.5840162142438077,-0.38431866169650764,0.1559348880136986,0.0,0.16949444349315065
2026-06-26 13:00:00,0.19600155922136958,0.5815680834597471,-0.3855665242383775,0.1559348880136986,0.0,0.16949444349315065
2026-06-26 14:00:00,0.2008877087590227,0.5523823451945482,-0.3514946364355255,0.1559348880136986,0.0,0.16949444349315065
2026-06-26 15:00:00,0.23184572304409365,0.42507954442340173,-0.19323382137930808,0.1559348880136986,0.0,0.16949444349315065
2026-06-26 16:00:00,0.31233935198268953,0.2876370974943928,0.024702254488296715,0.1559348880136986,0.0,0.16949444349315065
2026-06-26 17:00:00,0.33095414404702367,0.1276681934254838,0.20328595062153987,0.1559348880136986,0.0,0.16949444349315065
2026-06-26 18:00:00,0.3252544126060156,0.04804913404536668,0.2772052785606489,0.1559348880136986,0.0,0.16949444349315065
2026-06-26 19:00:00,0.34688178884565046,0.002576018213078594,0.3443057706325719,0.1559348880136986,0.0,0.16949444349315065
2026-06-26 20:00:00,0.3395363088014081,0.0,0.3395363088014081,0.1559348880136986,0.0,0.16949444349315065
2026-06-26 21:00:00,0.3500338621540383,0.0,0.3500338621540383,0.1559348880136986,0.0,0.16949444349315065
2026-06-26 22:00:00,0.3307751749794402,0.0,0.3307751749794402,0.1559348880136986,0.0,0.16949444349315065
2026-06-26 23:00:00,0.283048040066452,0.0,0.283048040066452,0.17922008309068518,0.0,0.19480443814204912
2026-06-27 00:00:00,0.24185514318828347,0.0,0.24185514318828347,0.23116397980088557,0.0,0.25126519543574516
2026-06-27 01:00:00,0.2136726088827217,0.0,0.2136726088827217,0.29743722732769295,0.0,0.3233013340518402
2026-06-27 02:00:00,0.19740791156429477,0.0,0.19740791156429477,0.36908398141072823,0.0,0.40117824066383506
2026-06-27 03:00:00,0.1890140537627755,0.0,0.1890140537627755,0.4228190469730047,0.0,0.4595859206228312
2026-06-27 04:00:00,0.1799925738816548,0.016296512383447558,0.16369606149820723,0.4568512551624464,0.0,0.49657745126352865
2026-06-27 05:00:00,0.15598488273207647,0.085163892909687,0.07082098982238948,0.446104242049991,0.0,0.48489591527172937
2026-06-27 06:00:00,0.16384642163564533,0.15769433479565875,0.006152086839986581,0.3780398256711078,0.0,0.41091285399033456
2026-06-27 07:00:00,0.195062457781213,0.301805197666325,-0.10674273988511201,0.2992283961797691,0.0,0.3252482567171403
2026-06-27 08:00:00,0.22133887904259866,0.33981516853377197,-0.11847628949117331,0.2007141093155956,0.0,0.2181675101256474
2026-06-27 09:00:00,0.22195952567016033,0.3257110120763487,-0.10375148640618839,0.1559348880136986,0.0,0.16949444349315065
2026-06-27 10:00:00,0.22074147399357305,0.1481667213338113,0.07257475265976174,0.1559348880136986,0.0,0.16949444349315065
2026-06-27 11:00:00,0.22502092279170746,0.2473068832719035,-0.022285960480196043,0.1559348880136986,0.0,0.16949444349315065
2026-06-27 12:00:00,0.21730350259243578,0.35105099265464673,-0.13374749006221096,0.1559348880136986,0.0,0.16949444349315065
2026-06-27 13:00:00,0.20668739941277983,0.5446177512898787,-0.33793035187709886,0.1559348880136986,0.0,0.16949444349315065
2026-06-27 14:00:00,0.20395143425286366,0.5812940389689941,-0.37734260471613046,0.1559348880136986,0.0,0.16949444349315065
2026-06-27 15:00:00,0.22136212209706937,0.4789932305708836,-0.2576311084738142,0.1559348880136986,0.0,0.16949444349315065
2026-06-27 16:00:00,0.28325258498009515,0.37592509759866444,-0.09267251261856929,0.1559348880136986,0.0,0.16949444349315065
2026-06-27 17:00:00,0.31482195305338173,0.20611799631172126,0.10870395674166047,0.1559348880136986,0.0,0.16949444349315065
2026-06-27 18:00:00,0.32034502586658237,0.076485817369174,0.2438592084974084,0.1559348880136986,0.0,0.16949444349315065
2026-06-27 19:00:00,0.33447813900491696,0.008066042844497866,0.3264120961604191,0.1559348880136986,0.0,0.16949444349315065
2026-06-27 20:00:00,0.3496247427438042,0.0,0.3496247427438042,0.17922008309068518,0.0,0.19480443814204912
2026-06-27 21:00:00,0.35221193865556494,0.0,0.35221193865556494,0.21146112242805098,0.0,0.22984904611744672
2026-06-27 22:00:00,0.32339713450911706,0.0,0.32339713450911706,0.24191099291334092,0.0,0.2629467314275445
2026-06-27 23:00:00,0.27837574639903684,0.0,0.27837574639903684,0.2580315125820238,0.0,0.28046903541524326
2026-06-28 00:00:00,0.24025122173236366,0.0,0.24025122173236366,0.2741520322507067,0.0,0.29799133940294203
2026-06-28 01:00:00,0.216971109687665,0.0,0.216971109687665,0.2938548896235413,0.0,0.31940748872124053
2026-06-28 02:00:00,0.19889793188156382,0.0,0.19889793188156382,0.2920637207714655,0.0,0.3174605660559407
2026-06-28 03:00:00,0.18967189435798765,0.0,0.18967189435798765,0.30460190273599663,0.0,0.3310890247130398
2026-06-28 04:00:00,0.1828052487785107,0.0008312682886175605,0.18197398048989313,0.30101956503184496,0.0,0.3271951793824402
2026-06-28 05:00:00,0.15088720065386302,0.021110560604342663,0.12977664004952036,0.2651961879903272,0.0,0.2882567260764426
2026-06-28 06:00:00,0.1456663156024357,0.08299894143273796,0.06266737416969774,0.22937281094880968,0.0,0.2493182727704453
2026-06-28 07:00:00,0.17850951934277184,0.16914025969277746,0.009369259649994383,0.24191099291334092,0.0,0.2629467314275445
2026-06-28 08:00:00,0.2066455593753791,0.2585792466582119,-0.05193368728283282,0.16309956342200196,0.0,0.17728213415434996
2026-06-28 09:00:00,0.21586229624322884,0.47598787598895853,-0.2601255797457297,0.1559348880136986,0.0,0.16949444349315065
2026-06-28 10:00:00,0.21962802450376426,0.6213502087007304,-0.40172218419696615,0.1559348880136986,0.0,0.16949444349315065
2026-06-28 11:00:00,0.2298861510719726,0.6672800653509402,-0.43739391427896757,0.1559348880136986,0.0,0.16949444349315065
2026-06-28 12:00:00,0.21892601871051445,0.662402073415536,-0.4434760547050216,0.1559348880136986,0.0,0.16949444349315065
2026-06-28 13:00:00,0.20877714600320815,0.6309783051425206,-0.42220115913931244,0.1559348880136986,0.0,0.16949444349315065
2026-06-28 14:00:00,0.20667577677271856,0.5660845697322003,-0.3594087929594818,0.1559348880136986,0.0,0.16949444349315065
2026-06-28 15:00:00,0.2179985357353388,0.48580780357427594,-0.2678092678389371,0.1559348880136986,0.0,0.16949444349315065
2026-06-28 16:00:00,0.28650459539574985,0.3738880335507335,-0.08738343815498367,0.1559348880136986,0.0,0.16949444349315065
2026-06-28 17:00:00,0.31627013191373127,0.25428588296974763,0.06198424894398363,0.1559348880136986,0.0,0.16949444349315065
2026-06-28 18:00:00,0.32949900282786126,0.1210180471165433,0.20848095571131797,0.1559348880136986,0.0,0.16949444349315065
2026-06-28 19:00:00,0.3606708782373072,0.024088510737192387,0.33658236750011483,0.1559348880136986,0.0,0.16949444349315065
2026-06-28 20:00:00,0.3875958489533109,0.0,0.3875958489533109,0.1559348880136986,0.0,0.16949444349315065
2026-06-28 21:00:00,0.3799690852081108,0.0,0.3799690852081108,0.1559348880136986,0.0,0.16949444349315065
2026-06-28 22:00:00,0.3285320096300403,0.0,0.3285320096300403,0.1559348880136986,0.0,0.16949444349315065
2026-06-28 23:00:00,0.27053977460391476,0.0,0.27053977460391476,0.1559348880136986,0.0,0.16949444349315065
2026-06-29 00:00:00,0.22902376878031902,0.0,0.22902376878031902,0.1559348880136986,0.0,0.16949444349315065
2026-06-29 01:00:00,0.20741034040208747,0.0,0.20741034040208747,0.1559348880136986,0.0,0.16949444349315065
2026-06-29 02:00:00,0.19658967922421894,0.0,0.19658967922421894,0.16309956342200196,0.0,0.17728213415434996
2026-06-29 03:00:00,0.19217773173512262,0.0,0.19217773173512262,0.19354943390729223,0.0,0.2103798194644481
2026-06-29 04:00:00,0.19025070042848913,0.016360456097956604,0.17389024433053252,0.21504346013220263,0.0,0.23374289144804633
2026-06-29 05:00:00,0.1753644430195614,0.11122552398030129,0.0641389190392601,0.1559348880136986,0.0,0.16949444349315065
2026-06-29 06:00:00,0.19754272195738953,0.23919516634561344,-0.04165244438822391,0.1559348880136986,0.0,0.16949444349315065
2026-06-29 07:00:00,0.2035306949684281,0.36257913089899135,-0.15904843593056325,0.1559348880136986,0.0,0.16949444349315065
2026-06-29 08:00:00,0.20196861367306257,0.4728729036107323,-0.27090428993766974,0.1559348880136986,0.0,0.16949444349315065
2026-06-29 09:00:00,0.19707781356280868,0.5617912060437359,-0.3647133924809272,0.1559348880136986,0.0,0.16949444349315065
2026-06-29 10:00:00,0.19438601420051793,0.6181621577916367,-0.4237761435911188,0.1559348880136986,0.0,0.16949444349315065
2026-06-29 11:00:00,0.19621541490321634,0.6465531670336517,-0.45033775213043536,0.1559348880136986,0.0,0.16949444349315065
2026-06-29 12:00:00,0.1889884686616628,0.6412549735457597,-0.45226650488409686,0.1559348880136986,0.0,0.16949444349315065
2026-06-29 13:00:00,0.1929192395797175,0.6004223444235564,-0.4075031048438389,0.1559348880136986,0.0,0.16949444349315065
2026-06-29 14:00:00,0.19754039403526266,0.5424253953638543,-0.34488500132859157,0.1559348880136986,0.0,0.16949444349315065
2026-06-29 15:00:00,0.23038824708323957,0.462340460349457,-0.23195221326621746,0.1559348880136986,0.0,0.16949444349315065
2026-06-29 16:00:00,0.32665609749226343,0.3574179596564757,-0.030761862164212284,0.1559348880136986,0.0,0.16949444349315065
2026-06-29 17:00:00,0.3417399373825794,0.23812639283167658,0.10361354455090283,0.1559348880136986,0.0,0.16949444349315065
2026-06-29 18:00:00,0.3460170638539881,0.11635929077374159,0.22965777308024654,0.1559348880136986,0.0,0.16949444349315065
2026-06-29 19:00:00,0.3730838280666508,0.02307454612140613,0.35000928194524467,0.1559348880136986,0.0,0.16949444349315065
2026-06-29 20:00:00,0.36475739905369553,0.0,0.36475739905369553,0.1559348880136986,0.0,0.16949444349315065
2026-06-29 21:00:00,0.3637718012852391,0.0,0.3637718012852391,0.1559348880136986,0.0,0.16949444349315065
2026-06-29 22:00:00,0.3212608965896299,0.0,0.3212608965896299,0.1559348880136986,0.0,0.16949444349315065
2026-06-29 23:00:00,0.26263871575734754,0.0,0.26263871575734754,0.1559348880136986,0.0,0.16949444349315065
2026-06-30 00:00:00,0.22442353486915997,0.0,0.22442353486915997,0.1559348880136986,0.0,0.16949444349315065
2026-06-30 01:00:00,0.20382359940016428,0.0,0.20382359940016428,0.1559348880136986,0.0,0.16949444349315065
2026-06-30 02:00:00,0.19094805827595668,0.0,0.19094805827595668,0.1559348880136986,0.0,0.16949444349315065
2026-06-30 03:00:00,0.1845253971254489,0.0,0.1845253971254489,0.1559348880136986,0.0,0.16949444349315065
2026-06-30 04:00:00,0.182740161731819,0.011107936691856633,0.17163222503996237,0.1559348880136986,0.0,0.16949444349315065
2026-06-30 05:00:00,0.17258663595088494,0.09643625629599545,0.0761503796548895,0.1559348880136986,0.0,0.16949444349315065
2026-06-30 06:00:00,0.19409080303861215,0.205524233248423,-0.011433430209810858,0.1559348880136986,0.0,0.16949444349315065
2026-06-30 07:00:00,0.19254964269201869,0.34931537754654407,-0.15676573485452538,0.1559348880136986,0.0,0.16949444349315065
2026-06-30 08:00:00,0.18936969193624445,0.42309728927362145,-0.233727597337377,0.1559348880136986,0.0,0.16949444349315065
2026-06-30 09:00:00,0.1795067345149471,0.5228312142750119,-0.34332447976006475,0.1559348880136986,0.0,0.16949444349315065
2026-06-30 10:00:00,0.17535978287254153,0.6207290411883568,-0.4453692583158153,0.1559348880136986,0.0,0.16949444349315065
2026-06-30 11:00:00,0.17936958657222646,0.6382496189638347,-0.45888003239160824,0.1559348880136986,0.0,0.16949444349315065
2026-06-30 12:00:00,0.17221237601184564,0.5675826796149835,-0.3953703036031379,0.1559348880136986,0.0,0.16949444349315065
2026-06-30 13:00:00,0.1689696647345827,0.0928462734671306,0.07612339126745209,0.1559348880136986,0.0,0.16949444349315065
2026-06-30 14:00:00,0.17446483969263202,0.5578266957441752,-0.38336185605154316,0.1559348880136986,0.0,0.16949444349315065
2026-06-30 15:00:00,0.21342619187193573,0.4739325423083108,-0.26050635043637504,0.1559348880136986,0.0,0.16949444349315065
2026-06-30 16:00:00,0.31678384215941235,0.36307241098234677,-0.04628856882293442,0.1559348880136986,0.0,0.16949444349315065
2026-06-30 17:00:00,0.33530100493924697,0.2460006045326473,0.08930040040659967,0.1559348880136986,0.0,0.16949444349315065
2026-06-30 18:00:00,0.34515466549405055,0.11908146604855516,0.2260731994454954,0.1559348880136986,0.0,0.16949444349315065
2026-06-30 19:00:00,0.3787672899550439,0.023312051346725433,0.35545523860831846,0.1559348880136986,0.0,0.16949444349315065
2026-06-30 20:00:00,0.3672539388450703,0.0,0.3672539388450703,0.1559348880136986,0.0,0.16949444349315065
2026-06-30 21:00:00,0.3676537578383425,0.0,0.3676537578383425,0.1559348880136986,0.0,0.16949444349315065
2026-06-30 22:00:00,0.32832512770060956,0.0,0.32832512770060956,0.1559348880136986,0.0,0.16949444349315065
2026-06-30 23:00:00,0.26950303709581663,0.0,0.26950303709581663,0.1559348880136986,0.0,0.16949444349315065
2026-07-01 00:00:00,0.2271362551742489,0.0,0.2271362551742489,0.1559348880136986,0.0,0.16949444349315065
2026-07-01 01:00:00,0.20215691554788626,0.0,0.20215691554788626,0.1559348880136986,0.0,0.16949444349315065
2026-07-01 02:00:00,0.19070398342982864,0.0,0.19070398342982864,0.1559348880136986,0.0,0.16949444349315065
2026-07-01 03:00:00,0.18642453350061491,0.0,0.18642453350061491,0.1559348880136986,0.0,0.16949444349315065
2026-07-01 04:00:00,0.183990756097137,0.008175660640799083,0.17581509545633792,0.1559348880136986,0.0,0.16949444349315065
2026-07-01 05:00:00,0.17436024909548511,0.09181403921862748,0.08254620987685764,0.1559348880136986,0.0,0.16949444349315065
2026-07-01 06:00:00,0.20712208737870078,0.2355595094349564,-0.02843742205625563,0.1559348880136986,0.0,0.16949444349315065
2026-07-01 07:00:00,0.2169943413751472,0.3583314412923192,-0.141337099917172,0.1559348880136986,0.0,0.16949444349315065
2026-07-01 08:00:00,0.21608777581310532,0.3867589897997681,-0.17067121398666277,0.1559348880136986,0.0,0.16949444349315065
2026-07-01 09:00:00,0.2050253635675475,0.20958922652792647,-0.004563862960378973,0.1559348880136986,0.0,0.16949444349315065
2026-07-01 10:00:00,0.2006436343577623,0.4860453087995952,-0.28540167444183284,0.1559348880136986,0.0,0.16949444349315065
2026-07-01 11:00:00,0.20256834018003406,0.3715312509302574,-0.16896291075022335,0.1559348880136986,0.0,0.16949444349315065
2026-07-01 12:00:00,0.18974858852628854,0.4218549542488743,-0.23210636572258578,0.1559348880136986,0.0,0.16949444349315065
2026-07-01 13:00:00,0.18271690309585473,0.3778342742175773,-0.1951173711217226,0.1559348880136986,0.0,0.16949444349315065
2026-07-01 14:00:00,0.18832133145057514,0.33057986919539445,-0.1422585377448193,0.1559348880136986,0.0,0.16949444349315065
2026-07-01 15:00:00,0.22879594912405007,0.4316383425687579,-0.2028423934447078,0.1559348880136986,0.0,0.16949444349315065
2026-07-01 16:00:00,0.333934184134345,0.3742534262050709,-0.0403192420707259,0.1559348880136986,0.0,0.16949444349315065
2026-07-01 17:00:00,0.3582254652619904,0.2407937592083395,0.11743170605365089,0.1559348880136986,0.0,0.16949444349315065
2026-07-01 18:00:00,0.3596341273557952,0.12061611519677218,0.23901801215902302,0.1559348880136986,0.0,0.16949444349315065
2026-07-01 19:00:00,0.39138945551085813,0.014880615847890176,0.37650883966296794,0.1559348880136986,0.0,0.16949444349315065
2026-07-01 20:00:00,0.37503179724029057,0.0,0.37503179724029057,0.1559348880136986,0.0,0.16949444349315065
2026-07-01 21:00:00,0.37109870276230245,0.0,0.37109870276230245,0.1559348880136986,0.0,0.16949444349315065
2026-07-01 22:00:00,0.3343619172606193,0.0,0.3343619172606193,0.1559348880136986,0.0,0.16949444349315065
2026-07-01 23:00:00,0.2763417882730391,0.0,0.2763417882730391,0.1559348880136986,0.0,0.16949444349315065
2026-07-02 00:00:00,0.23585554674855305,0.0,0.23585554674855305,0.1559348880136986,0.0,0.16949444349315065
2026-07-02 01:00:00,0.2121453970403906,0.0,0.2121453970403906,0.1559348880136986,0.0,0.16949444349315065
2026-07-02 02:00:00,0.1984632458063199,0.0,0.1984632458063199,0.21146112242805098,0.0,0.22984904611744672
2026-07-02 03:00:00,0.19108520480590055,0.0,0.19108520480590055,0.2616138502861755,0.0,0.2843628807458429
2026-07-02 04:00:00,0.18726833526529507,0.014633975806212438,0.17263435945908262,0.30639307158807244,0.0,0.33303594737833964
2026-07-02 05:00:00,0.1791975834626925,0.09625355996882676,0.08294402349386573,0.2741520322507067,0.0,0.29799133940294203
2026-07-02 06:00:00,0.20267062175157727,0.22089812917966864,-0.018227507428091372,0.20966995357597515,0.0,0.2279021234521469
2026-07-02 07:00:00,0.20187795819500148,0.34482104789819423,-0.14294308970319275,0.1559348880136986,0.0,0.16949444349315065
2026-07-02 08:00:00,0.19468355460326583,0.42608437422282963,-0.2314008196195638,0.1559348880136986,0.0,0.16949444349315065
2026-07-02 09:00:00,0.1839442510450199,0.5473764658301259,-0.363432214785106,0.1559348880136986,0.0,0.16949444349315065
2026-07-02 10:00:00,0.18172200529691152,0.5911322361870284,-0.40941023089011686,0.1559348880136986,0.0,0.16949444349315065
2026-07-02 11:00:00,0.18913723747358638,0.6719022824283082,-0.48276504495472183,0.1559348880136986,0.0,0.16949444349315065
2026-07-02 12:00:00,0.18357232591811776,0.6713633282631606,-0.4877910023450428,0.1559348880136986,0.0,0.16949444349315065
2026-07-02 13:00:00,0.18157323572654174,0.632375932045361,-0.4508026963188193,0.1559348880136986,0.0,0.16949444349315065
2026-07-02 14:00:00,0.18487870960902164,0.5732645353899298,-0.3883858257809082,0.1559348880136986,0.0,0.16949444349315065
2026-07-02 15:00:00,0.22135979456756708,0.48592655618693553,-0.26456676161936843,0.1559348880136986,0.0,0.16949444349315065
2026-07-02 16:00:00,0.3266119314745405,0.37469189739027575,-0.04807996591573527,0.1559348880136986,0.0,0.16949444349315065
2026-07-02 17:00:00,0.35611479582053784,0.2527969079033227,0.10331788791721513,0.1559348880136986,0.0,0.16949444349315065
2026-07-02 18:00:00,0.35923663451616183,0.11805836661641048,0.24117826789975136,0.1559348880136986,0.0,0.16949444349315065
2026-07-02 19:00:00,0.38029450215036603,0.02324810763221639,0.3570463945181496,0.1559348880136986,0.0,0.16949444349315065
2026-07-02 20:00:00,0.3726561325888461,0.0,0.3726561325888461,0.20250527816767144,0.0,0.22011443279094722
2026-07-02 21:00:00,0.3664705739876566,0.0,0.3664705739876566,0.26698735684240305,0.0,0.2902036487417424
2026-07-02 22:00:00,0.32991742629604504,0.0,0.32991742629604504,0.33684294207336246,0.0,0.36613363268843746
2026-07-02 23:00:00,0.27623253503372686,0.0,0.27623253503372686,0.3780398256711078,0.0,0.41091285399033456
2026-07-03 00:00:00,0.23670399767705538,0.0,0.23670399767705538,0.3762486568190319,0.0,0.40896593132503467
2026-07-03 01:00:00,0.2130124441854387,0.0,0.2130124441854387,0.4192367092688531,0.0,0.4556920752922316
2026-07-03 02:00:00,0.19719173061627793,0.0,0.19719173061627793,0.4156543715647011,0.0,0.4517982299616316
2026-07-03 03:00:00,0.19021118376873233,0.0,0.19021118376873233,0.4066985273043219,0.0,0.44206361663513244
2026-07-03 04:00:00,0.1850321426322822,0.004695295608235451,0.18033684702404676,0.4066985273043219,0.0,0.44206361663513244
2026-07-03 05:00:00,0.16903708692821273,0.10483115252939697,0.06420593439881576,0.34221644862958994,0.0,0.3719744006843369
2026-07-03 06:00:00,0.1950182881088943,0.2346094885336792,-0.039591200424784895,0.25265800602579597,0.0,0.2746282674193435
2026-07-03 07:00:00,0.20546934847493908,0.36557535066455793,-0.16010600218961885,0.1559348880136986,0.0,0.16949444349315065
2026-07-03 08:00:00,0.20487659417687504,0.4384346459394333,-0.23355805176255828,0.1559348880136986,0.0,0.16949444349315065
2026-07-03 09:00:00,0.19250779897863596,0.15776741332652625,0.03474038565210971,0.1559348880136986,0.0,0.16949444349315065
2026-07-03 10:00:00,0.1914826835551885,0.435968245522656,-0.2444855619674675,0.1559348880136986,0.0,0.16949444349315065
2026-07-03 11:00:00,0.19642229801689973,0.3870147646578042,-0.19059246664090448,0.1559348880136986,0.0,0.16949444349315065
2026-07-03 12:00:00,0.19145246476237804,0.6173856984011697,-0.4259332336387917,0.1559348880136986,0.0,0.16949444349315065
2026-07-03 13:00:00,0.18733805671258344,0.607894624204756,-0.42055656749217263,0.1559348880136986,0.0,0.16949444349315065
2026-07-03 14:00:00,0.19241714260264528,0.5661028393649172,-0.3736856967622719,0.1559348880136986,0.0,0.16949444349315065
2026-07-03 15:00:00,0.220102227352946,0.48895018040157734,-0.26884795304863135,0.1559348880136986,0.0,0.16949444349315065
2026-07-03 16:00:00,0.30447548642134975,0.35919011403001205,-0.0547146276086623,0.1559348880136986,0.0,0.16949444349315065
2026-07-03 17:00:00,0.3253241474318325,0.24199955496765288,0.08332459246417964,0.1559348880136986,0.0,0.16949444349315065
2026-07-03 18:00:00,0.32510796797210506,0.12107285601469392,0.20403511195741114,0.20608761587182314,0.0,0.2240082781215469
2026-07-03 19:00:00,0.3477883540009118,0.025586620619975683,0.3222017333809361,0.2813167076590101,0.0,0.3057790300641414
2026-07-03 20:00:00,0.3438343550475639,0.0,0.3438343550475639,0.3619193060024249,0.0,0.39339055000263573
2026-07-03 21:00:00,0.3514076563263105,0.0,0.3514076563263105,0.40848969615639774,0.0,0.44401053930043227
2026-07-03 22:00:00,0.3291805517200264,0.0,0.3291805517200264,0.45147774860621886,0.0,0.4907366832676292
2026-07-03 23:00:00,0.2803143996952944,0.0,0.2803143996952944,0.46222476171867427,0.0,0.5024182192594285
2026-07-04 00:00:00,0.23960267953284609,0.0,0.23960267953284609,0.480136450239433,0.0,0.5218874459124272
2026-07-04 01:00:00,0.21153404700666725,0.0,0.21153404700666725,0.5356626846537851,0.0,0.5822420485367229
2026-07-04 02:00:00,0.19632700805811537,0.0,0.19632700805811537,0.6073094387368203,0.0,0.6601189551487178
2026-07-04 03:00:00,0.18886760887931556,0.0,0.18886760887931556,0.659253335447021,0.0,0.716579712442414
2026-07-04 04:00:00,0.1806364672696321,0.013455584495974358,0.16718088277365772,0.6897032059323109,0.0,0.7496773977525119
2026-07-04 05:00:00,0.15945074878167012,0.10452970358956863,0.05492104519210149,0.5553655420266199,0.0,0.6036581978550216
2026-07-04 06:00:00,0.1632676152063649,0.23184163917707348,-0.06857402397070858,0.3332606043692108,0.0,0.3622397873578378
2026-07-04 07:00:00,0.19709874156886376,0.354503953238135,-0.15740521166927124,0.21325229128012682,0.0,0.23179596878274655
2026-07-04 08:00:00,0.22329612891029896,0.4643409851319542,-0.24104485622165525,0.1559348880136986,0.0,0.16949444349315065
2026-07-04 09:00:00,0.22365410395655036,0.545065357291442,-0.3214112533348916,0.1559348880136986,0.0,0.16949444349315065
2026-07-04 10:00:00,0.22564854493774386,0.6083787694717531,-0.3827302245340092,0.1559348880136986,0.0,0.16949444349315065
2026-07-04 11:00:00,0.22873783719957075,0.6147183320245069,-0.3859804948249361,0.1559348880136986,0.0,0.16949444349315065
2026-07-04 12:00:00,0.2171686796825028,0.6516412597453,-0.43447258006279715,0.1559348880136986,0.0,0.16949444349315065
2026-07-04 13:00:00,0.20587381529957968,0.5813945219489369,-0.3755207066493572,0.1559348880136986,0.0,0.16949444349315065
2026-07-04 14:00:00,0.20220804041628165,0.5638008656425917,-0.36159282522631003,0.1559348880136986,0.0,0.16949444349315065
2026-07-04 15:00:00,0.21864475225507207,0.45486818056825745,-0.23622342831318538,0.1559348880136986,0.0,0.16949444349315065
2026-07-04 16:00:00,0.2797867180553294,0.3488403670959055,-0.06905364904057609,0.1559348880136986,0.0,0.16949444349315065
2026-07-04 17:00:00,0.3082737672524183,0.14972877493110368,0.1585449923213146,0.1559348880136986,0.0,0.16949444349315065
2026-07-04 18:00:00,0.3124904574391034,0.05354829349314439,0.25894216394595904,0.1559348880136986,0.0,0.16949444349315065
2026-07-04 19:00:00,0.33041254507446444,0.002101007762439988,0.32831153731202445,0.1559348880136986,0.0,0.16949444349315065
2026-07-04 20:00:00,0.3508427932430892,0.0,0.3508427932430892,0.1559348880136986,0.0,0.16949444349315065
2026-07-04 21:00:00,0.3538344571851526,0.0,0.3538344571851526,0.1559348880136986,0.0,0.16949444349315065
2026-07-04 22:00:00,0.3266398462765064,0.0,0.3266398462765064,0.1559348880136986,0.0,0.16949444349315065
2026-07-04 23:00:00,0.28016098085531355,0.0,0.28016098085531355,0.1559348880136986,0.0,0.16949444349315065
2026-07-05 00:00:00,0.24220149752886252,0.0,0.24220149752886252,0.1559348880136986,0.0,0.16949444349315065
2026-07-05 01:00:00,0.21694089070985725,0.0,0.21694089070985725,0.1559348880136986,0.0,0.16949444349315065
2026-07-05 02:00:00,0.19986725865814003,0.0,0.19986725865814003,0.1559348880136986,0.0,0.16949444349315065
2026-07-05 03:00:00,0.19110147683829642,0.0,0.19110147683829642,0.1559348880136986,0.0,0.16949444349315065
2026-07-05 04:00:00,0.18453701937603606,0.0,0.18453701937603606,0.1559348880136986,0.0,0.16949444349315065
2026-07-05 05:00:00,0.15525265749907768,0.004101532544937194,0.1511511249541405,0.1559348880136986,0.0,0.16949444349315065
2026-07-05 06:00:00,0.14731905252558514,0.1518115130608268,-0.00449246053524166,0.1559348880136986,0.0,0.16949444349315065
2026-07-05 07:00:00,0.17987866413805137,0.29751183397786074,-0.11763316983980937,0.1559348880136986,0.0,0.16949444349315065
2026-07-05 08:00:00,0.21036712360940305,0.43479898902877634,-0.2244318654193733,0.1559348880136986,0.0,0.16949444349315065
2026-07-05 09:00:00,0.2220153134782148,0.532249209940558,-0.31023389646234323,0.1559348880136986,0.0,0.16949444349315065
2026-07-05 10:00:00,0.22672247400385426,0.5985953811518694,-0.37187290714801513,0.1559348880136986,0.0,0.16949444349315065
2026-07-05 11:00:00,0.238059179548993,0.6426800048976755,-0.4046208253486825,0.1559348880136986,0.0,0.16949444349315065
2026-07-05 12:00:00,0.2298722051265251,0.62882248848193,-0.39895028335540494,0.1559348880136986,0.0,0.16949444349315065
2026-07-05 13:00:00,0.2227335912399825,0.5565295518212775,-0.333795960581295,0.1559348880136986,0.0,0.16949444349315065
2026-07-05 14:00:00,0.22963278007049315,0.546325961948906,-0.3166931818784129,0.1559348880136986,0.0,0.16949444349315065
2026-07-05 15:00:00,0.2463623848267603,0.4620116069605533,-0.21564922213379303,0.1559348880136986,0.0,0.16949444349315065
2026-07-05 16:00:00,0.30942440911623986,0.36395848816911497,-0.054534079052875106,0.1559348880136986,0.0,0.16949444349315065
2026-07-05 17:00:00,0.33239535996551145,0.24447509020078867,0.08792026976472278,0.1559348880136986,0.0,0.16949444349315065
2026-07-05 18:00:00,0.3345223011624399,0.11643236930460907,0.21808993185783085,0.1559348880136986,0.0,0.16949444349315065
2026-07-05 19:00:00,0.3594528284203868,0.0213297961969451,0.3381230322234417,0.1559348880136986,0.0,0.16949444349315065
2026-07-05 20:00:00,0.37834424131265415,0.0,0.37834424131265415,0.1559348880136986,0.0,0.16949444349315065
2026-07-05 21:00:00,0.36518510905156837,0.0,0.36518510905156837,0.1559348880136986,0.0,0.16949444349315065
2026-07-05 22:00:00,0.3135388264119062,0.0,0.3135388264119062,0.17922008309068518,0.0,0.19480443814204912
2026-07-05 23:00:00,0.2577920821237947,0.0,0.2577920821237947,0.21862579783635433,0.0,0.237636736778646
2026-07-06 00:00:00,0.21948856900775948,0.0,0.21948856900775948,0.222208135540506,0.0,0.24153058210924566
2026-07-06 01:00:00,0.19862596220455045,0.0,0.19862596220455045,0.2007141093155956,0.0,0.2181675101256474
2026-07-06 02:00:00,0.18838178293109525,0.0,0.18838178293109525,0.1559348880136986,0.0,0.16949444349315065
2026-07-06 03:00:00,0.18423948029328172,0.0,0.18423948029328172,0.1559348880136986,0.0,0.16949444349315065
2026-07-06 04:00:00,0.1837071639002636,0.007591032393859261,0.17611613150640434,0.1559348880136986,0.0,0.16949444349315065
2026-07-06 05:00:00,0.17444625598735738,0.07217418404799282,0.10227207193936456,0.1559348880136986,0.0,0.16949444349315065
2026-07-06 06:00:00,0.19648971237089313,0.17397257754638942,0.02251713482450371,0.1559348880136986,0.0,0.16949444349315065
2026-07-06 07:00:00,0.2009923145367052,0.31615599416542606,-0.11516367962872084,0.1559348880136986,0.0,0.16949444349315065
2026-07-06 08:00:00,0.2019058512692426,0.3544126050745507,-0.1525067538053081,0.1559348880136986,0.0,0.16949444349315065
2026-07-06 09:00:00,0.1973474580810103,0.38814748188625015,-0.19080002380523983,0.1559348880136986,0.0,0.16949444349315065
2026-07-06 10:00:00,0.19473236782975742,0.2330839742018206,-0.03835160637206317,0.1559348880136986,0.0,0.16949444349315065
2026-07-06 11:00:00,0.1952577100193549,0.1083115175619606,0.08694619245739431,0.1559348880136986,0.0,0.16949444349315065
2026-07-06 12:00:00,0.18582014146564857,0.1263527798698692,0.05946736159577937,0.1559348880136986,0.0,0.16949444349315065
2026-07-06 13:00:00,0.18460209094244448,0.10169791051845385,0.08290418042399063,0.1559348880136986,0.0,0.16949444349315065
2026-07-06 14:00:00,0.1884073374756321,0.14310603307123848,0.045301304404393616,0.1559348880136986,0.0,0.16949444349315065
2026-07-06 15:00:00,0.2258438014656586,0.16943257381624738,0.05641122764941123,0.1559348880136986,0.0,0.16949444349315065
2026-07-06 16:00:00,0.3313981265813996,0.07507905564997505,0.2563190709314246,0.1559348880136986,0.0,0.16949444349315065
2026-07-06 17:00:00,0.34904591637991483,0.033004091503024684,0.31604182487689014,0.1559348880136986,0.0,0.16949444349315065
2026-07-06 18:00:00,0.35487117661772793,0.018991283209185805,0.33587989340854213,0.1559348880136986,0.0,0.16949444349315065
2026-07-06 19:00:00,0.3842438683288889,0.006330427736395268,0.37791344059249365,0.19892294046351977,0.0,0.21622058746034756
2026-07-06 20:00:00,0.3755176223231828,0.0,0.3755176223231828,0.2616138502861755,0.0,0.2843628807458429
2026-07-06 21:00:00,0.37136369776857264,0.0,0.37136369776857264,0.3189312535526037,0.0,0.3466644060354388
2026-07-06 22:00:00,0.3276719346450273,0.0,0.3276719346450273,0.3601281371503491,0.0,0.3914436273373359
2026-07-06 23:00:00,0.2663765508925602,0.0,0.2663765508925602,0.3780398256711078,0.0,0.41091285399033456
2026-07-07 00:00:00,0.22573921532204733,0.0,0.22573921532204733,0.38162216337525945,0.0,0.41480669932093417
2026-07-07 01:00:00,0.20437451137364498,0.0,0.20437451137364498,0.3780398256711078,0.0,0.41091285399033456
2026-07-07 02:00:00,0.18998570482302618,0.0,0.18998570482302618,0.36908398141072823,0.0,0.40117824066383506
2026-07-07 03:00:00,0.18380944328897197,0.0,0.18380944328897197,0.390578007635639,0.0,0.42454131264743367
2026-07-07 04:00:00,0.18487872424408439,0.00010048297994278205,0.1847782412641416,0.4192367092688531,0.0,0.4556920752922316
2026-07-07 05:00:00,0.17433002955600227,0.046989495347788256,0.127340534208214,0.4156543715647011,0.0,0.4517982299616316
2026-07-07 06:00:00,0.19346783062358205,0.09588816731448936,0.09757966330909269,0.37266631911488024,0.0,0.40507208599443506
2026-07-07 07:00:00,0.19457662780306745,0.10288543664505037,0.09169119115801708,0.27056969454655505,0.0,0.2940974940723424
2026-07-07 08:00:00,0.19293318790979108,0.2942507045378996,-0.1013175166281085,0.21504346013220263,0.0,0.23374289144804633
2026-07-07 09:00:00,0.1839512249103382,0.3527866077627493,-0.1688353828524111,0.1559348880136986,0.0,0.16949444349315065
2026-07-07 10:00:00,0.17873731671791618,0.3949985941550762,-0.21626127743716003,0.1559348880136986,0.0,0.16949444349315065
2026-07-07 11:00:00,0.18431384950682939,0.5448369868824812,-0.3605231373756518,0.1559348880136986,0.0,0.16949444349315065
2026-07-07 12:00:00,0.17662432286437066,0.41778082615301243,-0.24115650328864177,0.1559348880136986,0.0,0.16949444349315065
2026-07-07 13:00:00,0.17270517519148623,0.41923326195400357,-0.24652808676251733,0.1559348880136986,0.0,0.16949444349315065
2026-07-07 14:00:00,0.18015295091433964,0.2833528686222869,-0.10319991770794729,0.1559348880136986,0.0,0.16949444349315065
2026-07-07 15:00:00,0.221989739686571,0.4124460933996865,-0.1904563537131155,0.1559348880136986,0.0,0.16949444349315065
2026-07-07 16:00:00,0.33892958595860373,0.25381087251910905,0.08511871343949468,0.1559348880136986,0.0,0.16949444349315065
2026-07-07 17:00:00,0.3664937969091676,0.22329145106557854,0.14320234584358907,0.16668190112615397,0.0,0.18117597948494996
2026-07-07 18:00:00,0.3764288143855738,0.058572442490283504,0.3178563718952903,0.24011982406126506,0.0,0.2609998087622446
2026-07-07 19:00:00,0.40179635097636995,0.020105730804914845,0.3816906201714551,0.26698735684240305,0.0,0.2902036487417424
2026-07-07 20:00:00,0.3811848134822739,0.0,0.3811848134822739,0.37445748796695605,0.0,0.40701900865973484
2026-07-07 21:00:00,0.3736324336468774,0.0,0.3736324336468774,0.3923691764877148,0.0,0.42648823531273344
2026-07-07 22:00:00,0.3337552157248812,0.0,0.3337552157248812,0.43177489123338403,0.0,0.46932053394933043
2026-07-07 23:00:00,0.2712719994070743,0.0,0.2712719994070743,0.4890922944998122,0.0,0.5316220592389262
2026-07-08 00:00:00,0.2279986529734762,0.0,0.2279986529734762,0.521333333837178,0.0,0.5666666672143239
2026-07-08 01:00:00,0.20529269838610237,0.0,0.20529269838610237,0.5464096977662404,0.0,0.5939235845285221
2026-07-08 02:00:00,0.19262636484169293,0.0,0.19262636484169293,0.553574373174544,0.0,0.6017112751897218
2026-07-08 03:00:00,0.1878029762829258,0.0,0.1878029762829258,0.5482008666183162,0.0,0.595870507193822
2026-07-08 04:00:00,0.187707670504977,0.0,0.187707670504977,0.5589478797307716,0.0,0.6075520431856214
2026-07-08 05:00:00,0.18026686571810951,0.04852414449600529,0.13174272122210423,0.5338715158017092,0.0,0.580295125871423
2026-07-08 06:00:00,0.2027101405607413,0.11180101741088266,0.09090912314985863,0.48192761909150883,0.0,0.5238343685777269
2026-07-08 07:00:00,0.21364702664017116,0.28020135697862697,-0.06655433033845581,0.40848969615639774,0.0,0.44401053930043227
2026-07-08 08:00:00,0.216171458661322,0.31302275215448294,-0.09685129349316093,0.3314694355171349,0.0,0.36029286469253796
2026-07-08 09:00:00,0.20638288566297885,0.43990535137314135,-0.2335224657101625,0.2848990453631621,0.0,0.3096728753947414
2026-07-08 10:00:00,0.20357950830227764,0.39698998412121494,-0.1934104758189373,0.18101125194276102,0.0,0.19675136080734892
2026-07-08 11:00:00,0.20530662954232456,0.5645316509512663,-0.35922502140894175,0.1559348880136986,0.0,0.16949444349315065
2026-07-08 12:00:00,0.19330975964567576,0.35801172271977394,-0.16470196307409818,0.1559348880136986,0.0,0.16949444349315065
2026-07-08 13:00:00,0.18568532027310966,0.3986707903311669,-0.21298547005805726,0.1559348880136986,0.0,0.16949444349315065
2026-07-08 14:00:00,0.18810747400606412,0.24749871441543062,-0.0593912404093665,0.1559348880136986,0.0,0.16949444349315065
2026-07-08 15:00:00,0.2254160893334652,0.25117091059152136,-0.025754821258056143,0.1559348880136986,0.0,0.16949444349315065
2026-07-08 16:00:00,0.3253171714807291,0.2164677432458278,0.10884942823490129,0.16668190112615397,0.0,0.18117597948494996
2026-07-08 17:00:00,0.3470398532186951,0.18445934672587253,0.1625805064928226,0.19713177161144393,0.0,0.21427366479504772
2026-07-08 18:00:00,0.3473002012433617,0.033195922646551815,0.3141042785968099,0.256240343729948,0.0,0.2785221127499435
2026-07-08 19:00:00,0.37821870103356475,0.010267533586880637,0.3679511674466841,0.3493811240378937,0.0,0.3797620913455366
2026-07-08 20:00:00,0.37072677792093306,0.0,0.37072677792093306,0.4120720338605494,0.0,0.44790438463103194
2026-07-08 21:00:00,0.36612422047045934,0.0,0.36612422047045934,0.4299837223813081,0.0,0.46737361128403054
2026-07-08 22:00:00,0.3310053036084882,0.0,0.3310053036084882,0.4604335928665981,0.0,0.5004712965941284
2026-07-08 23:00:00,0.270937268495884,0.0,0.270937268495884,0.48192761909150883,0.0,0.5238343685777269
2026-07-09 00:00:00,0.23010234838802118,0.0,0.23010234838802118,0.521333333837178,0.0,0.5666666672143239
2026-07-09 01:00:00,0.20500445808217096,0.0,0.20500445808217096,0.5625302174349233,0.0,0.611445888516221
2026-07-09 02:00:00,0.19161287249381845,0.0,0.19161287249381845,0.5696948928432269,0.0,0.6192335791774205
2026-07-09 03:00:00,0.18514604494534145,0.0,0.18514604494534145,0.5786507371036063,0.0,0.6289681925039198
2026-07-09 04:00:00,0.18459280785995785,0.0,0.18459280785995785,0.5410361912100129,0.0,0.5880828165326226
2026-07-09 05:00:00,0.1750947980681499,0.10168877570209542,0.07340602236605448,0.49804813876019166,0.0,0.5413566725654257
2026-07-09 06:00:00,0.1926217032834887,0.21641293434767722,-0.02379123106418851,0.3941603453397906,0.0,0.4284351579780333
2026-07-09 07:00:00,0.1951972751102511,0.27289350389187916,-0.07769622878162807,0.30818424044014836,0.0,0.33498287004363947
2026-07-09 08:00:00,0.1960131829617103,0.37819966687191475,-0.18218648391020445,0.21504346013220263,0.0,0.23374289144804633
2026-07-09 09:00:00,0.18664534911344555,0.50690922936226,-0.32026388024881447,0.1559348880136986,0.0,0.16949444349315065
2026-07-09 10:00:00,0.18273084981982085,0.5967410134311072,-0.41401016361128634,0.1559348880136986,0.0,0.16949444349315065
2026-07-09 11:00:00,0.1880702816593752,0.633846637479069,-0.44577635581969377,0.1559348880136986,0.0,0.16949444349315065
2026-07-09 12:00:00,0.1783607429957825,0.6525730110138603,-0.4742122680180778,0.1559348880136986,0.0,0.16949444349315065
2026-07-09 13:00:00,0.17434396513487876,0.6142707260229434,-0.43992676088806465,0.1559348880136986,0.0,0.16949444349315065
2026-07-09 14:00:00,0.17578981941528193,0.540927285481071,-0.3651374660657891,0.1559348880136986,0.0,0.16949444349315065
2026-07-09 15:00:00,0.20744984082059276,0.4109753879659785,-0.20352554714538573,0.1559348880136986,0.0,0.16949444349315065
2026-07-09 16:00:00,0.2972555136482597,0.3069846385415576,-0.009729124893297914,0.1559348880136986,0.0,0.16949444349315065
2026-07-09 17:00:00,0.318401712210669,0.18187419369643548,0.1365275185142335,0.1559348880136986,0.0,0.16949444349315065
2026-07-09 18:00:00,0.32160258388990154,0.10639320612668932,0.21520937776321222,0.1559348880136986,0.0,0.16949444349315065
2026-07-09 19:00:00,0.35035927607684014,0.0189364743110352,0.33142280176580496,0.16489073227407813,0.0,0.17922905681965012
2026-07-09 20:00:00,0.3589809556877186,0.0,0.3589809556877186,0.28848138306731375,0.0,0.313566720725341
2026-07-09 21:00:00,0.3608080327726727,0.0,0.3608080327726727,0.43893956664168765,0.0,0.47710822461053004
2026-07-09 22:00:00,0.32506614364217473,0.0,0.32506614364217473,0.6198476207013515,0.0,0.6737474138058168
2026-07-09 23:00:00,0.2720553647632732,0.0,0.2720553647632732,0.5482008666183162,0.0,0.595870507193822
2026-07-10 00:00:00,0.23269651767832122,0.0,0.23269651767832122,0.6789561928198556,0.0,0.7379958617607126
2026-07-10 01:00:00,0.2080542336043469,0.0,0.2080542336043469,0.7667234665715736,0.0,0.8333950723604061
2026-07-10 02:00:00,0.19245202562142563,0.0,0.19245202562142563,0.6395504780741861,0.0,0.6951635631241152
2026-07-10 03:00:00,0.18586664772298572,0.0,0.18586664772298572,0.5517832043224683,0.0,0.5997643525244221
2026-07-10 04:00:00,0.1826681013653983,0.00045674081792173655,0.18221136054747655,0.5070039830205713,0.0,0.5510912858919252
2026-07-10 05:00:00,0.16901384173051795,0.0346118191821092,0.13440202254840874,0.4550600863103706,0.0,0.49463052859822887
2026-07-10 06:00:00,0.19595739564948952,0.10996491932283729,0.08599247632665223,0.3941603453397906,0.0,0.4284351579780333
2026-07-10 07:00:00,0.21342851940699414,0.10988270597561138,0.10354581343138276,0.31714008470052785,0.0,0.34471748337013897
2026-07-10 08:00:00,0.2190747880368447,0.12126468715822106,0.09781010087862363,0.2007141093155956,0.0,0.2181675101256474
2026-07-10 09:00:00,0.21182459582329646,0.15671690944530622,0.05510768637799024,0.1559348880136986,0.0,0.16949444349315065
2026-07-10 10:00:00,0.21250103268090556,0.08812357340981986,0.1243774592710857,0.1559348880136986,0.0,0.16949444349315065
2026-07-10 11:00:00,0.2181844954158555,0.09037987305035322,0.12780462236550227,0.1559348880136986,0.0,0.16949444349315065
2026-07-10 12:00:00,0.20893986257799815,0.16490170490246378,0.04403815767553437,0.1559348880136986,0.0,0.16949444349315065
2026-07-10 13:00:00,0.20018337907890651,0.08088879885393954,0.11929458022496697,0.1559348880136986,0.0,0.16949444349315065
2026-07-10 14:00:00,0.2019221235148553,0.11698045828611517,0.08494166522874014,0.1559348880136986,0.0,0.16949444349315065
2026-07-10 15:00:00,0.23170625358864894,0.14760949753594682,0.08409675605270212,0.1559348880136986,0.0,0.16949444349315065
2026-07-10 16:00:00,0.318573727667049,0.07744497308680964,0.24112875458023936,0.1559348880136986,0.0,0.16949444349315065
2026-07-10 17:00:00,0.3416818262810405,0.09429870926812173,0.24738311701291876,0.1559348880136986,0.0,0.16949444349315065
2026-07-10 18:00:00,0.33902954547535463,0.05903831812456366,0.27999122735079096,0.1559348880136986,0.0,0.16949444349315065
2026-07-10 19:00:00,0.3639182289297274,0.00042933636884643234,0.36348889256088096,0.1559348880136986,0.0,0.16949444349315065
2026-07-10 20:00:00,0.3523560612922385,0.0,0.3523560612922385,0.1559348880136986,0.0,0.16949444349315065
2026-07-10 21:00:00,0.353018551226914,0.0,0.353018551226914,0.1559348880136986,0.0,0.16949444349315065
2026-07-10 22:00:00,0.3288992843786257,0.0,0.3288992843786257,0.1559348880136986,0.0,0.16949444349315065
2026-07-10 23:00:00,0.28042830155179344,0.0,0.28042830155179344,0.1559348880136986,0.0,0.16949444349315065
2026-07-11 00:00:00,0.240037366053806,0.0,0.240037366053806,0.1559348880136986,0.0,0.16949444349315065
2026-07-11 01:00:00,0.21298455052494036,0.0,0.21298455052494036,0.1559348880136986,0.0,0.16949444349315065
2026-07-11 02:00:00,0.1977496170826872,0.0,0.1977496170826872,0.1559348880136986,0.0,0.16949444349315065
2026-07-11 03:00:00,0.19030648944651735,0.0,0.19030648944651735,0.1559348880136986,0.0,0.16949444349315065
2026-07-11 04:00:00,0.18350260605841043,0.0,0.18350260605841043,0.1559348880136986,0.0,0.16949444349315065
2026-07-11 05:00:00,0.16146843620146015,0.005736664673097011,0.15573177152836315,0.1559348880136986,0.0,0.16949444349315065
2026-07-11 06:00:00,0.1611081318173295,0.02436255522794543,0.13674557658938408,0.1559348880136986,0.0,0.16949444349315065
2026-07-11 07:00:00,0.193818837109489,0.05250692442828283,0.14131191268120616,0.1559348880136986,0.0,0.16949444349315065
2026-07-11 08:00:00,0.22156900700905227,0.11260488125042492,0.10896412575862735,0.1559348880136986,0.0,0.16949444349315065
2026-07-11 09:00:00,0.22470943762301146,0.11689824493888926,0.1078111926841222,0.1559348880136986,0.0,0.16949444349315065
2026-07-11 10:00:00,0.22717808135417575,0.3046461255537983,-0.07746804419962253,0.1559348880136986,0.0,0.16949444349315065
2026-07-11 11:00:00,0.22836126411433383,0.2727382120137858,-0.04437694789945196,0.1559348880136986,0.0,0.16949444349315065
2026-07-11 12:00:00,0.21444433647304265,0.14131560906498528,0.07312872740805737,0.1559348880136986,0.0,0.16949444349315065
2026-07-11 13:00:00,0.20635731594093934,0.15112640183394419,0.055230914106995155,0.1559348880136986,0.0,0.16949444349315065
2026-07-11 14:00:00,0.2016222602454057,0.26295482369390216,-0.06133256344849647,0.1559348880136986,0.0,0.16949444349315065
2026-07-11 15:00:00,0.21974657738872688,0.42456799470732937,-0.20482141731860248,0.1559348880136986,0.0,0.16949444349315065
2026-07-11 16:00:00,0.28172304805867177,0.3290543548635359,-0.04733130680486414,0.1559348880136986,0.0,0.16949444349315065
2026-07-11 17:00:00,0.30244850975186177,0.21982022084937336,0.08262828890248841,0.1559348880136986,0.0,0.16949444349315065
2026-07-11 18:00:00,0.3002448628056717,0.09929545381618553,0.20094940898948616,0.1559348880136986,0.0,0.16949444349315065
2026-07-11 19:00:00,0.321914082553759,0.01636959091431504,0.3055444916394439,0.1559348880136986,0.0,0.16949444349315065
2026-07-11 20:00:00,0.3488994906346697,0.0,0.3488994906346697,0.1559348880136986,0.0,0.16949444349315065
2026-07-11 21:00:00,0.3554035110545275,0.0,0.3554035110545275,0.1559348880136986,0.0,0.16949444349315065
2026-07-11 22:00:00,0.3281182437910437,0.0,0.3281182437910437,0.1559348880136986,0.0,0.16949444349315065
2026-07-11 23:00:00,0.27796198064339767,0.0,0.27796198064339767,0.20608761587182314,0.0,0.2240082781215469
2026-07-12 00:00:00,0.2421015428637102,0.0,0.2421015428637102,0.2007141093155956,0.0,0.2181675101256474
2026-07-12 01:00:00,0.21699667899323066,0.0,0.21699667899323066,0.1595172257178503,0.0,0.17338828882375032
2026-07-12 02:00:00,0.20064364993224706,0.0,0.20064364993224706,0.1559348880136986,0.0,0.16949444349315065
2026-07-12 03:00:00,0.19058543235282405,0.0,0.19058543235282405,0.1559348880136986,0.0,0.16949444349315065
2026-07-12 04:00:00,0.1825937168038213,0.0,0.1825937168038213,0.1559348880136986,0.0,0.16949444349315065
2026-07-12 05:00:00,0.15559668741725463,0.04606687889558635,0.10952980852166828,0.1559348880136986,0.0,0.16949444349315065
2026-07-12 06:00:00,0.14790483319516484,0.11326258802823222,0.03464224516693262,0.1559348880136986,0.0,0.16949444349315065
2026-07-12 07:00:00,0.179513713805929,0.2746199841836233,-0.09510627037769431,0.1559348880136986,0.0,0.16949444349315065
2026-07-12 08:00:00,0.20689893344519777,0.21073107857273082,-0.0038321451275330487,0.1559348880136986,0.0,0.16949444349315065
2026-07-12 09:00:00,0.21797529048018152,0.3436791958533899,-0.12570390537320839,0.1559348880136986,0.0,0.16949444349315065
2026-07-12 10:00:00,0.22585310203144854,0.0869817213650155,0.13887138066643304,0.1559348880136986,0.0,0.16949444349315065
2026-07-12 11:00:00,0.23253843413273909,0.10623791424859592,0.12630051988414315,0.1559348880136986,0.0,0.16949444349315065
2026-07-12 12:00:00,0.2277685105558177,0.1262705665226433,0.10149794403317441,0.1559348880136986,0.0,0.16949444349315065
2026-07-12 13:00:00,0.21917706928653255,0.14336180792927466,0.07581526135725788,0.1559348880136986,0.0,0.16949444349315065
2026-07-12 14:00:00,0.22199671760801196,0.18712671310253545,0.034870004505476504,0.1559348880136986,0.0,0.16949444349315065
2026-07-12 15:00:00,0.24032326988949165,0.17320525297228093,0.06711801691721073,0.1559348880136986,0.0,0.16949444349315065
2026-07-12 16:00:00,0.29915465951206854,0.12659028509518852,0.17256437441688002,0.1559348880136986,0.0,0.16949444349315065
2026-07-12 17:00:00,0.31911070205655107,0.07770988276120425,0.24140081929534682,0.1559348880136986,0.0,0.16949444349315065
2026-07-12 18:00:00,0.3176439287468299,0.052013644344927355,0.26563028440190256,0.1559348880136986,0.0,0.16949444349315065
2026-07-12 19:00:00,0.34907382641347645,0.0030692982964340694,0.3460045281170424,0.1559348880136986,0.0,0.16949444349315065
2026-07-12 20:00:00,0.37572217760079457,0.0,0.37572217760079457,0.1559348880136986,0.0,0.16949444349315065
2026-07-12 21:00:00,0.36554773448230865,0.0,0.36554773448230865,0.1559348880136986,0.0,0.16949444349315065
2026-07-12 22:00:00,0.31280195121735477,0.0,0.31280195121735477,0.1559348880136986,0.0,0.16949444349315065
2026-07-12 23:00:00,0.2554791794457963,0.0,0.2554791794457963,0.1559348880136986,0.0,0.16949444349315065
2026-07-13 00:00:00,0.21912826711163866,0.0,0.21912826711163866,0.1559348880136986,0.0,0.16949444349315065
2026-07-13 01:00:00,0.19964642812616643,0.0,0.19964642812616643,0.1559348880136986,0.0,0.16949444349315065
2026-07-13 02:00:00,0.18943014326607688,0.0,0.18943014326607688,0.16130839456992613,0.0,0.17533521148905015
2026-07-13 03:00:00,0.18509722964582628,0.0,0.18509722964582628,0.1881759273510644,0.0,0.20453905146854826
2026-07-13 04:00:00,0.18700101497972135,0.0,0.18700101497972135,0.18101125194276102,0.0,0.19675136080734892
2026-07-13 05:00:00,0.17483677632525052,0.0046496215264432775,0.17018715479880725,0.1559348880136986,0.0,0.16949444349315065
2026-07-13 06:00:00,0.19396295450920525,0.09261790305816973,0.10134505145103552,0.1559348880136986,0.0,0.16949444349315065
2026-07-13 07:00:00,0.19796810858811253,0.16423486330829803,0.0337332452798145,0.1559348880136986,0.0,0.16949444349315065
2026-07-13 08:00:00,0.19837489886537535,0.19923034477746146,-0.0008554459120861113,0.1559348880136986,0.0,0.16949444349315065
2026-07-13 09:00:00,0.19147803379712494,0.2596571549885072,-0.06817912119138228,0.1559348880136986,0.0,0.16949444349315065
2026-07-13 10:00:00,0.1888792151841563,0.1930278044700843,-0.004148589285928012,0.1559348880136986,0.0,0.16949444349315065
2026-07-13 11:00:00,0.19195920939072675,0.36141900922147013,-0.16945979983074339,0.1559348880136986,0.0,0.16949444349315065
2026-07-13 12:00:00,0.18414880819512916,0.275158938348771,-0.09101013015364182,0.1559348880136986,0.0,0.16949444349315065
2026-07-13 13:00:00,0.1797926496888327,0.27186126964337604,-0.09206861995454332,0.1559348880136986,0.0,0.16949444349315065
2026-07-13 14:00:00,0.18335382060098862,0.29135496775227576,-0.10800114715128714,0.1559348880136986,0.0,0.16949444349315065
2026-07-13 15:00:00,0.2207042774694914,0.3045639122065724,-0.08385963473708102,0.1559348880136986,0.0,0.16949444349315065
2026-07-13 16:00:00,0.3265050022312075,0.1480296990884348,0.17847530314277268,0.1559348880136986,0.0,0.16949444349315065
2026-07-13 17:00:00,0.3533183911723995,0.04686160791877017,0.30645678325362935,0.1559348880136986,0.0,0.16949444349315065
2026-07-13 18:00:00,0.36294192418203497,0.03589982828864849,0.3270420958933865,0.1559348880136986,0.0,0.16949444349315065
2026-07-13 19:00:00,0.3920751898687895,0.0012332002083886887,0.3908419896604008,0.1720554076823815,0.0,0.18701674748084945
2026-07-13 20:00:00,0.3827097005330452,0.0,0.3827097005330452,0.2580315125820238,0.0,0.28046903541524326
2026-07-13 21:00:00,0.3787835793312128,0.0,0.3787835793312128,0.30818424044014836,0.0,0.33498287004363947
2026-07-13 22:00:00,0.3341224895809069,0.0,0.3341224895809069,0.3565457994461971,0.0,0.38754978200673595
2026-07-13 23:00:00,0.27120226304743045,0.0,0.27120226304743045,0.3887868387835632,0.0,0.4225943899821339
2026-07-14 00:00:00,0.22933292964224666,0.0,0.22933292964224666,0.3780398256711078,0.0,0.41091285399033456
2026-07-14 01:00:00,0.20795195426179205,0.0,0.20795195426179205,0.390578007635639,0.0,0.42454131264743367
2026-07-14 02:00:00,0.19149664539746308,0.0,0.19149664539746308,0.37445748796695605,0.0,0.40701900865973484
2026-07-14 03:00:00,0.18676856247719642,0.0,0.18676856247719642,0.3225135912567554,0.0,0.35055825136603846
2026-07-14 04:00:00,0.18824463531513314,0.0,0.18824463531513314,0.30101956503184496,0.0,0.3271951793824402
2026-07-14 05:00:00,0.17399064888678317,0.04635005820269782,0.12764059068408534,0.24191099291334092,0.0,0.2629467314275445
2026-07-14 06:00:00,0.18922092483804287,0.16392427955211125,0.025296645285931618,0.1881759273510644,0.0,0.20453905146854826
2026-07-14 07:00:00,0.1894487266277632,0.20029911829139835,-0.010850391663635162,0.18280242079483686,0.0,0.19869828347264876
2026-07-14 08:00:00,0.18594566673047636,0.2711122147019844,-0.08516654797150802,0.1559348880136986,0.0,0.16949444349315065
2026-07-14 09:00:00,0.17851648603093165,0.24418277607731878,-0.06566629004638713,0.1559348880136986,0.0,0.16949444349315065
2026-07-14 10:00:00,0.17442997185806008,0.40070785437909795,-0.22627788252103787,0.1559348880136986,0.0,0.16949444349315065
2026-07-14 11:00:00,0.1819242377997092,0.1299336278823756,0.05199060991733359,0.1559348880136986,0.0,0.16949444349315065
2026-07-14 12:00:00,0.1761291989446466,0.2286718579006966,-0.05254265895605001,0.1559348880136986,0.0,0.16949444349315065
2026-07-14 13:00:00,0.17705900893322202,0.49192813053442713,-0.3148691216012051,0.1559348880136986,0.0,0.16949444349315065
2026-07-14 14:00:00,0.18227059277943977,0.4315287247724567,-0.2492581319930169,0.1559348880136986,0.0,0.16949444349315065
2026-07-14 15:00:00,0.21834023643165448,0.24375343970847232,-0.025413203276817842,0.1559348880136986,0.0,0.16949444349315065
2026-07-14 16:00:00,0.3293014060663545,0.17357978044297678,0.1557216256233777,0.1559348880136986,0.0,0.16949444349315065
2026-07-14 17:00:00,0.369041475383106,0.1013690571295502,0.2676724182535558,0.1559348880136986,0.0,0.16949444349315065
2026-07-14 18:00:00,0.3857803761792783,0.053785798718463694,0.3319945774608146,0.1559348880136986,0.0,0.16949444349315065
2026-07-14 19:00:00,0.41529486318071407,0.0012332002083886887,0.4140616629723254,0.21146112242805098,0.0,0.22984904611744672
2026-07-14 20:00:00,0.3971589440429765,0.0,0.3971589440429765,0.24011982406126506,0.0,0.2609998087622446
2026-07-14 21:00:00,0.3847297117355398,0.0,0.3847297117355398,0.2598226814340997,0.0,0.2824159580805431
2026-07-14 22:00:00,0.3389365792781795,0.0,0.3389365792781795,0.2813167076590101,0.0,0.3057790300641414
2026-07-14 23:00:00,0.2765393713944278,0.0,0.2765393713944278,0.31355774699637623,0.0,0.34082363803953936
2026-07-15 00:00:00,0.2364529478760343,0.0,0.2364529478760343,0.32609592896090706,0.0,0.35445209669663813
2026-07-15 01:00:00,0.21362146889573896,0.0,0.21362146889573896,0.3565457994461971,0.0,0.38754978200673595
2026-07-15 02:00:00,0.1999834840023031,0.0,0.1999834840023031,0.38341333222733526,0.0,0.41675362198623395
2026-07-15 03:00:00,0.1943093197359331,0.0,0.1943093197359331,0.401325020748094,0.0,0.43622284863923255
2026-07-15 04:00:00,0.19578539261547886,0.0,0.19578539261547886,0.4264013846771565,0.0,0.46347976595343093
2026-07-15 05:00:00,0.1900182456505906,0.009354051951037164,0.18066419369955344,0.4174455404167773,0.0,0.4537451526269318
2026-07-15 06:00:00,0.2010248602144273,0.06334081662938643,0.13768404358504088,0.37087515026280404,0.0,0.40312516332913484
2026-07-15 07:00:00,0.20631315108167858,0.1198853298880974,0.08642782119358118,0.24191099291334092,0.0,0.2629467314275445
2026-07-15 08:00:00,0.20445817890214496,0.11413039558228352,0.09032778331986144,0.1559348880136986,0.0,0.16949444349315065
2026-07-15 09:00:00,0.19379790949784784,0.15298076955470644,0.0408171399431414,0.1559348880136986,0.0,0.16949444349315065
2026-07-15 10:00:00,0.19000196082937493,0.2280598252046815,-0.03805786437530656,0.1559348880136986,0.0,0.16949444349315065
2026-07-15 11:00:00,0.19351664121672274,0.28799335533237175,-0.09447671411564901,0.1559348880136986,0.0,0.16949444349315065
2026-07-15 12:00:00,0.18636640439094063,0.2079175551343329,-0.021551150743392283,0.1559348880136986,0.0,0.16949444349315065
2026-07-15 13:00:00,0.18581549234873537,0.2217750715500784,-0.03595957920134302,0.1559348880136986,0.0,0.16949444349315065
2026-07-15 14:00:00,0.18734735346662854,0.3269807515501712,-0.13963339808354266,0.1559348880136986,0.0,0.16949444349315065
2026-07-15 15:00:00,0.2189353139539786,0.12980574045335752,0.08912957350062109,0.1559348880136986,0.0,0.16949444349315065
2026-07-15 16:00:00,0.3137666093837317,0.11508955129991917,0.19867705808381253,0.1559348880136986,0.0,0.16949444349315065
2026-07-15 17:00:00,0.338141573942573,0.07799306206831573,0.26014851187425725,0.1559348880136986,0.0,0.16949444349315065
2026-07-15 18:00:00,0.3438808259689041,0.033707472362624155,0.31017335360627996,0.1559348880136986,0.0,0.16949444349315065
2026-07-15 19:00:00,0.37666824289445655,0.0012332002083886887,0.37543504268606787,0.17026423883030567,0.0,0.18506982481554962
2026-07-15 20:00:00,0.37397646270274826,0.0,0.37397646270274826,0.21504346013220263,0.0,0.23374289144804633
2026-07-15 21:00:00,0.3697365306887213,0.0,0.3697365306887213,0.2490756683216443,0.0,0.2707344220887438
2026-07-15 22:00:00,0.33457112312435994,0.0,0.33457112312435994,0.26698735684240305,0.0,0.2902036487417424
2026-07-15 23:00:00,0.27442637882382276,0.0,0.27442637882382276,0.30101956503184496,0.0,0.3271951793824402
2026-07-16 00:00:00,0.23407960896001193,0.0,0.23407960896001193,0.3189312535526037,0.0,0.3466644060354388
2026-07-16 01:00:00,0.20938153723662037,0.0,0.20938153723662037,0.3547546305941212,0.0,0.38560285934143607
2026-07-16 02:00:00,0.19722427430999417,0.0,0.19722427430999417,0.37445748796695605,0.0,0.40701900865973484
2026-07-16 03:00:00,0.19033903243258987,0.0,0.19033903243258987,0.3565457994461971,0.0,0.38754978200673595
2026-07-16 04:00:00,0.1894673354533033,0.0,0.1894673354533033,0.3529634617420453,0.0,0.3836559366761362
2026-07-16 05:00:00,0.17551786174526895,0.00579147357124762,0.16972638817402133,0.32967826666505906,0.0,0.35834594202723813
2026-07-16 06:00:00,0.19143619704707998,0.034620953998467624,0.15681524304861236,0.28848138306731375,0.0,0.313566720725341
2026-07-16 07:00:00,0.19766127145659904,0.08760288887738907,0.11005838257920997,0.21504346013220263,0.0,0.23374289144804633
2026-07-16 08:00:00,0.20249860592254026,0.14805710353751012,0.05444150238503015,0.1559348880136986,0.0,0.16949444349315065
2026-07-16 09:00:00,0.19685001104761538,0.1932379052463283,0.003612105801287069,0.1559348880136986,0.0,0.16949444349315065
2026-07-16 10:00:00,0.1935189673743949,0.22197603750996395,-0.028457070135569057,0.1559348880136986,0.0,0.16949444349315065
2026-07-16 11:00:00,0.19799367572283846,0.2841384628291123,-0.08614478710627385,0.1559348880136986,0.0,0.16949444349315065
2026-07-16 12:00:00,0.18850729161610424,0.38526087991698477,-0.19675358830088052,0.1559348880136986,0.0,0.16949444349315065
2026-07-16 13:00:00,0.18414880865958114,0.3667354723420792,-0.18258666368249807,0.1559348880136986,0.0,0.16949444349315065
2026-07-16 14:00:00,0.18750309731422277,0.3555179178539213,-0.16801482053969852,0.1559348880136986,0.0,0.16949444349315065
2026-07-16 15:00:00,0.21795436528072448,0.442755414076973,-0.22480104879624851,0.1559348880136986,0.0,0.16949444349315065
2026-07-16 16:00:00,0.3166885361790443,0.3465475281899384,-0.029858992010894092,0.1559348880136986,0.0,0.16949444349315065
2026-07-16 17:00:00,0.3409310015046238,0.23062670860140164,0.11030429290322216,0.1559348880136986,0.0,0.16949444349315065
2026-07-16 18:00:00,0.34270229026475857,0.10320515521759559,0.23949713504716297,0.1559348880136986,0.0,0.16949444349315065
2026-07-16 19:00:00,0.36807447550662137,0.014031077926555745,0.35404339758006564,0.1559348880136986,0.0,0.16949444349315065
2026-07-16 20:00:00,0.36097074861864253,0.0,0.36097074861864253,0.1559348880136986,0.0,0.16949444349315065
2026-07-16 21:00:00,0.35967598918995825,0.0,0.35967598918995825,0.1559348880136986,0.0,0.16949444349315065
2026-07-16 22:00:00,0.32375046226177856,0.0,0.32375046226177856,0.24549333061749262,0.0,0.26684057675814415
2026-07-16 23:00:00,0.26920317252557446,0.0,0.26920317252557446,0.3350517732212866,0.0,0.36418671002313757
2026-07-17 00:00:00,0.2344003933126493,0.0,0.2344003933126493,0.2813167076590101,0.0,0.3057790300641414
2026-07-17 01:00:00,0.20941175531169884,0.0,0.20941175531169884,0.1684730699782298,0.0,0.1831229021502498
2026-07-17 02:00:00,0.19528562036696057,0.0,0.19528562036696057,0.2007141093155956,0.0,0.2181675101256474
2026-07-17 03:00:00,0.18807262103091835,0.0,0.18807262103091835,0.24011982406126506,0.0,0.2609998087622446
2026-07-17 04:00:00,0.18614558978711687,0.00010048297994278205,0.1860451068071741,0.3959515141918665,0.0,0.43038208064333316
2026-07-17 05:00:00,0.1738651245486161,0.07076742232879386,0.10309770221982224,0.6055182698847443,0.0,0.6581720324834178
2026-07-17 06:00:00,0.1929006465542461,0.189218586048617,0.003682060505629109,0.2831078765110862,0.0,0.30772595272944153
2026-07-17 07:00:00,0.209360602100199,0.295730544787966,-0.08636994268776702,0.21504346013220263,0.0,0.23374289144804633
2026-07-17 08:00:00,0.22078098893049694,0.42231169506679606,-0.20153070613629911,0.1559348880136986,0.0,0.16949444349315065
2026-07-17 09:00:00,0.2139585096119002,0.5326054677785369,-0.3186469581666367,0.1559348880136986,0.0,0.16949444349315065
2026-07-17 10:00:00,0.21423745267203217,0.5917442688830434,-0.37750681621101123,0.1559348880136986,0.0,0.16949444349315065
2026-07-17 11:00:00,0.2176568279927592,0.6157779707220853,-0.3981211427293261,0.1559348880136986,0.0,0.16949444349315065
2026-07-17 12:00:00,0.20686638628719478,0.6054556282370539,-0.3985892419498591,0.1559348880136986,0.0,0.16949444349315065
2026-07-17 13:00:00,0.19924194645243173,0.5657831207923719,-0.36654117433994016,0.1559348880136986,0.0,0.16949444349315065
2026-07-17 14:00:00,0.20131542235448155,0.4961940897738162,-0.29487866741933466,0.1559348880136986,0.0,0.16949444349315065
2026-07-17 15:00:00,0.22461645437524302,0.31427422199558847,-0.08965776762034544,0.1559348880136986,0.0,0.16949444349315065
2026-07-17 16:00:00,0.3015047455506523,0.31810171004977267,-0.016596964499120348,0.1559348880136986,0.0,0.16949444349315065
2026-07-17 17:00:00,0.32582624475198135,0.20191598078684128,0.12391026396514007,0.1559348880136986,0.0,0.16949444349315065
2026-07-17 18:00:00,0.3274906057612563,0.09811706250594744,0.2293735432553089,0.1559348880136986,0.0,0.16949444349315065
2026-07-17 19:00:00,0.35970386566025353,0.012889225881751405,0.34681463977850213,0.1559348880136986,0.0,0.16949444349315065
2026-07-17 20:00:00,0.3527628533471475,0.0,0.3527628533471475,0.1559348880136986,0.0,0.16949444349315065
2026-07-17 21:00:00,0.3518283947372828,0.0,0.3518283947372828,0.1559348880136986,0.0,0.16949444349315065
2026-07-17 22:00:00,0.32239061584273737,0.0,0.32239061584273737,0.1559348880136986,0.0,0.16949444349315065
2026-07-17 23:00:00,0.27531202299314256,0.0,0.27531202299314256,0.1559348880136986,0.0,0.16949444349315065
2026-07-18 00:00:00,0.23790345224077145,0.0,0.23790345224077145,0.1559348880136986,0.0,0.16949444349315065
2026-07-18 01:00:00,0.2126288977023919,0.0,0.2126288977023919,0.1559348880136986,0.0,0.16949444349315065
2026-07-18 02:00:00,0.19790768429160724,0.0,0.19790768429160724,0.1559348880136986,0.0,0.16949444349315065
2026-07-18 03:00:00,0.19070863172602157,0.0,0.19070863172602157,0.1559348880136986,0.0,0.16949444349315065
2026-07-18 04:00:00,0.18640361221315935,0.002101007762439988,0.18430260445071936,0.1559348880136986,0.0,0.16949444349315065
2026-07-18 05:00:00,0.1659454704512153,0.04808567331080042,0.11785979714041488,0.1559348880136986,0.0,0.16949444349315065
2026-07-18 06:00:00,0.16200772301810365,0.05787819644704245,0.1041295265710612,0.1559348880136986,0.0,0.16949444349315065
2026-07-18 07:00:00,0.19016003560404451,0.25161851659308465,-0.06145848098904014,0.1559348880136986,0.0,0.16949444349315065
2026-07-18 08:00:00,0.21211051715618642,0.4166937830063587,-0.20458326585017225,0.1559348880136986,0.0,0.16949444349315065
2026-07-18 09:00:00,0.21598782184806492,0.49308825221194835,-0.27710043036388343,0.1559348880136986,0.0,0.16949444349315065
2026-07-18 10:00:00,0.2180752440875236,0.4913435022874873,-0.2732682581999637,0.1559348880136986,0.0,0.16949444349315065
2026-07-18 11:00:00,0.22257319895484093,0.4104364338008309,-0.18786323484598996,0.1559348880136986,0.0,0.16949444349315065
2026-07-18 12:00:00,0.2168688161217322,0.3738058202035076,-0.1569370040817754,0.1559348880136986,0.0,0.16949444349315065
2026-07-18 13:00:00,0.20804957107257227,0.25791240506404617,-0.0498628339914739,0.1559348880136986,0.0,0.16949444349315065
2026-07-18 14:00:00,0.202849610309575,0.18217564263626385,0.020673967673311144,0.1559348880136986,0.0,0.16949444349315065
2026-07-18 15:00:00,0.21913522895914703,0.12763165416005007,0.09150357479909696,0.1559348880136986,0.0,0.16949444349315065
2026-07-18 16:00:00,0.2801888634647489,0.08318163775990665,0.19700722570484225,0.1559348880136986,0.0,0.16949444349315065
2026-07-18 17:00:00,0.3081133762685112,0.050835253034689276,0.25727812323382193,0.1559348880136986,0.0,0.16949444349315065
2026-07-18 18:00:00,0.3057865301252994,0.006805438187033874,0.2989810919382655,0.1559348880136986,0.0,0.16949444349315065
2026-07-18 19:00:00,0.3236319078475566,0.0008038638395422564,0.32282804400801435,0.1559348880136986,0.0,0.16949444349315065
2026-07-18 20:00:00,0.34836950000289907,0.0,0.34836950000289907,0.1559348880136986,0.0,0.16949444349315065
2026-07-18 21:00:00,0.35090788074202867,0.0,0.35090788074202867,0.1559348880136986,0.0,0.16949444349315065
2026-07-18 22:00:00,0.3209889271899905,0.0,0.3209889271899905,0.1559348880136986,0.0,0.16949444349315065
2026-07-18 23:00:00,0.2720344431241633,0.0,0.2720344431241633,0.1559348880136986,0.0,0.16949444349315065
2026-07-19 00:00:00,0.23538599152176604,0.0,0.23538599152176604,0.1559348880136986,0.0,0.16949444349315065
2026-07-19 01:00:00,0.21166421942835678,0.0,0.21166421942835678,0.1559348880136986,0.0,0.16949444349315065
2026-07-19 02:00:00,0.19651064499403753,0.0,0.19651064499403753,0.1684730699782298,0.0,0.1831229021502498
2026-07-19 03:00:00,0.18888852930604597,0.0,0.18888852930604597,0.2204169666884302,0.0,0.23958365944394586
2026-07-19 04:00:00,0.1825449019332392,0.0,0.1825449019332392,0.3189312535526037,0.0,0.3466644060354388
2026-07-19 05:00:00,0.1608315168526525,0.06176049339937722,0.09907102345327529,0.2848990453631621,0.0,0.3096728753947414
2026-07-19 06:00:00,0.15031536545164553,0.186213231466692,-0.035897866015046465,0.1559348880136986,0.0,0.16949444349315065
2026-07-19 07:00:00,0.18039238451904716,0.2876370974943928,-0.10724471297534566,0.1559348880136986,0.0,0.16949444349315065
2026-07-19 08:00:00,0.20959305793737165,0.41593559324860857,-0.20634253531123692,0.1559348880136986,0.0,0.16949444349315065
2026-07-19 09:00:00,0.22092511318492414,0.3748654589010861,-0.15394034571616194,0.1559348880136986,0.0,0.16949444349315065
2026-07-19 10:00:00,0.22943984480010418,0.4270161254913899,-0.19757628069128572,0.1559348880136986,0.0,0.16949444349315065
2026-07-19 11:00:00,0.23457471929532342,0.356961218838554,-0.12238649954323055,0.1559348880136986,0.0,0.16949444349315065
2026-07-19 12:00:00,0.22345419427173224,0.4117883866218793,-0.18833419235014703,0.1559348880136986,0.0,0.16949444349315065
2026-07-19 13:00:00,0.20796821323668735,0.40765031481150826,-0.1996821015748209,0.1559348880136986,0.0,0.16949444349315065
2026-07-19 14:00:00,0.20078310814490152,0.35308805670257765,-0.15230494855767612,0.1559348880136986,0.0,0.16949444349315065
2026-07-19 15:00:00,0.21442341701484918,0.33057986919539445,-0.11615645218054527,0.1559348880136986,0.0,0.16949444349315065
2026-07-19 16:00:00,0.27997733051400253,0.12382243573858279,0.15615489477541974,0.1559348880136986,0.0,0.16949444349315065
2026-07-19 17:00:00,0.30259960375913864,0.04310719839545349,0.2594924053636851,0.1559348880136986,0.0,0.16949444349315065
2026-07-19 18:00:00,0.30635603773044007,0.010276668403239072,0.29607936932720097,0.1559348880136986,0.0,0.16949444349315065
2026-07-19 19:00:00,0.3444364000712484,8.221334722591257e-05,0.3443541867240225,0.1559348880136986,0.0,0.16949444349315065
2026-07-19 20:00:00,0.37312800895302817,0.0,0.37312800895302817,0.1559348880136986,0.0,0.16949444349315065
2026-07-19 21:00:00,0.36373228154274373,0.0,0.36373228154274373,0.1559348880136986,0.0,0.16949444349315065
2026-07-19 22:00:00,0.3128135745787628,0.0,0.3128135745787628,0.1559348880136986,0.0,0.16949444349315065
2026-07-19 23:00:00,0.2565717063106174,0.0,0.2565717063106174,0.1559348880136986,0.0,0.16949444349315065
2026-07-20 00:00:00,0.22085538928154233,0.0,0.22085538928154233,0.1559348880136986,0.0,0.16949444349315065
2026-07-20 01:00:00,0.20053207219805388,0.0,0.20053207219805388,0.1559348880136986,0.0,0.16949444349315065
2026-07-20 02:00:00,0.19069468472415854,0.0,0.19069468472415854,0.1559348880136986,0.0,0.16949444349315065
2026-07-20 03:00:00,0.18552029329686417,0.0,0.18552029329686417,0.1559348880136986,0.0,0.16949444349315065
2026-07-20 04:00:00,0.18739153528836028,0.0,0.18739153528836028,0.1559348880136986,0.0,0.16949444349315065
2026-07-20 05:00:00,0.1755457568757739,0.03439258358950676,0.14115317328626714,0.1559348880136986,0.0,0.16949444349315065
2026-07-20 06:00:00,0.18746358499279792,0.01936581067988163,0.16809777431291628,0.1559348880136986,0.0,0.16949444349315065
2026-07-20 07:00:00,0.19393738362954047,0.0529453956134877,0.14099198801605278,0.1559348880136986,0.0,0.16949444349315065
2026-07-20 08:00:00,0.19771938295821204,0.055082942641361425,0.1426364403168506,0.1559348880136986,0.0,0.16949444349315065
2026-07-20 09:00:00,0.19138505323291652,0.05511034709043673,0.13627470614247977,0.1559348880136986,0.0,0.16949444349315065
2026-07-20 10:00:00,0.18705678883575164,0.05817051057051237,0.12888627826523927,0.1559348880136986,0.0,0.16949444349315065
2026-07-20 11:00:00,0.19607361767288112,0.6203362440849443,-0.42426262641206314,0.1559348880136986,0.0,0.16949444349315065
2026-07-20 12:00:00,0.1872404259994074,0.4522282186406698,-0.2649877926412624,0.1559348880136986,0.0,0.16949444349315065
2026-07-20 13:00:00,0.1826541396867938,0.20277465352453414,-0.020120513837740328,0.1559348880136986,0.0,0.16949444349315065
2026-07-20 14:00:00,0.18337241754157754,0.05251605924464127,0.13085635829693626,0.1559348880136986,0.0,0.16949444349315065
2026-07-20 15:00:00,0.21848668209653865,0.3693754342696668,-0.15088875217312814,0.1559348880136986,0.0,0.16949444349315065
2026-07-20 16:00:00,0.32092614464602714,0.3426378267885283,-0.021711682142501132,0.1559348880136986,0.0,0.16949444349315065
2026-07-20 17:00:00,0.34931323620953314,0.21569128385536085,0.1336219523541723,0.1559348880136986,0.0,0.16949444349315065
2026-07-20 18:00:00,0.3619865456928772,0.0910558494608774,0.2709306962319998,0.1559348880136986,0.0,0.16949444349315065
2026-07-20 19:00:00,0.3863312915542489,0.0115464078770615,0.3747848836771874,0.1559348880136986,0.0,0.16949444349315065
2026-07-20 20:00:00,0.37171237550297453,0.0,0.37171237550297453,0.1559348880136986,0.0,0.16949444349315065
2026-07-20 21:00:00,0.363430095498736,0.0,0.363430095498736,0.1559348880136986,0.0,0.16949444349315065
2026-07-20 22:00:00,0.3186109381695618,0.0,0.3186109381695618,0.1559348880136986,0.0,0.16949444349315065
2026-07-20 23:00:00,0.262101749819227,0.0,0.262101749819227,0.1559348880136986,0.0,0.16949444349315065
2026-07-21 00:00:00,0.22462809247009938,0.0,0.22462809247009938,0.1559348880136986,0.0,0.16949444349315065
2026-07-21 01:00:00,0.20393285138107156,0.0,0.20393285138107156,0.1559348880136986,0.0,0.16949444349315065
2026-07-21 02:00:00,0.1888420384126031,0.0,0.1888420384126031,0.1559348880136986,0.0,0.16949444349315065
2026-07-21 03:00:00,0.1852552970412662,0.0,0.1852552970412662,0.1559348880136986,0.0,0.16949444349315065
2026-07-21 04:00:00,0.1877518362223717,0.0,0.1877518362223717,0.1559348880136986,0.0,0.16949444349315065
2026-07-21 05:00:00,0.17852114796601165,0.06666588978385667,0.11185525818215498,0.1559348880136986,0.0,0.16949444349315065
2026-07-21 06:00:00,0.19069234924303496,0.19289078222470776,-0.0021984329816727988,0.1559348880136986,0.0,0.16949444349315065
2026-07-21 07:00:00,0.19128742593713033,0.31800122706982986,-0.12671380113269953,0.1559348880136986,0.0,0.16949444349315065
2026-07-21 08:00:00,0.19301919527490194,0.4406178670490992,-0.24759867177419728,0.1559348880136986,0.0,0.16949444349315065
2026-07-21 09:00:00,0.1864431146964244,0.5215066659030387,-0.33506355120661435,0.1559348880136986,0.0,0.16949444349315065
2026-07-21 10:00:00,0.18379780536857138,0.5984492240901345,-0.4146514187215631,0.1559348880136986,0.0,0.16949444349315065
2026-07-21 11:00:00,0.18979972734807982,0.639117426517886,-0.44931769916980613,0.1559348880136986,0.0,0.16949444349315065
2026-07-21 12:00:00,0.1794114281240326,0.6099042838036116,-0.430492855679579,0.1559348880136986,0.0,0.16949444349315065
2026-07-21 13:00:00,0.18055509378157697,0.604889269622831,-0.424334175841254,0.1559348880136986,0.0,0.16949444349315065
2026-07-21 14:00:00,0.18236589779095788,0.5149844070231164,-0.3326185092321585,0.1559348880136986,0.0,0.16949444349315065
2026-07-21 15:00:00,0.210197427057397,0.42897097619209495,-0.21877354913469796,0.1559348880136986,0.0,0.16949444349315065
2026-07-21 16:00:00,0.30151636590088177,0.3555818615684303,-0.054065495667548535,0.1559348880136986,0.0,0.16949444349315065
2026-07-21 17:00:00,0.3316724219897788,0.2275300058558923,0.1041424161338865,0.1559348880136986,0.0,0.16949444349315065
2026-07-21 18:00:00,0.3452639175223435,0.09815360177138119,0.2471103157509623,0.1559348880136986,0.0,0.16949444349315065
2026-07-21 19:00:00,0.378444180142383,0.0016259973118013821,0.3768181828305816,0.1559348880136986,0.0,0.16949444349315065
2026-07-21 20:00:00,0.3742089150306318,0.0,0.3742089150306318,0.1559348880136986,0.0,0.16949444349315065
2026-07-21 21:00:00,0.3637067136560797,0.0,0.3637067136560797,0.1559348880136986,0.0,0.16949444349315065
2026-07-21 22:00:00,0.3198382874603498,0.0,0.3198382874603498,0.1559348880136986,0.0,0.16949444349315065
2026-07-21 23:00:00,0.26121378231718456,0.0,0.26121378231718456,0.1559348880136986,0.0,0.16949444349315065
2026-07-22 00:00:00,0.2255044386487267,0.0,0.2255044386487267,0.1559348880136986,0.0,0.16949444349315065
2026-07-22 01:00:00,0.20302396270717205,0.0,0.20302396270717205,0.1559348880136986,0.0,0.16949444349315065
2026-07-22 02:00:00,0.19128511406470272,0.0,0.19128511406470272,0.1559348880136986,0.0,0.16949444349315065
2026-07-22 03:00:00,0.18615023948133744,0.0,0.18615023948133744,0.1559348880136986,0.0,0.16949444349315065
2026-07-22 04:00:00,0.189265102281356,0.0,0.189265102281356,0.1559348880136986,0.0,0.16949444349315065
2026-07-22 05:00:00,0.18078291069836885,0.061934054910187476,0.11884885578818138,0.1559348880136986,0.0,0.16949444349315065
2026-07-22 06:00:00,0.18702192571975804,0.1571553806305111,0.029866545089246938,0.1559348880136986,0.0,0.16949444349315065
2026-07-22 07:00:00,0.1974311437550832,0.19596008052114186,0.0014710632339413332,0.1559348880136986,0.0,0.16949444349315065
2026-07-22 08:00:00,0.19809363144695166,0.36631527078959114,-0.16822163934263948,0.1559348880136986,0.0,0.16949444349315065
2026-07-22 09:00:00,0.1888978121407148,0.4946685754419575,-0.30577076330124275,0.1559348880136986,0.0,0.16949444349315065
2026-07-22 10:00:00,0.18284707494557156,0.5272159261270605,-0.3443688511814889,0.1559348880136986,0.0,0.16949444349315065
2026-07-22 11:00:00,0.1855760664120914,0.6262921443506436,-0.4407160779385522,0.1559348880136986,0.0,0.16949444349315065
2026-07-22 12:00:00,0.1787861309520082,0.6207564456374322,-0.4419703146854239,0.1559348880136986,0.0,0.16949444349315065
2026-07-22 13:00:00,0.17695905506227877,0.5938452766454835,-0.4168862215832047,0.1559348880136986,0.0,0.16949444349315065
2026-07-22 14:00:00,0.17691024042783354,0.5303948422197957,-0.35348460179196217,0.1559348880136986,0.0,0.16949444349315065
2026-07-22 15:00:00,0.20371897906968428,0.4401702610475359,-0.23645128197785165,0.1559348880136986,0.0,0.16949444349315065
2026-07-22 16:00:00,0.29266457849924504,0.33071689144077104,-0.038052312941526,0.1559348880136986,0.0,0.16949444349315065
2026-07-22 17:00:00,0.31836917063688513,0.20669348974230264,0.11167568089458249,0.1559348880136986,0.0,0.16949444349315065
2026-07-22 18:00:00,0.32624233551725623,0.08962168329260314,0.2366206522246531,0.1559348880136986,0.0,0.16949444349315065
2026-07-22 19:00:00,0.36081266249514005,0.009600691992714903,0.35121197050242514,0.1559348880136986,0.0,0.16949444349315065
2026-07-22 20:00:00,0.3615797736664405,0.0,0.3615797736664405,0.1559348880136986,0.0,0.16949444349315065
2026-07-22 21:00:00,0.3555476333278548,0.0,0.3555476333278548,0.1559348880136986,0.0,0.16949444349315065
2026-07-22 22:00:00,0.31845054649716537,0.0,0.31845054649716537,0.1559348880136986,0.0,0.16949444349315065
2026-07-22 23:00:00,0.264612236766674,0.0,0.264612236766674,0.1559348880136986,0.0,0.16949444349315065
2026-07-23 00:00:00,0.2259135550605444,0.0,0.2259135550605444,0.1559348880136986,0.0,0.16949444349315065
2026-07-23 01:00:00,0.20383289782297453,0.0,0.20383289782297453,0.1559348880136986,0.0,0.16949444349315065
2026-07-23 02:00:00,0.19148269921090397,0.0,0.19148269921090397,0.1559348880136986,0.0,0.16949444349315065
2026-07-23 03:00:00,0.18629203576592798,0.0,0.18629203576592798,0.1559348880136986,0.0,0.16949444349315065
2026-07-23 04:00:00,0.1864640500436574,0.00042933636884643234,0.18603471367481098,0.1559348880136986,0.0,0.16949444349315065
2026-07-23 05:00:00,0.17910692881217377,0.0697260532639323,0.10938087554824147,0.1559348880136986,0.0,0.16949444349315065
2026-07-23 06:00:00,0.19362125068719335,0.18734594869513788,0.0062753019920554765,0.1559348880136986,0.0,0.16949444349315065
2026-07-23 07:00:00,0.19956040907471206,0.31315063958350103,-0.11359023050878897,0.1559348880136986,0.0,0.16949444349315065
2026-07-23 08:00:00,0.20615275855523987,0.4291719421519805,-0.22301918359674064,0.1559348880136986,0.0,0.16949444349315065
2026-07-23 09:00:00,0.19910015082296248,0.5147286321650802,-0.31562848134211774,0.1559348880136986,0.0,0.16949444349315065
2026-07-23 10:00:00,0.1956598544373995,0.5680394204329053,-0.3723795659955058,0.1559348880136986,0.0,0.16949444349315065
2026-07-23 11:00:00,0.19998346890700774,0.5905293383073716,-0.3905458694003639,0.1559348880136986,0.0,0.16949444349315065
2026-07-23 12:00:00,0.1927030588061448,0.5830753281588889,-0.39037226935274405,0.1559348880136986,0.0,0.16949444349315065
2026-07-23 13:00:00,0.18909074824926925,0.5537342980155965,-0.36464354976632724,0.1559348880136986,0.0,0.16949444349315065
2026-07-23 14:00:00,0.19184995885778983,0.4965138083463613,-0.30466384948857145,0.1559348880136986,0.0,0.16949444349315065
2026-07-23 15:00:00,0.22495118492653898,0.42383720939865466,-0.19888602447211567,0.1559348880136986,0.0,0.16949444349315065
2026-07-23 16:00:00,0.3310587477224401,0.3276658627770538,0.0033928849453863097,0.1559348880136986,0.0,0.16949444349315065
2026-07-23 17:00:00,0.3549850784593735,0.20588049108640197,0.14910458737297153,0.1559348880136986,0.0,0.16949444349315065
2026-07-23 18:00:00,0.35576379534614455,0.0889274372493621,0.26683635809678247,0.1559348880136986,0.0,0.16949444349315065
2026-07-23 19:00:00,0.3778026123317949,0.008650671091437691,0.3691519412403572,0.1559348880136986,0.0,0.16949444349315065
2026-07-23 20:00:00,0.3578814559279291,0.0,0.3578814559279291,0.1559348880136986,0.0,0.16949444349315065
2026-07-23 21:00:00,0.3492202781061226,0.0,0.3492202781061226,0.1559348880136986,0.0,0.16949444349315065
2026-07-23 22:00:00,0.311883765124619,0.0,0.311883765124619,0.1559348880136986,0.0,0.16949444349315065
2026-07-23 23:00:00,0.2611603175460453,0.0,0.2611603175460453,0.1559348880136986,0.0,0.16949444349315065
2026-07-24 00:00:00,0.22681082071786757,0.0,0.22681082071786757,0.1559348880136986,0.0,0.16949444349315065
2026-07-24 01:00:00,0.20321457321510383,0.0,0.20321457321510383,0.1559348880136986,0.0,0.16949444349315065
2026-07-24 02:00:00,0.19135020078021933,0.0,0.19135020078021933,0.1559348880136986,0.0,0.16949444349315065
2026-07-24 03:00:00,0.18594335675096832,0.0,0.18594335675096832,0.1559348880136986,0.0,0.16949444349315065
2026-07-24 04:00:00,0.18619440517147715,0.0,0.18619440517147715,0.1559348880136986,0.0,0.16949444349315065
2026-07-24 05:00:00,0.1811408875201978,0.058179645386870794,0.12296124213332701,0.1559348880136986,0.0,0.16949444349315065
2026-07-24 06:00:00,0.1929145948052975,0.1668839600522441,0.026030634753053394,0.1559348880136986,0.0,0.16949444349315065
2026-07-24 07:00:00,0.2041490202527823,0.2858284038554227,-0.08167938360264038,0.1559348880136986,0.0,0.16949444349315065
2026-07-24 08:00:00,0.21206169989120377,0.4058324863561798,-0.19377078646497603,0.1559348880136986,0.0,0.16949444349315065
2026-07-24 09:00:00,0.20200813118861663,0.49875183835417786,-0.2967437071655612,0.1559348880136986,0.0,0.16949444349315065
2026-07-24 10:00:00,0.19750785164475668,0.5491120809382285,-0.3516042292934718,0.1559348880136986,0.0,0.16949444349315065
2026-07-24 11:00:00,0.1982749437152454,0.584445550612654,-0.3861706068974086,0.1559348880136986,0.0,0.16949444349315065
2026-07-24 12:00:00,0.18841663537107717,0.5764525862990237,-0.38803595092794657,0.1559348880136986,0.0,0.16949444349315065
2026-07-24 13:00:00,0.18313764062523943,0.5489659238764937,-0.36582828325125427,0.1559348880136986,0.0,0.16949444349315065
2026-07-24 14:00:00,0.18679876640661772,0.4906492562442463,-0.30385048983762863,0.1559348880136986,0.0,0.16949444349315065
2026-07-24 15:00:00,0.207582338594541,0.41411776479328005,-0.20653542619873905,0.1559348880136986,0.0,0.16949444349315065
2026-07-24 16:00:00,0.27938921910024167,0.31054721692134707,-0.0311579978211054,0.1559348880136986,0.0,0.16949444349315065
2026-07-24 17:00:00,0.3037851036292184,0.12652634138067945,0.17725876224853895,0.1559348880136986,0.0,0.16949444349315065
2026-07-24 18:00:00,0.31015430211468875,0.0570469281584249,0.25310737395626387,0.1559348880136986,0.0,0.16949444349315065
2026-07-24 19:00:00,0.34180967671007384,0.006759764105241701,0.33504991260483213,0.1559348880136986,0.0,0.16949444349315065
2026-07-24 20:00:00,0.34306958719102554,0.0,0.34306958719102554,0.1559348880136986,0.0,0.16949444349315065
2026-07-24 21:00:00,0.34174925719222227,0.0,0.34174925719222227,0.1559348880136986,0.0,0.16949444349315065
2026-07-24 22:00:00,0.3116513128385189,0.0,0.3116513128385189,0.1559348880136986,0.0,0.16949444349315065
2026-07-24 23:00:00,0.26392417715636857,0.0,0.26392417715636857,0.1559348880136986,0.0,0.16949444349315065
2026-07-25 00:00:00,0.22847750470706005,0.0,0.22847750470706005,0.1559348880136986,0.0,0.16949444349315065
2026-07-25 01:00:00,0.2044953858737383,0.0,0.2044953858737383,0.1559348880136986,0.0,0.16949444349315065
2026-07-25 02:00:00,0.19150826795356246,0.0,0.19150826795356246,0.1559348880136986,0.0,0.16949444349315065
2026-07-25 03:00:00,0.1844579854826782,0.0,0.1844579854826782,0.1559348880136986,0.0,0.16949444349315065
2026-07-25 04:00:00,0.18169412592338988,0.0,0.18169412592338988,0.1559348880136986,0.0,0.16949444349315065
2026-07-25 05:00:00,0.1644461523818315,0.0542882136181776,0.1101579387636539,0.1559348880136986,0.0,0.16949444349315065
2026-07-25 06:00:00,0.15644746040799815,0.1532548140454595,0.003192646362538659,0.1559348880136986,0.0,0.16949444349315065
2026-07-25 07:00:00,0.18524134206825543,0.2814436920033741,-0.09620234993511867,0.1559348880136986,0.0,0.16949444349315065
2026-07-25 08:00:00,0.20559255098365387,0.39001098442337084,-0.18441843343971698,0.1559348880136986,0.0,0.16949444349315065
2026-07-25 09:00:00,0.20642937789227955,0.49013770652817384,-0.2837083286358943,0.1559348880136986,0.0,0.16949444349315065
2026-07-25 10:00:00,0.20750098309625656,0.5355012045641608,-0.3280002214679043,0.1559348880136986,0.0,0.16949444349315065
2026-07-25 11:00:00,0.2157623425645236,0.5690990591304838,-0.35333671656596016,0.1559348880136986,0.0,0.16949444349315065
2026-07-25 12:00:00,0.21135504421391216,0.564924448054679,-0.35356940384076685,0.1559348880136986,0.0,0.16949444349315065
2026-07-25 13:00:00,0.20180822273872595,0.5416763404224627,-0.33986811768373676,0.1559348880136986,0.0,0.16949444349315065
2026-07-25 14:00:00,0.19670124303733905,0.4794317017560885,-0.28273045871874947,0.1559348880136986,0.0,0.16949444349315065
2026-07-25 15:00:00,0.21029041297487117,0.401402100422339,-0.19111168744746782,0.1559348880136986,0.0,0.16949444349315065
2026-07-25 16:00:00,0.27040261479968564,0.28753661451445,-0.01713399971476437,0.1559348880136986,0.0,0.16949444349315065
2026-07-25 17:00:00,0.29843173137687806,0.15191199604076958,0.1465197353361085,0.1559348880136986,0.0,0.16949444349315065
2026-07-25 18:00:00,0.30021231981284674,0.06811832558484779,0.23209399422799895,0.1559348880136986,0.0,0.16949444349315065
2026-07-25 19:00:00,0.3203217850864042,0.0003471230216205198,0.31997466206478364,0.1559348880136986,0.0,0.16949444349315065
2026-07-25 20:00:00,0.3467609289687873,0.0,0.3467609289687873,0.1559348880136986,0.0,0.16949444349315065
2026-07-25 21:00:00,0.3426093282121651,0.0,0.3426093282121651,0.1559348880136986,0.0,0.16949444349315065
2026-07-25 22:00:00,0.3103379563422452,0.0,0.3103379563422452,0.1559348880136986,0.0,0.16949444349315065
2026-07-25 23:00:00,0.2650283264599355,0.0,0.2650283264599355,0.1559348880136986,0.0,0.16949444349315065
2026-07-26 00:00:00,0.22827992024833718,0.0,0.22827992024833718,0.1559348880136986,0.0,0.16949444349315065
2026-07-26 01:00:00,0.20535313582137293,0.0,0.20535313582137293,0.1559348880136986,0.0,0.16949444349315065
2026-07-26 02:00:00,0.19222189733686063,0.0,0.19222189733686063,0.1559348880136986,0.0,0.16949444349315065
2026-07-26 03:00:00,0.1860758545696171,0.0,0.1860758545696171,0.1559348880136986,0.0,0.16949444349315065
2026-07-26 04:00:00,0.18223806468426737,0.0,0.18223806468426737,0.1559348880136986,0.0,0.16949444349315065
2026-07-26 05:00:00,0.16539688323708845,0.01617775977078791,0.14921912346630054,0.1559348880136986,0.0,0.16949444349315065
2026-07-26 06:00:00,0.15064544824498052,0.14982925791104645,0.0008161903339340693,0.1559348880136986,0.0,0.16949444349315065
2026-07-26 07:00:00,0.1773914243308242,0.27678493566057233,-0.09939351132974814,0.1559348880136986,0.0,0.16949444349315065
2026-07-26 08:00:00,0.21049962368386446,0.3969443100394228,-0.18644468635555836,0.1559348880136986,0.0,0.16949444349315065
2026-07-26 09:00:00,0.22434216507357843,0.48708667786445675,-0.2627445127908783,0.1559348880136986,0.0,0.16949444349315065
2026-07-26 10:00:00,0.23049982931296029,0.5470384776248638,-0.3165386483119035,0.1559348880136986,0.0,0.16949444349315065
2026-07-26 11:00:00,0.23694573522094436,0.5788093689194999,-0.3418636336985555,0.1559348880136986,0.0,0.16949444349315065
2026-07-26 12:00:00,0.22071822973173202,0.5639104834388929,-0.3431922537071609,0.1559348880136986,0.0,0.16949444349315065
2026-07-26 13:00:00,0.21067860875266864,0.5386527162078207,-0.3279741074551521,0.1559348880136986,0.0,0.16949444349315065
2026-07-26 14:00:00,0.20462787212620903,0.4808841375570795,-0.27625626543087045,0.1559348880136986,0.0,0.16949444349315065
2026-07-26 15:00:00,0.21476279830370548,0.3993741711907664,-0.18461137288706092,0.1559348880136986,0.0,0.16949444349315065
2026-07-26 16:00:00,0.28262264023134165,0.29852579859364703,-0.01590315836230538,0.1559348880136986,0.0,0.16949444349315065
2026-07-26 17:00:00,0.3106912745918617,0.15930206247474327,0.15138921211711842,0.1559348880136986,0.0,0.16949444349315065
2026-07-26 18:00:00,0.3178043217535624,0.020306696764800406,0.297497624988762,0.1559348880136986,0.0,0.16949444349315065
2026-07-26 19:00:00,0.3486251946007142,0.0007307853086747785,0.34789440929203946,0.1559348880136986,0.0,0.16949444349315065
2026-07-26 20:00:00,0.3687811484518362,0.0,0.3687811484518362,0.1559348880136986,0.0,0.16949444349315065
2026-07-26 21:00:00,0.35379958861460126,0.0,0.35379958861460126,0.1559348880136986,0.0,0.16949444349315065
2026-07-26 22:00:00,0.3041012577518992,0.0,0.3041012577518992,0.1559348880136986,0.0,0.16949444349315065
2026-07-26 23:00:00,0.25236199328008146,0.0,0.25236199328008146,0.1559348880136986,0.0,0.16949444349315065
2026-07-27 00:00:00,0.2172942183911556,0.0,0.2172942183911556,0.1559348880136986,0.0,0.16949444349315065
2026-07-27 01:00:00,0.1972544932400445,0.0,0.1972544932400445,0.1559348880136986,0.0,0.16949444349315065
2026-07-27 02:00:00,0.18751473563563872,0.0,0.18751473563563872,0.1559348880136986,0.0,0.16949444349315065
2026-07-27 03:00:00,0.18301213165975325,0.0,0.18301213165975325,0.1559348880136986,0.0,0.16949444349315065
2026-07-27 04:00:00,0.1843557065113268,0.0,0.1843557065113268,0.1559348880136986,0.0,0.16949444349315065
2026-07-27 05:00:00,0.18017853474812073,0.04668804640795991,0.1334904883401608,0.1559348880136986,0.0,0.16949444349315065
2026-07-27 06:00:00,0.19208009125587058,0.11552802248512405,0.07655206877074654,0.1559348880136986,0.0,0.16949444349315065
2026-07-27 07:00:00,0.20240562661909667,0.16361369579592447,0.0387919308231722,0.1559348880136986,0.0,0.16949444349315065
2026-07-27 08:00:00,0.20850517668275434,0.3170146669031189,-0.10850949022036457,0.1559348880136986,0.0,0.16949444349315065
2026-07-27 09:00:00,0.20049021553562213,0.4226496832720581,-0.22215946773643597,0.1559348880136986,0.0,0.16949444349315065
2026-07-27 10:00:00,0.1964292713174399,0.4282767301488539,-0.23184745883141403,0.1559348880136986,0.0,0.16949444349315065
2026-07-27 11:00:00,0.2023823772065717,0.5360218890965915,-0.33363951189001984,0.1559348880136986,0.0,0.16949444349315065
2026-07-27 12:00:00,0.19302384261146102,0.5735203102479662,-0.38049646763650524,0.1559348880136986,0.0,0.16949444349315065
2026-07-27 13:00:00,0.18929298118935667,0.535144946726182,-0.3458519655368253,0.1559348880136986,0.0,0.16949444349315065
2026-07-27 14:00:00,0.18745660696342878,0.4599836777289809,-0.27252707076555216,0.1559348880136986,0.0,0.16949444349315065
2026-07-27 15:00:00,0.2218665407525228,0.41300331719755107,-0.19113677644502827,0.1559348880136986,0.0,0.16949444349315065
2026-07-27 16:00:00,0.3226765122378613,0.30282829709846976,0.019848215139391556,0.1559348880136986,0.0,0.16949444349315065
2026-07-27 17:00:00,0.34750708236628647,0.11449578823662092,0.23301129412966554,0.1559348880136986,0.0,0.16949444349315065
2026-07-27 18:00:00,0.35761411666355747,0.06547836365726016,0.2921357530062973,0.1559348880136986,0.0,0.16949444349315065
2026-07-27 19:00:00,0.37787932128081314,0.0025029396822111166,0.37537638159860204,0.1559348880136986,0.0,0.16949444349315065
2026-07-27 20:00:00,0.36232827061890766,0.0,0.36232827061890766,0.1559348880136986,0.0,0.16949444349315065
2026-07-27 21:00:00,0.3499478536672744,0.0,0.3499478536672744,0.1559348880136986,0.0,0.16949444349315065
2026-07-27 22:00:00,0.30669775055380605,0.0,0.30669775055380605,0.1559348880136986,0.0,0.16949444349315065
2026-07-27 23:00:00,0.25497010914148693,0.0,0.25497010914148693,0.1559348880136986,0.0,0.16949444349315065
2026-07-28 00:00:00,0.21977681024346518,0.0,0.21977681024346518,0.1559348880136986,0.0,0.16949444349315065
2026-07-28 01:00:00,0.20034843482516754,0.0,0.20034843482516754,0.1559348880136986,0.0,0.16949444349315065
2026-07-28 02:00:00,0.1888397144197267,0.0,0.1888397144197267,0.1559348880136986,0.0,0.16949444349315065
2026-07-28 03:00:00,0.1845997814294338,0.0,0.1845997814294338,0.1559348880136986,0.0,0.16949444349315065
2026-07-28 04:00:00,0.1855551610670814,0.0,0.1855551610670814,0.1559348880136986,0.0,0.16949444349315065
2026-07-28 05:00:00,0.18013204410949246,0.025065936087544902,0.15506610802194756,0.1559348880136986,0.0,0.16949444349315065
2026-07-28 06:00:00,0.18669881653182488,0.14773738496496489,0.038961431566859994,0.1559348880136986,0.0,0.16949444349315065
2026-07-28 07:00:00,0.1906505069622457,0.26089949001325435,-0.07024898305100866,0.1559348880136986,0.0,0.16949444349315065
2026-07-28 08:00:00,0.19428141273727137,0.3863935971454307,-0.19211218440815933,0.1559348880136986,0.0,0.16949444349315065
2026-07-28 09:00:00,0.18714047274862436,0.4595178020947007,-0.2723773293460764,0.1559348880136986,0.0,0.16949444349315065
2026-07-28 10:00:00,0.18397679426781038,0.5051370749887237,-0.32116028072091335,0.1559348880136986,0.0,0.16949444349315065
2026-07-28 11:00:00,0.18725902223239924,0.46280633598373716,-0.2755473137513379,0.1559348880136986,0.0,0.16949444349315065
2026-07-28 12:00:00,0.17566661914425966,0.5092294727173026,-0.33356285357304294,0.1559348880136986,0.0,0.16949444349315065
2026-07-28 13:00:00,0.17377678075697364,0.3324525065488736,-0.15867572579189995,0.1559348880136986,0.0,0.16949444349315065
2026-07-28 14:00:00,0.177772637595778,0.16958786569434078,0.00818477190143721,0.1559348880136986,0.0,0.16949444349315065
2026-07-28 15:00:00,0.204732470297533,0.12018677882792575,0.08454569146960725,0.1559348880136986,0.0,0.16949444349315065
2026-07-28 16:00:00,0.2926692268444624,0.0915856688096666,0.20108355803479577,0.1559348880136986,0.0,0.16949444349315065
2026-07-28 17:00:00,0.32446872098379836,0.057887331263400885,0.26658138972039747,0.1559348880136986,0.0,0.16949444349315065
2026-07-28 18:00:00,0.3367050182949202,0.010897835915612634,0.3258071823793076,0.1559348880136986,0.0,0.16949444349315065
2026-07-28 19:00:00,0.3734696979681958,0.0,0.3734696979681958,0.1559348880136986,0.0,0.16949444349315065
2026-07-28 20:00:00,0.3631697492916047,0.0,0.3631697492916047,0.1559348880136986,0.0,0.16949444349315065
2026-07-28 21:00:00,0.35303714754614557,0.0,0.35303714754614557,0.1559348880136986,0.0,0.16949444349315065
2026-07-28 22:00:00,0.3117861353635104,0.0,0.3117861353635104,0.1559348880136986,0.0,0.16949444349315065
2026-07-28 23:00:00,0.25666701252346164,0.0,0.25666701252346164,0.1559348880136986,0.0,0.16949444349315065
2026-07-29 00:00:00,0.22035329253465624,0.0,0.22035329253465624,0.1559348880136986,0.0,0.16949444349315065
2026-07-29 01:00:00,0.19922104077094663,0.0,0.19922104077094663,0.1559348880136986,0.0,0.16949444349315065
2026-07-29 02:00:00,0.190232104729441,0.0,0.190232104729441,0.1559348880136986,0.0,0.16949444349315065
2026-07-29 03:00:00,0.18537617326124095,0.0,0.18537617326124095,0.1559348880136986,0.0,0.16949444349315065
2026-07-29 04:00:00,0.1874426753742633,0.0,0.1874426753742633,0.1559348880136986,0.0,0.16949444349315065
2026-07-29 05:00:00,0.18030870785876466,0.050643421891162145,0.12966528596760252,0.1559348880136986,0.0,0.16949444349315065
2026-07-29 06:00:00,0.18825857224459425,0.1518115130608268,0.03644705918376745,0.1559348880136986,0.0,0.16949444349315065
2026-07-29 07:00:00,0.20047394650406114,0.24134184818984558,-0.04086790168578444,0.1559348880136986,0.0,0.16949444349315065
2026-07-29 08:00:00,0.20178265189444122,0.40349397336842047,-0.20171132147397924,0.1559348880136986,0.0,0.16949444349315065
2026-07-29 09:00:00,0.1934050650781539,0.40923977285787594,-0.21583470777972205,0.1559348880136986,0.0,0.16949444349315065
2026-07-29 10:00:00,0.1841697293178457,0.5726068286121228,-0.38843709929427706,0.1559348880136986,0.0,0.16949444349315065
2026-07-29 11:00:00,0.18596193673454944,0.6121788530768619,-0.4262169163423125,0.1559348880136986,0.0,0.16949444349315065
2026-07-29 12:00:00,0.1800692677242899,0.6070633559161384,-0.4269940881918485,0.1559348880136986,0.0,0.16949444349315065
2026-07-29 13:00:00,0.17318402747764475,0.5847561343688408,-0.41157210689119605,0.1559348880136986,0.0,0.16949444349315065
2026-07-29 14:00:00,0.17301666184647238,0.5171767629491407,-0.34416010110266837,0.1559348880136986,0.0,0.16949444349315065
2026-07-29 15:00:00,0.19927216384341398,0.4313551632616464,-0.23208299941823243,0.1559348880136986,0.0,0.16949444349315065
2026-07-29 16:00:00,0.2861884527764382,0.31836661972416724,-0.03217816694772907,0.1559348880136986,0.0,0.16949444349315065
2026-07-29 17:00:00,0.3131924533797468,0.18751951020594815,0.12567294317379868,0.1559348880136986,0.0,0.16949444349315065
2026-07-29 18:00:00,0.3260982143063648,0.07163522988284517,0.25446298442351967,0.1559348880136986,0.0,0.16949444349315065
2026-07-29 19:00:00,0.36691453906757804,0.0011783913102380804,0.36573614775734,0.1559348880136986,0.0,0.16949444349315065
2026-07-29 20:00:00,0.3657383477603652,0.0,0.3657383477603652,0.1559348880136986,0.0,0.16949444349315065
2026-07-29 21:00:00,0.3568679631659869,0.0,0.3568679631659869,0.1559348880136986,0.0,0.16949444349315065
2026-07-29 22:00:00,0.31644913106296685,0.0,0.31644913106296685,0.1559348880136986,0.0,0.16949444349315065
2026-07-29 23:00:00,0.26253178702561947,0.0,0.26253178702561947,0.1559348880136986,0.0,0.16949444349315065
2026-07-30 00:00:00,0.2243026591260965,0.0,0.2243026591260965,0.1559348880136986,0.0,0.16949444349315065
2026-07-30 01:00:00,0.2024521295355557,0.0,0.2024521295355557,0.1559348880136986,0.0,0.16949444349315065
2026-07-30 02:00:00,0.19115726530258761,0.0,0.19115726530258761,0.1559348880136986,0.0,0.16949444349315065
2026-07-30 03:00:00,0.18757052389341913,0.0,0.18757052389341913,0.1559348880136986,0.0,0.16949444349315065
2026-07-30 04:00:00,0.18747754251435986,0.0,0.18747754251435986,0.1559348880136986,0.0,0.16949444349315065
2026-07-30 05:00:00,0.18386987932541277,0.05167565613966527,0.1321942231857475,0.1559348880136986,0.0,0.16949444349315065
2026-07-30 06:00:00,0.19970452950308765,0.16336705575424673,0.036337473748840915,0.1559348880136986,0.0,0.16949444349315065
2026-07-30 07:00:00,0.2050160663139277,0.2953286128681949,-0.09031254655426721,0.1559348880136986,0.0,0.16949444349315065
2026-07-30 08:00:00,0.20877482044977413,0.4168308052517352,-0.20805598480196108,0.1559348880136986,0.0,0.16949444349315065
2026-07-30 09:00:00,0.1981052533472329,0.4934079707844935,-0.2953027174372606,0.1559348880136986,0.0,0.16949444349315065
2026-07-30 10:00:00,0.19524841247690083,0.5490938113055116,-0.35384539882861077,0.1559348880136986,0.0,0.16949444349315065
2026-07-30 11:00:00,0.20285425587496236,0.5803805573331506,-0.3775263014581883,0.1559348880136986,0.0,0.16949444349315065
2026-07-30 12:00:00,0.19326326931167676,0.5213879132903791,-0.3281246439787024,0.1559348880136986,0.0,0.16949444349315065
2026-07-30 13:00:00,0.1898717882924358,0.40633490125589367,-0.21646311296345785,0.1559348880136986,0.0,0.16949444349315065
2026-07-30 14:00:00,0.18986481481169862,0.38421951085212325,-0.19435469604042463,0.1559348880136986,0.0,0.16949444349315065
2026-07-30 15:00:00,0.22339607874529666,0.415606739859705,-0.19221066111440832,0.1559348880136986,0.0,0.16949444349315065
2026-07-30 16:00:00,0.32023576344416166,0.3086837143842264,0.011552049059935232,0.1559348880136986,0.0,0.16949444349315065
2026-07-30 17:00:00,0.3408542952957557,0.10214551652001715,0.2387087787757386,0.1559348880136986,0.0,0.16949444349315065
2026-07-30 18:00:00,0.3478697100820239,0.06268310985157913,0.28518660023044473,0.1559348880136986,0.0,0.16949444349315065
2026-07-30 19:00:00,0.3794762691365386,0.0003927971034126934,0.3790834720331259,0.1559348880136986,0.0,0.16949444349315065
2026-07-30 20:00:00,0.36080338275072893,0.0,0.36080338275072893,0.1559348880136986,0.0,0.16949444349315065
2026-07-30 21:00:00,0.34650290847047344,0.0,0.34650290847047344,0.1559348880136986,0.0,0.16949444349315065
2026-07-30 22:00:00,0.3088828037300952,0.0,0.3088828037300952,0.1559348880136986,0.0,0.16949444349315065
2026-07-30 23:00:00,0.2611835627783874,0.0,0.2611835627783874,0.1559348880136986,0.0,0.16949444349315065
2026-07-31 00:00:00,0.22397722556809777,0.0,0.22397722556809777,0.1559348880136986,0.0,0.16949444349315065
2026-07-31 01:00:00,0.20188959429598413,0.0,0.20188959429598413,0.1559348880136986,0.0,0.16949444349315065
2026-07-31 02:00:00,0.18941154722982137,0.0,0.18941154722982137,0.1559348880136986,0.0,0.16949444349315065
2026-07-31 03:00:00,0.1848043396911545,0.0,0.1848043396911545,0.1559348880136986,0.0,0.16949444349315065
2026-07-31 04:00:00,0.1860014697128716,0.0,0.1860014697128716,0.1559348880136986,0.0,0.16949444349315065
2026-07-31 05:00:00,0.18738223635121384,0.025933743641596202,0.16144849270961764,0.1559348880136986,0.0,0.16949444349315065
2026-07-31 06:00:00,0.19726145521411292,0.10230994321446898,0.09495151199964394,0.1559348880136986,0.0,0.16949444349315065
2026-07-31 07:00:00,0.20533452711490696,0.15768519997930033,0.04764932713560663,0.1559348880136986,0.0,0.16949444349315065
2026-07-31 08:00:00,0.21115513481301226,0.0961074029070918,0.11504773190592046,0.1559348880136986,0.0,0.16949444349315065
2026-07-31 09:00:00,0.20016013361756405,0.03403632575152781,0.16612380786603623,0.1559348880136986,0.0,0.16949444349315065
2026-07-31 10:00:00,0.19572494088954717,0.06050902355827165,0.13521591733127553,0.1559348880136986,0.0,0.16949444349315065
2026-07-31 11:00:00,0.19558546861637094,0.0896125484762447,0.10597292014012624,0.1559348880136986,0.0,0.16949444349315065
2026-07-31 12:00:00,0.1844951629860269,0.10327823374846308,0.08121692923756381,0.1559348880136986,0.0,0.16949444349315065
2026-07-31 13:00:00,0.1776354916711637,0.13932421909884654,0.038311272572317145,0.1559348880136986,0.0,0.16949444349315065
2026-07-31 14:00:00,0.1800739172970308,0.14330699903112404,0.03676691826590675,0.1559348880136986,0.0,0.16949444349315065
2026-07-31 15:00:00,0.20195466423449246,0.26406013647327276,-0.062105472238780296,0.1559348880136986,0.0,0.16949444349315065
2026-07-31 16:00:00,0.2744589025182502,0.2857187860591215,-0.011259883540871263,0.1559348880136986,0.0,0.16949444349315065
2026-07-31 17:00:00,0.3026181921325961,0.1800106911593148,0.1226075009732813,0.1559348880136986,0.0,0.16949444349315065
2026-07-31 18:00:00,0.31156063936892,0.047318348736691905,0.2642422906322281,0.1559348880136986,0.0,0.16949444349315065
2026-07-31 19:00:00,0.34559632736839774,0.002101007762439988,0.34349531960595775,0.1559348880136986,0.0,0.16949444349315065
2026-07-31 20:00:00,0.3423977995790965,0.0,0.3423977995790965,0.1559348880136986,0.0,0.16949444349315065
2026-07-31 21:00:00,0.3351499323952096,0.0,0.3351499323952096,0.1559348880136986,0.0,0.16949444349315065
2026-07-31 22:00:00,0.30536579908036543,0.0,0.30536579908036543,0.1559348880136986,0.0,0.16949444349315065
2026-07-31 23:00:00,0.2573666939366854,0.0,0.2573666939366854,0.1559348880136986,0.0,0.16949444349315065
2026-08-01 00:00:00,0.2233891209359536,0.0,0.2233891209359536,0.1559348880136986,0.0,0.16949444349315065
2026-08-01 01:00:00,0.19989515246249165,0.0,0.19989515246249165,0.1559348880136986,0.0,0.16949444349315065
2026-08-01 02:00:00,0.18695452483908784,0.0,0.18695452483908784,0.1559348880136986,0.0,0.16949444349315065
2026-08-01 03:00:00,0.1811362403489824,0.0,0.1811362403489824,0.1559348880136986,0.0,0.16949444349315065
2026-08-01 04:00:00,0.17949047718385122,0.0,0.17949047718385122,0.1559348880136986,0.0,0.16949444349315065
2026-08-01 05:00:00,0.1692160772544667,0.023385129877592913,0.14583094737687377,0.1559348880136986,0.0,0.16949444349315065
2026-08-01 06:00:00,0.1581164693825465,0.02153989697318909,0.13657657240935742,0.1559348880136986,0.0,0.16949444349315065
2026-08-01 07:00:00,0.17950441608645046,0.1640978410629215,0.015406575023528962,0.1559348880136986,0.0,0.16949444349315065
2026-08-01 08:00:00,0.20093187985479974,0.25529984758553387,-0.05436796773073413,0.1559348880136986,0.0,0.16949444349315065
2026-08-01 09:00:00,0.2047626944235832,0.3480547728890801,-0.1432920784654969,0.1559348880136986,0.0,0.16949444349315065
2026-08-01 10:00:00,0.20631315128213354,0.24979155332139769,-0.04347840203926415,0.1559348880136986,0.0,0.16949444349315065
2026-08-01 11:00:00,0.2146140276982011,0.31706034098491104,-0.10244631328670994,0.1559348880136986,0.0,0.16949444349315065
2026-08-01 12:00:00,0.21029971058767724,0.34256474825766087,-0.13226503766998363,0.1559348880136986,0.0,0.16949444349315065
2026-08-01 13:00:00,0.2053322019847096,0.27552433100310836,-0.07019212901839875,0.1559348880136986,0.0,0.16949444349315065
2026-08-01 14:00:00,0.20198488783394497,0.15921984912751735,0.042765038706427616,0.1559348880136986,0.0,0.16949444349315065
2026-08-01 15:00:00,0.21639693997146564,0.2641332150041402,-0.04773627503267458,0.1559348880136986,0.0,0.16949444349315065
2026-08-01 16:00:00,0.27732969911226224,0.25377433325367527,0.023555365858586974,0.1559348880136986,0.0,0.16949444349315065
2026-08-01 17:00:00,0.29620483872698966,0.12139257458723912,0.17481226413975054,0.1559348880136986,0.0,0.16949444349315065
2026-08-01 18:00:00,0.29931505476098097,0.039526350382947086,0.25978870437803386,0.1559348880136986,0.0,0.16949444349315065
2026-08-01 19:00:00,0.32487552905152745,0.0004202015524879976,0.32445532749903944,0.1559348880136986,0.0,0.16949444349315065
2026-08-01 20:00:00,0.34432947646452977,0.0,0.34432947646452977,0.1559348880136986,0.0,0.16949444349315065
2026-08-01 21:00:00,0.3323419040500721,0.0,0.3323419040500721,0.1559348880136986,0.0,0.16949444349315065
2026-08-01 22:00:00,0.29703237894682505,0.0,0.29703237894682505,0.1559348880136986,0.0,0.16949444349315065
2026-08-01 23:00:00,0.2542495068523531,0.0,0.2542495068523531,0.1559348880136986,0.0,0.16949444349315065
2026-08-02 00:00:00,0.220878634733796,0.0,0.220878634733796,0.1559348880136986,0.0,0.16949444349315065
2026-08-02 01:00:00,0.20024383143921287,0.0,0.20024383143921287,0.1559348880136986,0.0,0.16949444349315065
2026-08-02 02:00:00,0.1875751730767323,0.0,0.1875751730767323,0.1559348880136986,0.0,0.16949444349315065
2026-08-02 03:00:00,0.18111067018925836,0.0,0.18111067018925836,0.1559348880136986,0.0,0.16949444349315065
2026-08-02 04:00:00,0.17921153376439403,0.0,0.17921153376439403,0.1559348880136986,0.0,0.16949444349315065
2026-08-02 05:00:00,0.16533644561650676,0.022042311872903005,0.14329413374360375,0.1559348880136986,0.0,0.16949444349315065
2026-08-02 06:00:00,0.14986905705394046,0.08058734991411119,0.06928170713982927,0.1559348880136986,0.0,0.16949444349315065
2026-08-02 07:00:00,0.17322122752333682,0.16977969683786792,0.003441530685468902,0.1559348880136986,0.0,0.16949444349315065
2026-08-02 08:00:00,0.20418389032267562,0.3269168078356621,-0.12273291751298651,0.1559348880136986,0.0,0.16949444349315065
2026-08-02 09:00:00,0.2145884596414173,0.15164708636637494,0.06294137327504234,0.1559348880136986,0.0,0.16949444349315065
2026-08-02 10:00:00,0.2197791217248023,0.3115337770880581,-0.09175465536325578,0.1559348880136986,0.0,0.16949444349315065
2026-08-02 11:00:00,0.22473268308621358,0.1162039988956482,0.10852868419056538,0.1559348880136986,0.0,0.16949444349315065
2026-08-02 12:00:00,0.21393526717920455,0.1953937219069189,0.01854154527228566,0.1559348880136986,0.0,0.16949444349315065
2026-08-02 13:00:00,0.20619925071493247,0.33050679066452704,-0.12430753994959456,0.1559348880136986,0.0,0.16949444349315065
2026-08-02 14:00:00,0.20256601973588276,0.32667930261034284,-0.12411328287446008,0.1559348880136986,0.0,0.16949444349315065
2026-08-02 15:00:00,0.21349128439314044,0.25415799554072954,-0.0406667111475891,0.1559348880136986,0.0,0.16949444349315065
2026-08-02 16:00:00,0.2782106935206242,0.21760959529063215,0.06060109822999207,0.1559348880136986,0.0,0.16949444349315065
2026-08-02 17:00:00,0.30673958308368593,0.15345578000534504,0.15328380307834089,0.1559348880136986,0.0,0.16949444349315065
2026-08-02 18:00:00,0.31532173001968733,0.0025303441312864204,0.3127913858884009,0.1559348880136986,0.0,0.16949444349315065
2026-08-02 19:00:00,0.345131436106349,0.0,0.345131436106349,0.1559348880136986,0.0,0.16949444349315065
2026-08-02 20:00:00,0.3614124068606045,0.0,0.3614124068606045,0.1559348880136986,0.0,0.16949444349315065
2026-08-02 21:00:00,0.34368325867003846,0.0,0.34368325867003846,0.1559348880136986,0.0,0.16949444349315065
2026-08-02 22:00:00,0.2927622274619116,0.0,0.2927622274619116,0.1559348880136986,0.0,0.16949444349315065
2026-08-02 23:00:00,0.24368221904508594,0.0,0.24368221904508594,0.1559348880136986,0.0,0.16949444349315065
2026-08-03 00:00:00,0.2097255665763738,0.0,0.2097255665763738,0.1559348880136986,0.0,0.16949444349315065
2026-08-03 01:00:00,0.19166401186145454,0.0,0.19166401186145454,0.1559348880136986,0.0,0.16949444349315065
2026-08-03 02:00:00,0.18162671527902607,0.0,0.18162671527902607,0.1559348880136986,0.0,0.16949444349315065
2026-08-03 03:00:00,0.17751928047388982,0.0,0.17751928047388982,0.1559348880136986,0.0,0.16949444349315065
2026-08-03 04:00:00,0.1794672319677111,0.0,0.1794672319677111,0.1559348880136986,0.0,0.16949444349315065
2026-08-03 05:00:00,0.17983915468020992,0.006841977452467614,0.1729971772277423,0.1559348880136986,0.0,0.16949444349315065
2026-08-03 06:00:00,0.1911642287160833,0.04225766047411906,0.14890656824196424,0.1559348880136986,0.0,0.16949444349315065
2026-08-03 07:00:00,0.1994441830751608,0.11975744245907932,0.07968674061608147,0.1559348880136986,0.0,0.16949444349315065
2026-08-03 08:00:00,0.20357951029791777,0.2217202626519278,-0.018140752354010026,0.1559348880136986,0.0,0.16949444349315065
2026-08-03 09:00:00,0.19659663779497188,0.17765390853883864,0.018942729256133245,0.1559348880136986,0.0,0.16949444349315065
2026-08-03 10:00:00,0.19287739854271213,0.16902150708011782,0.023855891462594314,0.1559348880136986,0.0,0.16949444349315065
2026-08-03 11:00:00,0.1947509644075459,0.08827886528791325,0.10647209911963267,0.1559348880136986,0.0,0.16949444349315065
2026-08-03 12:00:00,0.18512743411320073,0.162069911831349,0.023057522281851733,0.1559348880136986,0.0,0.16949444349315065
2026-08-03 13:00:00,0.1812710478015519,0.16271848379279785,0.018552564008754047,0.1559348880136986,0.0,0.16949444349315065
2026-08-03 14:00:00,0.18062483004262594,0.2703174856788006,-0.08969265563617465,0.1559348880136986,0.0,0.16949444349315065
2026-08-03 15:00:00,0.21189433134142696,0.2811605126962626,-0.06926618135483562,0.1559348880136986,0.0,0.16949444349315065
2026-08-03 16:00:00,0.3096033875591829,0.2852163711594076,0.024387016399775252,0.1559348880136986,0.0,0.16949444349315065
2026-08-03 17:00:00,0.33740237534357564,0.16619884882536148,0.17120352651821416,0.1559348880136986,0.0,0.16949444349315065
2026-08-03 18:00:00,0.3447176550427327,0.06612693561870901,0.2785907194240237,0.1559348880136986,0.0,0.16949444349315065
2026-08-03 19:00:00,0.37959482038881226,0.0,0.37959482038881226,0.1559348880136986,0.0,0.16949444349315065
2026-08-03 20:00:00,0.3660475105516722,0.0,0.3660475105516722,0.1559348880136986,0.0,0.16949444349315065
2026-08-03 21:00:00,0.35010127296017746,0.0,0.35010127296017746,0.1559348880136986,0.0,0.16949444349315065
2026-08-03 22:00:00,0.30659082331782866,0.0,0.30659082331782866,0.1559348880136986,0.0,0.16949444349315065
2026-08-03 23:00:00,0.25249681582535455,0.0,0.25249681582535455,0.1559348880136986,0.0,0.16949444349315065
2026-08-04 00:00:00,0.21783583260965056,0.0,0.21783583260965056,0.1559348880136986,0.0,0.16949444349315065
2026-08-04 01:00:00,0.19757992682453124,0.0,0.19757992682453124,0.1559348880136986,0.0,0.16949444349315065
2026-08-04 02:00:00,0.18640826218874046,0.0,0.18640826218874046,0.1559348880136986,0.0,0.16949444349315065
2026-08-04 03:00:00,0.1831585767623694,0.0,0.1831585767623694,0.1559348880136986,0.0,0.16949444349315065
2026-08-04 04:00:00,0.18341892343583532,0.0,0.18341892343583532,0.36550164370657656,0.0,0.3972843953332354
2026-08-04 05:00:00,0.1800251164792989,0.01055984771035055,0.16946526876894835,0.3529634617420453,0.0,0.3836559366761362
2026-08-04 06:00:00,0.18268901242904387,0.04387452296956201,0.13881448945948185,0.1559348880136986,0.0,0.16949444349315065
2026-08-04 07:00:00,0.18690569824816583,0.05838061134675636,0.12852508690140946,0.1559348880136986,0.0,0.16949444349315065
2026-08-04 08:00:00,0.18752401992033504,0.2164312039803941,-0.028907184060059044,0.1559348880136986,0.0,0.16949444349315065
2026-08-04 09:00:00,0.1803063705728674,0.3875171795575182,-0.20721080898465077,0.1559348880136986,0.0,0.16949444349315065
2026-08-04 10:00:00,0.17545973675712978,0.2330657045691037,-0.05760596781197391,0.1559348880136986,0.0,0.16949444349315065
2026-08-04 11:00:00,0.17875591151855852,0.36533784543923864,-0.18658193392068012,0.1559348880136986,0.0,0.16949444349315065
2026-08-04 12:00:00,0.17196365138424585,0.4104364338008309,-0.23847278241658504,0.1559348880136986,0.0,0.16949444349315065
2026-08-04 13:00:00,0.16714956176535636,0.33180393458742474,-0.16465437282206838,0.1559348880136986,0.0,0.16949444349315065
2026-08-04 14:00:00,0.1712755926062251,0.36256086126627446,-0.19128526866004936,0.1559348880136986,0.0,0.16949444349315065
2026-08-04 15:00:00,0.20175940448755175,0.25529984758553387,-0.053540443097982116,0.1559348880136986,0.0,0.16949444349315065
2026-08-04 16:00:00,0.2956678634327584,0.1638877402866775,0.13178012314608092,0.1559348880136986,0.0,0.16949444349315065
2026-08-04 17:00:00,0.33390396538424794,0.08672594650697933,0.2471780188772686,0.1559348880136986,0.0,0.16949444349315065
2026-08-04 18:00:00,0.35483398419704987,0.04237641308677872,0.31245757111027117,0.1559348880136986,0.0,0.16949444349315065
2026-08-04 19:00:00,0.3952040007596068,0.0,0.3952040007596068,0.1559348880136986,0.0,0.16949444349315065
2026-08-04 20:00:00,0.37569428688895623,0.0,0.37569428688895623,0.1559348880136986,0.0,0.16949444349315065
2026-08-04 21:00:00,0.3574955851054423,0.0,0.3574955851054423,0.1559348880136986,0.0,0.16949444349315065
2026-08-04 22:00:00,0.3133412415635348,0.0,0.3133412415635348,0.1559348880136986,0.0,0.16949444349315065
2026-08-04 23:00:00,0.2590426760514046,0.0,0.2590426760514046,0.1559348880136986,0.0,0.16949444349315065
2026-08-05 00:00:00,0.22138073171409922,0.0,0.22138073171409922,0.1559348880136986,0.0,0.16949444349315065
2026-08-05 01:00:00,0.20153859109160943,0.0,0.20153859109160943,0.1559348880136986,0.0,0.16949444349315065
2026-08-05 02:00:00,0.1929308771091096,0.0,0.1929308771091096,0.1559348880136986,0.0,0.16949444349315065
2026-08-05 03:00:00,0.18802613064009602,0.0,0.18802613064009602,0.1559348880136986,0.0,0.16949444349315065
2026-08-05 04:00:00,0.18891874833884023,0.0,0.18891874833884023,0.1559348880136986,0.0,0.16949444349315065
2026-08-05 05:00:00,0.186036336343618,0.0008038638395422564,0.18523247250407573,0.1559348880136986,0.0,0.16949444349315065
2026-08-05 06:00:00,0.1949043875879399,0.05600555909356334,0.13889882849437657,0.1559348880136986,0.0,0.16949444349315065
2026-08-05 07:00:00,0.2050858026464208,0.16482862637159626,0.04025717627482453,0.1559348880136986,0.0,0.16949444349315065
2026-08-05 08:00:00,0.2065432773737999,0.2734050536079515,-0.06686177623415157,0.1559348880136986,0.0,0.16949444349315065
2026-08-05 09:00:00,0.19807503427421236,0.41634665998473813,-0.21827162571052577,0.1559348880136986,0.0,0.16949444349315065
2026-08-05 10:00:00,0.19029717512346353,0.5083159910814591,-0.3180188159579955,0.1559348880136986,0.0,0.16949444349315065
2026-08-05 11:00:00,0.19111540739481453,0.4132682268719457,-0.22215281947713117,0.1559348880136986,0.0,0.16949444349315065
2026-08-05 12:00:00,0.18190331727400078,0.5482351385678187,-0.3663318212938179,0.1559348880136986,0.0,0.16949444349315065
2026-08-05 13:00:00,0.17309104586408738,0.5483082170986863,-0.37521717123459886,0.1559348880136986,0.0,0.16949444349315065
2026-08-05 14:00:00,0.17327235865632953,0.5079871376925554,-0.33471477903622593,0.1559348880136986,0.0,0.16949444349315065
2026-08-05 15:00:00,0.20182216622457008,0.1898945624591412,0.011927603765428896,0.1559348880136986,0.0,0.16949444349315065
2026-08-05 16:00:00,0.2893707262827226,0.13806361444138252,0.15130711184134008,0.1559348880136986,0.0,0.16949444349315065
2026-08-05 17:00:00,0.32156306571450727,0.03220936247984086,0.2893537032346664,0.1559348880136986,0.0,0.16949444349315065
2026-08-05 18:00:00,0.34090775908824694,0.050981410096424234,0.2899263489918227,0.1559348880136986,0.0,0.16949444349315065
2026-08-05 19:00:00,0.3887441476287438,0.0,0.3887441476287438,0.1559348880136986,0.0,0.16949444349315065
2026-08-05 20:00:00,0.3773842155890766,0.0,0.3773842155890766,0.1559348880136986,0.0,0.16949444349315065
2026-08-05 21:00:00,0.36184012114873654,0.0,0.36184012114873654,0.1559348880136986,0.0,0.16949444349315065
2026-08-05 22:00:00,0.3190293532108398,0.0,0.3190293532108398,0.1559348880136986,0.0,0.16949444349315065
2026-08-05 23:00:00,0.2642961012726832,0.0,0.2642961012726832,0.1559348880136986,0.0,0.16949444349315065
2026-08-06 00:00:00,0.2271827445267405,0.0,0.2271827445267405,0.1559348880136986,0.0,0.16949444349315065
2026-08-06 01:00:00,0.2065456165200612,0.0,0.2065456165200612,0.1559348880136986,0.0,0.16949444349315065
2026-08-06 02:00:00,0.1948695305330186,0.0,0.1948695305330186,0.1559348880136986,0.0,0.16949444349315065
2026-08-06 03:00:00,0.19084345406171546,0.0,0.19084345406171546,0.1559348880136986,0.0,0.16949444349315065
2026-08-06 04:00:00,0.19065516745560834,0.0,0.19065516745560834,0.1559348880136986,0.0,0.16949444349315065
2026-08-06 05:00:00,0.18816792504086777,0.03546135710344363,0.15270656793742415,0.1559348880136986,0.0,0.16949444349315065
2026-08-06 06:00:00,0.19890256855587277,0.10083010296440255,0.09807246559147022,0.1559348880136986,0.0,0.16949444349315065
2026-08-06 07:00:00,0.2034679326467107,0.24664004167773776,-0.043172109031027056,0.1559348880136986,0.0,0.16949444349315065
2026-08-06 08:00:00,0.20350047487001313,0.33361262822639476,-0.13011215335638163,0.1559348880136986,0.0,0.16949444349315065
2026-08-06 09:00:00,0.19448364418410705,0.36837973928659734,-0.1738960951024903,0.1559348880136986,0.0,0.16949444349315065
2026-08-06 10:00:00,0.19084576250295723,0.509238607533661,-0.31839284503070375,0.1559348880136986,0.0,0.16949444349315065
2026-08-06 11:00:00,0.1968872009124434,0.47246183687460275,-0.27557463596215936,0.1559348880136986,0.0,0.16949444349315065
2026-08-06 12:00:00,0.18690801878788965,0.4938647116024153,-0.30695669281452564,0.1559348880136986,0.0,0.16949444349315065
2026-08-06 13:00:00,0.18155928833377502,0.5528573556451868,-0.3712980673114118,0.1559348880136986,0.0,0.16949444349315065
2026-08-06 14:00:00,0.18139424718371067,0.4510680969631486,-0.2696738497794379,0.1559348880136986,0.0,0.16949444349315065
2026-08-06 15:00:00,0.20939779188854957,0.37457314477761616,-0.1651753528890666,0.1559348880136986,0.0,0.16949444349315065
2026-08-06 16:00:00,0.2967952586453602,0.2345820840846039,0.06221317456075631,0.1559348880136986,0.0,0.16949444349315065
2026-08-06 17:00:00,0.324601219796914,0.17240138913273867,0.1521998306641753,0.1559348880136986,0.0,0.16949444349315065
2026-08-06 18:00:00,0.34209791550015767,0.057138276322009234,0.2849596391781484,0.1559348880136986,0.0,0.16949444349315065
2026-08-06 19:00:00,0.3893531738746255,0.0,0.3893531738746255,0.1559348880136986,0.0,0.16949444349315065
2026-08-06 20:00:00,0.37350458452246177,0.0,0.37350458452246177,0.1559348880136986,0.0,0.16949444349315065
2026-08-06 21:00:00,0.3568795854535921,0.0,0.3568795854535921,0.1559348880136986,0.0,0.16949444349315065
2026-08-06 22:00:00,0.31657233037673804,0.0,0.31657233037673804,0.1559348880136986,0.0,0.16949444349315065
2026-08-06 23:00:00,0.265465336791808,0.0,0.265465336791808,0.1559348880136986,0.0,0.16949444349315065
2026-08-07 00:00:00,0.2282892184823031,0.0,0.2282892184823031,0.1559348880136986,0.0,0.16949444349315065
2026-08-07 01:00:00,0.2089096581653896,0.0,0.2089096581653896,0.1559348880136986,0.0,0.16949444349315065
2026-08-07 02:00:00,0.19613174712584128,0.0,0.19613174712584128,0.1559348880136986,0.0,0.16949444349315065
2026-08-07 03:00:00,0.1912734911675141,0.0,0.1912734911675141,0.1559348880136986,0.0,0.16949444349315065
2026-08-07 04:00:00,0.19108520480686517,0.0,0.19108520480686517,0.1559348880136986,0.0,0.16949444349315065
2026-08-07 05:00:00,0.19125256961042503,0.036411378004720836,0.1548411916057042,0.1559348880136986,0.0,0.16949444349315065
2026-08-07 06:00:00,0.20184774203619268,0.04609428334466165,0.15575345869153104,0.1559348880136986,0.0,0.16949444349315065
2026-08-07 07:00:00,0.20964884438120895,0.2384826506696555,-0.028833806288446534,0.1559348880136986,0.0,0.16949444349315065
2026-08-07 08:00:00,0.2119966126595496,0.36824271704122086,-0.15624610438167125,0.1559348880136986,0.0,0.16949444349315065
2026-08-07 09:00:00,0.20251952539744705,0.3575184426364185,-0.15499891723897147,0.1559348880136986,0.0,0.16949444349315065
2026-08-07 10:00:00,0.19717079432439258,0.4433948512220634,-0.24622405689767082,0.1559348880136986,0.0,0.16949444349315065
2026-08-07 11:00:00,0.19537161116823354,0.5073751049965403,-0.3120034938283067,0.1559348880136986,0.0,0.16949444349315065
2026-08-07 12:00:00,0.1867290296846036,0.5460701870908697,-0.35934115740626615,0.1559348880136986,0.0,0.16949444349315065
2026-08-07 13:00:00,0.18057833869444775,0.3528414166608999,-0.17226307796645215,0.1559348880136986,0.0,0.16949444349315065
2026-08-07 14:00:00,0.18245655421080065,0.42277757070107624,-0.2403210164902756,0.1559348880136986,0.0,0.16949444349315065
2026-08-07 15:00:00,0.2045232633848501,0.3512610934308907,-0.14673783004604057,0.1559348880136986,0.0,0.16949444349315065
2026-08-07 16:00:00,0.2776388527529352,0.30064507598880386,-0.02300622323586865,0.1559348880136986,0.0,0.16949444349315065
2026-08-07 17:00:00,0.31442677651400275,0.17313217444141346,0.1412946020725893,0.1559348880136986,0.0,0.16949444349315065
2026-08-07 18:00:00,0.3352638142521421,0.05037851221676754,0.28488530203537454,0.1559348880136986,0.0,0.16949444349315065
2026-08-07 19:00:00,0.377463232099877,0.0,0.377463232099877,0.1559348880136986,0.0,0.16949444349315065
2026-08-07 20:00:00,0.36208419628088595,0.0,0.36208419628088595,0.1559348880136986,0.0,0.16949444349315065
2026-08-07 21:00:00,0.35208874169119114,0.0,0.35208874169119114,0.1559348880136986,0.0,0.16949444349315065
2026-08-07 22:00:00,0.31904795013124027,0.0,0.31904795013124027,0.1559348880136986,0.0,0.16949444349315065
2026-08-07 23:00:00,0.26909856883557165,0.0,0.26909856883557165,0.1559348880136986,0.0,0.16949444349315065
2026-08-08 00:00:00,0.23357518718037307,0.0,0.23357518718037307,0.1559348880136986,0.0,0.16949444349315065
2026-08-08 01:00:00,0.2088585189727319,0.0,0.2088585189727319,0.1559348880136986,0.0,0.16949444349315065
2026-08-08 02:00:00,0.1944301956389355,0.0,0.1944301956389355,0.1559348880136986,0.0,0.16949444349315065
2026-08-08 03:00:00,0.1889303706423917,0.0,0.1889303706423917,0.1559348880136986,0.0,0.16949444349315065
2026-08-08 04:00:00,0.1878145988941746,0.0,0.1878145988941746,0.1559348880136986,0.0,0.16949444349315065
2026-08-08 05:00:00,0.1828029232105243,0.015474378911188434,0.16732854429933586,0.1559348880136986,0.0,0.16949444349315065
2026-08-08 06:00:00,0.17370240651801047,0.0908731531337087,0.08282925338430178,0.1559348880136986,0.0,0.16949444349315065
2026-08-08 07:00:00,0.19308428860530938,0.2558662061997568,-0.06278191759444743,0.1559348880136986,0.0,0.16949444349315065
2026-08-08 08:00:00,0.21219652624322424,0.2929444257986434,-0.08074789955541914,0.1559348880136986,0.0,0.16949444349315065
2026-08-08 09:00:00,0.2135029070470441,0.49523493405618046,-0.28173202700913635,0.1559348880136986,0.0,0.16949444349315065
2026-08-08 10:00:00,0.2103252805492352,0.5572329326808769,-0.34690765213164176,0.1559348880136986,0.0,0.16949444349315065
2026-08-08 11:00:00,0.213502904418552,0.5865008842933019,-0.3729979798747499,0.1559348880136986,0.0,0.16949444349315065
2026-08-08 12:00:00,0.2052578164043506,0.554666049284157,-0.3494082328798064,0.1559348880136986,0.0,0.16949444349315065
2026-08-08 13:00:00,0.20009504802702452,0.5579271787241181,-0.35783213069709363,0.1559348880136986,0.0,0.16949444349315065
2026-08-08 14:00:00,0.20082262502317563,0.4990806917430815,-0.29825806671990585,0.1559348880136986,0.0,0.16949444349315065
2026-08-08 15:00:00,0.2159901479816548,0.42054867550961816,-0.20455852752796336,0.1559348880136986,0.0,0.16949444349315065
2026-08-08 16:00:00,0.27908239067235563,0.3005719974579364,-0.02148960678558076,0.1559348880136986,0.0,0.16949444349315065
2026-08-08 17:00:00,0.3036433175677979,0.16979796647058476,0.13384535109721313,0.1559348880136986,0.0,0.16949444349315065
2026-08-08 18:00:00,0.3140106995879653,0.05645316509512663,0.2575575344928387,0.1559348880136986,0.0,0.16949444349315065
2026-08-08 19:00:00,0.34634018928197563,0.0,0.34634018928197563,0.1559348880136986,0.0,0.16949444349315065
2026-08-08 20:00:00,0.3611799549767052,0.0,0.3611799549767052,0.1559348880136986,0.0,0.16949444349315065
2026-08-08 21:00:00,0.3448013558907155,0.0,0.3448013558907155,0.1559348880136986,0.0,0.16949444349315065
2026-08-08 22:00:00,0.30772054209781385,0.0,0.30772054209781385,0.1559348880136986,0.0,0.16949444349315065
2026-08-08 23:00:00,0.2633337481264972,0.0,0.2633337481264972,0.1595172257178503,0.0,0.17338828882375032
2026-08-09 00:00:00,0.23000006816679566,0.0,0.23000006816679566,0.1559348880136986,0.0,0.16949444349315065
2026-08-09 01:00:00,0.20826111576683448,0.0,0.20826111576683448,0.1559348880136986,0.0,0.16949444349315065
2026-08-09 02:00:00,0.19513220170108642,0.0,0.19513220170108642,0.1559348880136986,0.0,0.16949444349315065
2026-08-09 03:00:00,0.18878857431938842,0.0,0.18878857431938842,0.1559348880136986,0.0,0.16949444349315065
2026-08-09 04:00:00,0.1862594918858895,0.0,0.1862594918858895,0.1559348880136986,0.0,0.16949444349315065
2026-08-09 05:00:00,0.17601066219336844,0.000438471185204867,0.17557219100816357,0.1559348880136986,0.0,0.16949444349315065
2026-08-09 06:00:00,0.1583070810531246,0.010450229914049331,0.14785685113907526,0.1559348880136986,0.0,0.16949444349315065
2026-08-09 07:00:00,0.17910692274191886,0.06694906909096815,0.11215785365095071,0.1559348880136986,0.0,0.16949444349315065
2026-08-09 08:00:00,0.20368644072529418,0.09445400114621512,0.10923243957907906,0.1559348880136986,0.0,0.16949444349315065
2026-08-09 09:00:00,0.21083667572843895,0.08488071360257553,0.1259559621258634,0.1559348880136986,0.0,0.16949444349315065
2026-08-09 10:00:00,0.21550199524074848,0.07770074794484581,0.13780124729590265,0.1559348880136986,0.0,0.16949444349315065
2026-08-09 11:00:00,0.22049042457425042,0.06819140411571527,0.15229902045853516,0.1559348880136986,0.0,0.16949444349315065
2026-08-09 12:00:00,0.21320304085375993,0.07066693934885107,0.14253610150490886,0.1559348880136986,0.0,0.16949444349315065
2026-08-09 13:00:00,0.2046301958847266,0.14862346215173305,0.05600673373299356,0.1559348880136986,0.0,0.16949444349315065
2026-08-09 14:00:00,0.20240562659818678,0.16785225058623818,0.034553376011948606,0.1559348880136986,0.0,0.16949444349315065
2026-08-09 15:00:00,0.21689903663447083,0.045875047752059216,0.1710239888824116,0.1559348880136986,0.0,0.16949444349315065
2026-08-09 16:00:00,0.27905681995498954,0.15642459532183633,0.12263222463315321,0.1559348880136986,0.0,0.16949444349315065
2026-08-09 17:00:00,0.31109109282449104,0.07352613686904114,0.2375649559554499,0.1559348880136986,0.0,0.16949444349315065
2026-08-09 18:00:00,0.3284064783447142,0.02704819123732524,0.301358287107389,0.1559348880136986,0.0,0.16949444349315065
2026-08-09 19:00:00,0.36808611507094813,0.0,0.36808611507094813,0.1559348880136986,0.0,0.16949444349315065
2026-08-09 20:00:00,0.383200174772368,0.0,0.383200174772368,0.1559348880136986,0.0,0.16949444349315065
2026-08-09 21:00:00,0.3640089005992484,0.0,0.3640089005992484,0.1559348880136986,0.0,0.16949444349315065
2026-08-09 22:00:00,0.3101148019384914,0.0,0.3101148019384914,0.1559348880136986,0.0,0.16949444349315065
2026-08-09 23:00:00,0.25884741582164833,0.0,0.25884741582164833,0.1559348880136986,0.0,0.16949444349315065
2026-08-10 00:00:00,0.22331008682891368,0.0,0.22331008682891368,0.1559348880136986,0.0,0.16949444349315065
2026-08-10 01:00:00,0.20393982492114224,0.0,0.20393982492114224,0.1559348880136986,0.0,0.16949444349315065
2026-08-10 02:00:00,0.19312613739105128,0.0,0.19312613739105128,0.1559348880136986,0.0,0.16949444349315065
2026-08-10 03:00:00,0.18809121734786022,0.0,0.18809121734786022,0.1559348880136986,0.0,0.16949444349315065
2026-08-10 04:00:00,0.19015307068211817,0.0,0.19015307068211817,0.1559348880136986,0.0,0.16949444349315065
2026-08-10 05:00:00,0.1924427261446871,0.036594074331889534,0.15584865181279756,0.1559348880136986,0.0,0.16949444349315065
2026-08-10 06:00:00,0.19925822147449374,0.04276007537383298,0.15649814610066076,0.1559348880136986,0.0,0.16949444349315065
2026-08-10 07:00:00,0.20360508067746097,0.1301894027404118,0.07341567793704917,0.1559348880136986,0.0,0.16949444349315065
2026-08-10 08:00:00,0.20401419542967159,0.268225612732719,-0.06421141730304741,0.1559348880136986,0.0,0.16949444349315065
2026-08-10 09:00:00,0.1961596262238137,0.3087841973641692,-0.11262457114035548,0.1559348880136986,0.0,0.16949444349315065
2026-08-10 10:00:00,0.19096431387292162,0.45114117549401606,-0.26017686162109444,0.1559348880136986,0.0,0.16949444349315065
2026-08-10 11:00:00,0.1940791761581739,0.48781746317313146,-0.2937382870149575,0.1559348880136986,0.0,0.16949444349315065
2026-08-10 12:00:00,0.18585500999998367,0.5783434932852197,-0.39248848328523606,0.1559348880136986,0.0,0.16949444349315065
2026-08-10 13:00:00,0.17922081697914594,0.5259644562859549,-0.34674363930680896,0.1559348880136986,0.0,0.16949444349315065
2026-08-10 14:00:00,0.18074570504553722,0.5021865293049493,-0.3214408242594121,0.1559348880136986,0.0,0.16949444349315065
2026-08-10 15:00:00,0.21127833184464537,0.4118157910709545,-0.20053745922630914,0.1559348880136986,0.0,0.16949444349315065
2026-08-10 16:00:00,0.30926633058927555,0.29682672275097816,0.012439607838297395,0.1559348880136986,0.0,0.16949444349315065
2026-08-10 17:00:00,0.34698638826712647,0.16592480433460843,0.18106158393251803,0.1559348880136986,0.0,0.16949444349315065
2026-08-10 18:00:00,0.3671632613674905,0.05014100699144824,0.31702225437604226,0.1559348880136986,0.0,0.16949444349315065
2026-08-10 19:00:00,0.416412961910078,0.0,0.416412961910078,0.1559348880136986,0.0,0.16949444349315065
2026-08-10 20:00:00,0.39294458284020284,0.0,0.39294458284020284,0.1559348880136986,0.0,0.16949444349315065
2026-08-10 21:00:00,0.37108010582894263,0.0,0.37108010582894263,0.1559348880136986,0.0,0.16949444349315065
2026-08-10 22:00:00,0.3239015564491363,0.0,0.3239015564491363,0.1559348880136986,0.0,0.16949444349315065
2026-08-10 23:00:00,0.2681827064274454,0.0,0.2681827064274454,0.1559348880136986,0.0,0.16949444349315065
2026-08-11 00:00:00,0.2325849398805755,0.0,0.2325849398805755,0.1559348880136986,0.0,0.16949444349315065
2026-08-11 01:00:00,0.21072511192629068,0.0,0.21072511192629068,0.1559348880136986,0.0,0.16949444349315065
2026-08-11 02:00:00,0.19677099154511715,0.0,0.19677099154511715,0.1559348880136986,0.0,0.16949444349315065
2026-08-11 03:00:00,0.1931424087806927,0.0,0.1931424087806927,0.1559348880136986,0.0,0.16949444349315065
2026-08-11 04:00:00,0.19398621097449195,0.0,0.19398621097449195,0.1559348880136986,0.0,0.16949444349315065
2026-08-11 05:00:00,0.19594578413937286,0.02734050536079515,0.1686052787785777,0.1559348880136986,0.0,0.16949444349315065
2026-08-11 06:00:00,0.1996743118723653,0.10805574270392444,0.09161856916844087,0.1559348880136986,0.0,0.16949444349315065
2026-08-11 07:00:00,0.19733351419193118,0.1435262346237265,0.05380727956820469,0.1559348880136986,0.0,0.16949444349315065
2026-08-11 08:00:00,0.19399549562900864,0.24517847106038815,-0.05118297543137951,0.1559348880136986,0.0,0.16949444349315065
2026-08-11 09:00:00,0.18563650445589966,0.1855555246888847,8.097976701496035e-05,0.1559348880136986,0.0,0.16949444349315065
2026-08-11 10:00:00,0.18173362741752283,0.3282687606567105,-0.14653513323918768,0.1559348880136986,0.0,0.16949444349315065
2026-08-11 11:00:00,0.1846090638392723,0.35374576348038494,-0.16913669964111264,0.1559348880136986,0.0,0.16949444349315065
2026-08-11 12:00:00,0.18102464682183395,0.32609467436340306,-0.1450700275415691,0.1559348880136986,0.0,0.16949444349315065
2026-08-11 13:00:00,0.17551784896137734,0.2841384628291123,-0.10862061386773497,0.1559348880136986,0.0,0.16949444349315065
2026-08-11 14:00:00,0.17957879272174418,0.269002072123186,-0.08942327940144182,0.1559348880136986,0.0,0.16949444349315065
2026-08-11 15:00:00,0.2144071408305837,0.2270915346706874,-0.012684393840103697,0.1559348880136986,0.0,0.16949444349315065
2026-08-11 16:00:00,0.31584240953167086,0.16878400185479853,0.14705840767687234,0.1559348880136986,0.0,0.16949444349315065
2026-08-11 17:00:00,0.35719105020926933,0.05288145189897866,0.3043095983102907,0.1559348880136986,0.0,0.16949444349315065
2026-08-11 18:00:00,0.3814986027871339,0.03307717003389216,0.3484214327532417,0.1559348880136986,0.0,0.16949444349315065
2026-08-11 19:00:00,0.42165941269751755,0.0,0.42165941269751755,0.1559348880136986,0.0,0.16949444349315065
2026-08-11 20:00:00,0.3962872489870486,0.0,0.3962872489870486,0.1559348880136986,0.0,0.16949444349315065
2026-08-11 21:00:00,0.3707035328753783,0.0,0.3707035328753783,0.1559348880136986,0.0,0.16949444349315065
2026-08-11 22:00:00,0.3266282232463779,0.0,0.3266282232463779,0.1559348880136986,0.0,0.16949444349315065
2026-08-11 23:00:00,0.2705351248774879,0.0,0.2705351248774879,0.1559348880136986,0.0,0.16949444349315065
2026-08-12 00:00:00,0.23211306081125088,0.0,0.23211306081125088,0.1559348880136986,0.0,0.16949444349315065
2026-08-12 01:00:00,0.21015560298564007,0.0,0.21015560298564007,0.1559348880136986,0.0,0.16949444349315065
2026-08-12 02:00:00,0.19926520597295924,0.0,0.19926520597295924,0.1559348880136986,0.0,0.16949444349315065
2026-08-12 03:00:00,0.1955413177805085,0.0,0.1955413177805085,0.1559348880136986,0.0,0.16949444349315065
2026-08-12 04:00:00,0.19543206545784944,0.0,0.19543206545784944,0.1559348880136986,0.0,0.16949444349315065
2026-08-12 05:00:00,0.1981006185584749,0.018744643167508068,0.17935597539096684,0.1559348880136986,0.0,0.16949444349315065
2026-08-12 06:00:00,0.20562509460849518,0.06980826661115822,0.13581682799733696,0.1559348880136986,0.0,0.16949444349315065
2026-08-12 07:00:00,0.20817742049142468,0.25229449300360884,-0.04411707251218416,0.1559348880136986,0.0,0.16949444349315065
2026-08-12 08:00:00,0.2106483879252016,0.2177831568014424,-0.007134768876240788,0.1559348880136986,0.0,0.16949444349315065
2026-08-12 09:00:00,0.20236145728341517,0.04967513135716807,0.1526863259262471,0.1559348880136986,0.0,0.16949444349315065
2026-08-12 10:00:00,0.19970452441510755,0.13725975060184026,0.062444773813267296,0.1559348880136986,0.0,0.16949444349315065
2026-08-12 11:00:00,0.20903516562426958,0.04138071810370933,0.16765444752056025,0.1559348880136986,0.0,0.16949444349315065
2026-08-12 12:00:00,0.20049718790514326,0.041316774389200284,0.15918041351594298,0.1559348880136986,0.0,0.16949444349315065
2026-08-12 13:00:00,0.19567379974828655,0.3379425311802929,-0.14226873143200633,0.1559348880136986,0.0,0.16949444349315065
2026-08-12 14:00:00,0.1956063895338553,0.13536884361564427,0.06023754591821104,0.1559348880136986,0.0,0.16949444349315065
2026-08-12 15:00:00,0.22088559165935448,0.1491076074187301,0.07177798424062437,0.1559348880136986,0.0,0.16949444349315065
2026-08-12 16:00:00,0.3152101413002743,0.08207632498053606,0.23313381631973823,0.1559348880136986,0.0,0.16949444349315065
2026-08-12 17:00:00,0.34178410556154215,0.03925230589219404,0.3025317996693481,0.1559348880136986,0.0,0.16949444349315065
2026-08-12 18:00:00,0.3581324864940478,0.020617280520987186,0.3375152059730606,0.1559348880136986,0.0,0.16949444349315065
2026-08-12 19:00:00,0.4007526424068775,0.0,0.4007526424068775,0.1559348880136986,0.0,0.16949444349315065
2026-08-12 20:00:00,0.38133823260347605,0.0,0.38133823260347605,0.1559348880136986,0.0,0.16949444349315065
2026-08-12 21:00:00,0.3605593083268855,0.0,0.3605593083268855,0.16309956342200196,0.0,0.17728213415434996
2026-08-12 22:00:00,0.31868997255181375,0.0,0.31868997255181375,0.24191099291334092,0.0,0.2629467314275445
2026-08-12 23:00:00,0.2645517992018342,0.0,0.2645517992018342,0.31355774699637623,0.0,0.34082363803953936
2026-08-13 00:00:00,0.22847053143977242,0.0,0.22847053143977242,0.4246102158250807,0.0,0.46153284328813116
2026-08-13 01:00:00,0.20800076911619536,0.0,0.20800076911619536,0.4926746322039642,0.0,0.5355159045695262
2026-08-13 02:00:00,0.19596903065679408,0.0,0.19596903065679408,0.5105863207247229,0.0,0.5549851312225249
2026-08-13 03:00:00,0.19067608839218844,0.0,0.19067608839218844,0.5374538535058613,0.0,0.5841889712020231
2026-08-13 04:00:00,0.19196619945322385,0.0,0.19196619945322385,0.539245022357937,0.0,0.5861358938673229
2026-08-13 05:00:00,0.19557850979076868,0.004722700057310756,0.19085580973345792,0.5589478797307716,0.0,0.6075520431856214
2026-08-13 06:00:00,0.2032424569064904,0.02195096370931866,0.18129149319717175,0.49804813876019166,0.0,0.5413566725654257
2026-08-13 07:00:00,0.20468830929816978,0.2509608098152774,-0.04627250051710763,0.27056969454655505,0.0,0.2940974940723424
2026-08-13 08:00:00,0.20000206707571314,0.31410979530113664,-0.1141077282254235,0.1559348880136986,0.0,0.16949444349315065
2026-08-13 09:00:00,0.19131531825512174,0.41472979748929517,-0.22341447923417343,0.1559348880136986,0.0,0.16949444349315065
2026-08-13 10:00:00,0.18629666919829008,0.4703973683775965,-0.2841006991793064,0.1559348880136986,0.0,0.16949444349315065
2026-08-13 11:00:00,0.1868638525682811,0.16037997080503857,0.02648388176324254,0.1559348880136986,0.0,0.16949444349315065
2026-08-13 12:00:00,0.18133845861280498,0.3308082396043553,-0.1494697809915503,0.1559348880136986,0.0,0.16949444349315065
2026-08-13 13:00:00,0.17656156148635216,0.20408093226379032,-0.027519370777438157,0.1559348880136986,0.0,0.16949444349315065
2026-08-13 14:00:00,0.18108741056333694,0.3999405298049894,-0.21885311924165246,0.1559348880136986,0.0,0.16949444349315065
2026-08-13 15:00:00,0.21041593422590588,0.3061168309875063,-0.09570089676160043,0.1559348880136986,0.0,0.16949444349315065
2026-08-13 16:00:00,0.30146755305811107,0.08670767687426247,0.21475987618384862,0.1559348880136986,0.0,0.16949444349315065
2026-08-13 17:00:00,0.33721176579632367,0.14797489019028423,0.18923687560603944,0.1559348880136986,0.0,0.16949444349315065
2026-08-13 18:00:00,0.357607144242978,0.04233987382134498,0.31526727042163305,0.1559348880136986,0.0,0.16949444349315065
2026-08-13 19:00:00,0.40580383511352647,0.0,0.40580383511352647,0.16130839456992613,0.0,0.17533521148905015
2026-08-13 20:00:00,0.3845739708520639,0.0,0.3845739708520639,0.18996709620314026,0.0,0.2064859741338481
2026-08-13 21:00:00,0.36525717243109657,0.0,0.36525717243109657,0.2490756683216443,0.0,0.2707344220887438
2026-08-13 22:00:00,0.3256263542816341,0.0,0.3256263542816341,0.2902725519193896,0.0,0.31551364339064086
2026-08-13 23:00:00,0.2709419174061701,0.0,0.2709419174061701,0.3278870978129832,0.0,0.35639901936193824
2026-08-14 00:00:00,0.23398895300720104,0.0,0.23398895300720104,0.3601281371503491,0.0,0.3914436273373359
2026-08-14 01:00:00,0.21188040078161968,0.0,0.21188040078161968,0.3529634617420453,0.0,0.3836559366761362
2026-08-14 02:00:00,0.19991607342130582,0.0,0.19991607342130582,0.34579878633374195,0.0,0.3758682460149369
2026-08-14 03:00:00,0.19489974965182053,0.0,0.19489974965182053,0.34400761748166614,0.0,0.37392132334963707
2026-08-14 04:00:00,0.19501597569002868,0.0,0.19501597569002868,0.3386341109254383,0.0,0.3680805553537373
2026-08-14 05:00:00,0.1980285587682111,0.02647269780674385,0.17155586096146724,0.32609592896090706,0.0,0.35445209669663813
2026-08-14 06:00:00,0.2160133946517866,0.13102980584538776,0.08498358880639884,0.2007141093155956,0.0,0.2181675101256474
2026-08-14 07:00:00,0.22238723871476546,0.2577114391041606,-0.035324200389395155,0.1559348880136986,0.0,0.16949444349315065
2026-08-14 08:00:00,0.22432821500522487,0.34999135395706826,-0.1256631389518434,0.1559348880136986,0.0,0.16949444349315065
2026-08-14 09:00:00,0.21513471925466768,0.3873618876794248,-0.17222716842475713,0.1559348880136986,0.0,0.16949444349315065
2026-08-14 10:00:00,0.20688730595157387,0.38190840231343925,-0.17502109636186539,0.1559348880136986,0.0,0.16949444349315065
2026-08-14 11:00:00,0.2057994275272987,0.37973431602013175,-0.17393488849283303,0.1559348880136986,0.0,0.16949444349315065
2026-08-14 12:00:00,0.19600388191227924,0.3123376409276003,-0.11633375901532106,0.1559348880136986,0.0,0.16949444349315065
2026-08-14 13:00:00,0.1885932989149891,0.315671848898429,-0.12707854998343987,0.1559348880136986,0.0,0.16949444349315065
2026-08-14 14:00:00,0.19247757941831364,0.2887058710083297,-0.09622829159001603,0.1559348880136986,0.0,0.16949444349315065
2026-08-14 15:00:00,0.21919566180309658,0.051593442792439353,0.16760221901065722,0.1559348880136986,0.0,0.16949444349315065
2026-08-14 16:00:00,0.308029684436573,0.03634743429021179,0.2716822501463612,0.1559348880136986,0.0,0.16949444349315065
2026-08-14 17:00:00,0.34406678757377895,0.05106362344365015,0.29300316413012883,0.1559348880136986,0.0,0.16949444349315065
2026-08-14 18:00:00,0.3658057406115207,0.008011233946347259,0.35779450666517343,0.1559348880136986,0.0,0.16949444349315065
2026-08-14 19:00:00,0.4063105792957757,0.0,0.4063105792957757,0.1559348880136986,0.0,0.16949444349315065
2026-08-14 20:00:00,0.37907646967534714,0.0,0.37907646967534714,0.1559348880136986,0.0,0.16949444349315065
2026-08-14 21:00:00,0.3605151422372415,0.0,0.3605151422372415,0.1559348880136986,0.0,0.16949444349315065
2026-08-14 22:00:00,0.3313795519074068,0.0,0.3313795519074068,0.1559348880136986,0.0,0.16949444349315065
2026-08-14 23:00:00,0.2812232879878906,0.0,0.2812232879878906,0.1559348880136986,0.0,0.16949444349315065
2026-08-15 00:00:00,0.2427338130145137,0.0,0.2427338130145137,0.1559348880136986,0.0,0.16949444349315065
2026-08-15 01:00:00,0.21718961425264746,0.0,0.21718961425264746,0.1559348880136986,0.0,0.16949444349315065
2026-08-15 02:00:00,0.20106671260571748,0.0,0.20106671260571748,0.1559348880136986,0.0,0.16949444349315065
2026-08-15 03:00:00,0.19389787925406496,0.0,0.19389787925406496,0.1559348880136986,0.0,0.16949444349315065
2026-08-15 04:00:00,0.1934794648230561,0.0,0.1934794648230561,0.1559348880136986,0.0,0.16949444349315065
2026-08-15 05:00:00,0.19219400201896406,0.0008038638395422564,0.1913901381794218,0.1559348880136986,0.0,0.16949444349315065
2026-08-15 06:00:00,0.18900475129859134,0.09709396307380276,0.09191078822478858,0.1559348880136986,0.0,0.16949444349315065
2026-08-15 07:00:00,0.20795659611420184,0.09622615551975146,0.11173044059445038,0.1559348880136986,0.0,0.16949444349315065
2026-08-15 08:00:00,0.22714089357229722,0.24366209154488805,-0.01652119797259083,0.1559348880136986,0.0,0.16949444349315065
2026-08-15 09:00:00,0.22466062342400805,0.3333385837356418,-0.10867796031163374,0.1559348880136986,0.0,0.16949444349315065
2026-08-15 10:00:00,0.2190399216985344,0.3357136359888348,-0.1166737142903004,0.1559348880136986,0.0,0.16949444349315065
2026-08-15 11:00:00,0.21868659316827274,0.289783779338625,-0.07109718617035224,0.1559348880136986,0.0,0.16949444349315065
2026-08-15 12:00:00,0.2078403620861108,0.32852453551474664,-0.12068417342863583,0.1559348880136986,0.0,0.16949444349315065
2026-08-15 13:00:00,0.2015827429617346,0.2597759076011669,-0.05819316463943233,0.1559348880136986,0.0,0.16949444349315065
2026-08-15 14:00:00,0.19924892062944569,0.15270672506395339,0.0465421955654923,0.1559348880136986,0.0,0.16949444349315065
2026-08-15 15:00:00,0.20772878654063273,0.26701981697340565,-0.05929103043277292,0.1559348880136986,0.0,0.16949444349315065
2026-08-15 16:00:00,0.2624364692968305,0.1160669766502717,0.1463694926465588,0.1559348880136986,0.0,0.16949444349315065
2026-08-15 17:00:00,0.2957445816757413,0.08170179750984022,0.21404278416590108,0.1559348880136986,0.0,0.16949444349315065
2026-08-15 18:00:00,0.3147452485287259,0.014177234988290701,0.30056801354043516,0.1559348880136986,0.0,0.16949444349315065
2026-08-15 19:00:00,0.35418545922368466,0.0,0.35418545922368466,0.1559348880136986,0.0,0.16949444349315065
2026-08-15 20:00:00,0.3712497944773768,0.0,0.3712497944773768,0.1559348880136986,0.0,0.16949444349315065
2026-08-15 21:00:00,0.35465036565140257,0.0,0.35465036565140257,0.1559348880136986,0.0,0.16949444349315065
2026-08-15 22:00:00,0.3181553319060375,0.0,0.3181553319060375,0.1559348880136986,0.0,0.16949444349315065
2026-08-15 23:00:00,0.27150445109345855,0.0,0.27150445109345855,0.1559348880136986,0.0,0.16949444349315065
2026-08-16 00:00:00,0.23689693163514491,0.0,0.23689693163514491,0.1559348880136986,0.0,0.16949444349315065
2026-08-16 01:00:00,0.21367958205766768,0.0,0.21367958205766768,0.1559348880136986,0.0,0.16949444349315065
2026-08-16 02:00:00,0.1996603751880604,0.0,0.1996603751880604,0.1559348880136986,0.0,0.16949444349315065
2026-08-16 03:00:00,0.1925008399139912,0.0,0.1925008399139912,0.1559348880136986,0.0,0.16949444349315065
2026-08-16 04:00:00,0.1895649658045856,0.0,0.1895649658045856,0.16489073227407813,0.0,0.17922905681965012
2026-08-16 05:00:00,0.1847020597695486,0.0008221334722591258,0.18387992629728947,0.1720554076823815,0.0,0.18701674748084945
2026-08-16 06:00:00,0.16407655115678849,0.11001972822098789,0.054056822935800594,0.1559348880136986,0.0,0.16949444349315065
2026-08-16 07:00:00,0.18204744598208017,0.18261411382146872,-0.0005666678393885516,0.1559348880136986,0.0,0.16949444349315065
2026-08-16 08:00:00,0.20314017745530966,0.24228273427476438,-0.03914255681945472,0.1559348880136986,0.0,0.16949444349315065
2026-08-16 09:00:00,0.2076520768206738,0.2080271729306341,-0.00037509610996031006,0.1559348880136986,0.0,0.16949444349315065
2026-08-16 10:00:00,0.2101462904721823,0.3151511643659982,-0.10500487389381591,0.1559348880136986,0.0,0.16949444349315065
2026-08-16 11:00:00,0.21643877785405422,0.33445303133137083,-0.11801425347731662,0.1559348880136986,0.0,0.16949444349315065
2026-08-16 12:00:00,0.20892126634581962,0.35700689292034615,-0.14808562657452654,0.1559348880136986,0.0,0.16949444349315065
2026-08-16 13:00:00,0.20208716513864605,0.45353449737992596,-0.2514473322412799,0.1559348880136986,0.0,0.16949444349315065
2026-08-16 14:00:00,0.19848880173827277,0.3596651244806507,-0.16117632274237792,0.1559348880136986,0.0,0.16949444349315065
2026-08-16 15:00:00,0.21311006065808188,0.18210256410539635,0.03100749655268553,0.1559348880136986,0.0,0.16949444349315065
2026-08-16 16:00:00,0.2758071339798096,0.09037987305035322,0.18542726092945638,0.1559348880136986,0.0,0.16949444349315065
2026-08-16 17:00:00,0.3150055921232178,0.01723739846836634,0.29776819365485147,0.1559348880136986,0.0,0.16949444349315065
2026-08-16 18:00:00,0.3435647026740932,0.0045400037301420604,0.33902469894395115,0.1559348880136986,0.0,0.16949444349315065
2026-08-16 19:00:00,0.39205428690544064,0.0,0.39205428690544064,0.1559348880136986,0.0,0.16949444349315065
2026-08-16 20:00:00,0.40550631148109145,0.0,0.40550631148109145,0.1559348880136986,0.0,0.16949444349315065
2026-08-16 21:00:00,0.376947203912118,0.0,0.376947203912118,0.1559348880136986,0.0,0.16949444349315065
2026-08-16 22:00:00,0.31838081099844434,0.0,0.31838081099844434,0.1559348880136986,0.0,0.16949444349315065
2026-08-16 23:00:00,0.26577682306293354,0.0,0.26577682306293354,0.1559348880136986,0.0,0.16949444349315065
2026-08-17 00:00:00,0.2285704855639612,0.0,0.2285704855639612,0.1559348880136986,0.0,0.16949444349315065
2026-08-17 01:00:00,0.20836107044489946,0.0,0.20836107044489946,0.1559348880136986,0.0,0.16949444349315065
2026-08-17 02:00:00,0.1980192612711083,0.0,0.1980192612711083,0.1559348880136986,0.0,0.16949444349315065
2026-08-17 03:00:00,0.19396993968797815,0.0,0.19396993968797815,0.1559348880136986,0.0,0.16949444349315065
2026-08-17 04:00:00,0.19575982337758022,0.0,0.19575982337758022,0.1559348880136986,0.0,0.16949444349315065
2026-08-17 05:00:00,0.20231963048115426,0.0008038638395422564,0.201515766641612,0.1559348880136986,0.0,0.16949444349315065
2026-08-17 06:00:00,0.21192687963981963,0.019475428476182846,0.19245145116363677,0.1559348880136986,0.0,0.16949444349315065
2026-08-17 07:00:00,0.2091769654960564,0.05998833902584088,0.14918862647021552,0.1559348880136986,0.0,0.16949444349315065
2026-08-17 08:00:00,0.20723133674749175,0.11201111818712668,0.09522021856036507,0.1559348880136986,0.0,0.16949444349315065
2026-08-17 09:00:00,0.1968825525493157,0.21562734014085183,-0.01874478759153614,0.1559348880136986,0.0,0.16949444349315065
2026-08-17 10:00:00,0.18921394630463514,0.2070314779475647,-0.017817531642929568,0.1559348880136986,0.0,0.16949444349315065
2026-08-17 11:00:00,0.1909526907541707,0.3350559292110275,-0.1441032384568568,0.1559348880136986,0.0,0.16949444349315065
2026-08-17 12:00:00,0.18584106215944346,0.33904784395966353,-0.15320678180022007,0.1559348880136986,0.0,0.16949444349315065
2026-08-17 13:00:00,0.1808782026943095,0.24272120545996922,-0.06184300276565974,0.1559348880136986,0.0,0.16949444349315065
2026-08-17 14:00:00,0.18472064148041473,0.22523716694992515,-0.04051652546951043,0.1559348880136986,0.0,0.16949444349315065
2026-08-17 15:00:00,0.21755919613562608,0.3263139099560055,-0.10875471382037943,0.1559348880136986,0.0,0.16949444349315065
2026-08-17 16:00:00,0.3208308391054124,0.2223779694297351,0.09845286967567729,0.1559348880136986,0.0,0.16949444349315065
2026-08-17 17:00:00,0.3610776551304748,0.1316966474395535,0.2293810076909213,0.1559348880136986,0.0,0.16949444349315065
2026-08-17 18:00:00,0.39092455042731983,0.010313207668672811,0.380611342758647,0.1559348880136986,0.0,0.16949444349315065
2026-08-17 19:00:00,0.4430380640851309,0.0,0.4430380640851309,0.1559348880136986,0.0,0.16949444349315065
2026-08-17 20:00:00,0.4084282397708639,0.0,0.4084282397708639,0.1559348880136986,0.0,0.16949444349315065
2026-08-17 21:00:00,0.38031311682194724,0.0,0.38031311682194724,0.1559348880136986,0.0,0.16949444349315065
2026-08-17 22:00:00,0.329780278393655,0.0,0.329780278393655,0.1559348880136986,0.0,0.16949444349315065
2026-08-17 23:00:00,0.27387314179179867,0.0,0.27387314179179867,0.1559348880136986,0.0,0.16949444349315065
2026-08-18 00:00:00,0.2374780633801659,0.0,0.2374780633801659,0.1559348880136986,0.0,0.16949444349315065
2026-08-18 01:00:00,0.2170408441700919,0.0,0.2170408441700919,0.1559348880136986,0.0,0.16949444349315065
2026-08-18 02:00:00,0.20247769860481005,0.0,0.20247769860481005,0.1559348880136986,0.0,0.16949444349315065
2026-08-18 03:00:00,0.19729400905367428,0.0,0.19729400905367428,0.1559348880136986,0.0,0.16949444349315065
2026-08-18 04:00:00,0.1992745040322485,0.0,0.1992745040322485,0.1559348880136986,0.0,0.16949444349315065
2026-08-18 05:00:00,0.20844940116224742,0.0,0.20844940116224742,0.1559348880136986,0.0,0.16949444349315065
2026-08-18 06:00:00,0.2143513586346784,0.013583471924992443,0.20076788670968598,0.1559348880136986,0.0,0.16949444349315065
2026-08-18 07:00:00,0.2031541231041016,0.04905396384479451,0.1541001592593071,0.1559348880136986,0.0,0.16949444349315065
2026-08-18 08:00:00,0.19555292676025052,0.05954986784063601,0.1360030589196145,0.1559348880136986,0.0,0.16949444349315065
2026-08-18 09:00:00,0.18614790010157725,0.1133356665590997,0.07281223354247755,0.1559348880136986,0.0,0.16949444349315065
2026-08-18 10:00:00,0.1815290695903256,0.10859469686907208,0.07293437272125353,0.1559348880136986,0.0,0.16949444349315065
2026-08-18 11:00:00,0.1847020452344869,0.18072320683527274,0.003978838399214174,0.1559348880136986,0.0,0.16949444349315065
2026-08-18 12:00:00,0.18221480358328349,0.20482085238882353,-0.02260604880554004,0.1559348880136986,0.0,0.16949444349315065
2026-08-18 13:00:00,0.18267041077681553,0.2313026850119258,-0.04863227423511027,0.1559348880136986,0.0,0.16949444349315065
2026-08-18 14:00:00,0.19175465216106063,0.3225686352490472,-0.13081398308798659,0.1559348880136986,0.0,0.16949444349315065
2026-08-18 15:00:00,0.23438642829732795,0.3863113837982048,-0.15192495550087684,0.1559348880136986,0.0,0.16949444349315065
2026-08-18 16:00:00,0.34014298889786104,0.2629274192448268,0.07721556965303422,0.1559348880136986,0.0,0.16949444349315065
2026-08-18 17:00:00,0.3826329703327608,0.09070872643925687,0.2919242438935039,0.1559348880136986,0.0,0.16949444349315065
2026-08-18 18:00:00,0.4046369194420795,0.029085255285256184,0.37555166415682334,0.1559348880136986,0.0,0.16949444349315065
2026-08-18 19:00:00,0.4439376547745444,0.0,0.4439376547745444,0.1559348880136986,0.0,0.16949444349315065
2026-08-18 20:00:00,0.40919068417396715,0.0,0.40919068417396715,0.1559348880136986,0.0,0.16949444349315065
2026-08-18 21:00:00,0.38124525139504867,0.0,0.38124525139504867,0.1559348880136986,0.0,0.16949444349315065
2026-08-18 22:00:00,0.3350081341693852,0.0,0.3350081341693852,0.1559348880136986,0.0,0.16949444349315065
2026-08-18 23:00:00,0.27602797642115395,0.0,0.27602797642115395,0.1559348880136986,0.0,0.16949444349315065
2026-08-19 00:00:00,0.2380034061688633,0.0,0.2380034061688633,0.1559348880136986,0.0,0.16949444349315065
2026-08-19 01:00:00,0.2146489091838758,0.0,0.2146489091838758,0.1559348880136986,0.0,0.16949444349315065
2026-08-19 02:00:00,0.2018128851176861,0.0,0.2018128851176861,0.1559348880136986,0.0,0.16949444349315065
2026-08-19 03:00:00,0.19842837748004133,0.0,0.19842837748004133,0.1559348880136986,0.0,0.16949444349315065
2026-08-19 04:00:00,0.19863758455732364,0.0,0.19863758455732364,0.1559348880136986,0.0,0.16949444349315065
2026-08-19 05:00:00,0.20817045875098325,0.014971964011474525,0.19319849473950873,0.1559348880136986,0.0,0.16949444349315065
2026-08-19 06:00:00,0.21892369830368485,0.03660320914824797,0.1823204891554369,0.1559348880136986,0.0,0.16949444349315065
2026-08-19 07:00:00,0.21161306754774065,0.18248622639245063,0.029126841155290017,0.1559348880136986,0.0,0.16949444349315065
2026-08-19 08:00:00,0.20916534186387567,0.31336074035974504,-0.10419539849586937,0.1559348880136986,0.0,0.16949444349315065
2026-08-19 09:00:00,0.19851901876026012,0.37554143531161027,-0.17702241655135015,0.1559348880136986,0.0,0.16949444349315065
2026-08-19 10:00:00,0.19694531447922303,0.31099482292291036,-0.11404950844368733,0.1559348880136986,0.0,0.16949444349315065
2026-08-19 11:00:00,0.20864232079707448,0.4839534358535136,-0.2753111150564391,0.1559348880136986,0.0,0.16949444349315065
2026-08-19 12:00:00,0.20346095621794005,0.4860544436159536,-0.2825934873980136,0.1559348880136986,0.0,0.16949444349315065
2026-08-19 13:00:00,0.20075288607003594,0.42526224075057045,-0.2245093546805345,0.1559348880136986,0.0,0.16949444349315065
2026-08-19 14:00:00,0.20360972754059503,0.41008931077921035,-0.20647958323861532,0.1559348880136986,0.0,0.16949444349315065
2026-08-19 15:00:00,0.2333450427271166,0.35482367181068025,-0.12147862908356366,0.1559348880136986,0.0,0.16949444349315065
2026-08-19 16:00:00,0.3352614890774647,0.19752213411843417,0.13773935495903056,0.1559348880136986,0.0,0.16949444349315065
2026-08-19 17:00:00,0.3660265711970853,0.11710834571513323,0.24891822548195208,0.1559348880136986,0.0,0.16949444349315065
2026-08-19 18:00:00,0.385708319760262,0.017867700797098332,0.36784061896316367,0.1559348880136986,0.0,0.16949444349315065
2026-08-19 19:00:00,0.42767528388931536,0.0,0.42767528388931536,0.1559348880136986,0.0,0.16949444349315065
2026-08-19 20:00:00,0.400515559672407,0.0,0.400515559672407,0.1559348880136986,0.0,0.16949444349315065
2026-08-19 21:00:00,0.3736091888450954,0.0,0.3736091888450954,0.1559348880136986,0.0,0.16949444349315065
2026-08-19 22:00:00,0.32618888830653664,0.0,0.32618888830653664,0.1559348880136986,0.0,0.16949444349315065
2026-08-19 23:00:00,0.27044214411613643,0.0,0.27044214411613643,0.1559348880136986,0.0,0.16949444349315065
2026-08-20 00:00:00,0.2345607854185232,0.0,0.2345607854185232,0.1559348880136986,0.0,0.16949444349315065
2026-08-20 01:00:00,0.2115665898310459,0.0,0.2115665898310459,0.1559348880136986,0.0,0.16949444349315065
2026-08-20 02:00:00,0.20023453324261387,0.0,0.20023453324261387,0.1559348880136986,0.0,0.16949444349315065
2026-08-20 03:00:00,0.19537860160356113,0.0,0.19537860160356113,0.1559348880136986,0.0,0.16949444349315065
2026-08-20 04:00:00,0.19504154523747275,0.0,0.19504154523747275,0.1559348880136986,0.0,0.16949444349315065
2026-08-20 05:00:00,0.20631548849118234,0.014981098827832957,0.19133438966334937,0.18459358964691272,0.0,0.2006452061379486
2026-08-20 06:00:00,0.22081818563545078,0.10671292469923452,0.11410526093621626,0.1559348880136986,0.0,0.16949444349315065
2026-08-20 07:00:00,0.21292177461254644,0.143873357645347,0.06904841696719943,0.1559348880136986,0.0,0.16949444349315065
2026-08-20 08:00:00,0.20138050969972393,0.32531821497293606,-0.12393770527321213,0.1559348880136986,0.0,0.16949444349315065
2026-08-20 09:00:00,0.19246363309250406,0.44501171371750636,-0.25254808062500234,0.1559348880136986,0.0,0.16949444349315065
2026-08-20 10:00:00,0.19389553992522338,0.44934161667140443,-0.25544607674618103,0.1559348880136986,0.0,0.16949444349315065
2026-08-20 11:00:00,0.20222431044239148,0.47665471758312417,-0.2744304071407327,0.1559348880136986,0.0,0.16949444349315065
2026-08-20 12:00:00,0.19559709149100027,0.46843338286053293,-0.2728362913695327,0.1559348880136986,0.0,0.16949444349315065
2026-08-20 13:00:00,0.18700332537851563,0.45894230866411934,-0.27193898328560373,0.1559348880136986,0.0,0.16949444349315065
2026-08-20 14:00:00,0.1964664639591343,0.3263230447723639,-0.1298565808132296,0.1559348880136986,0.0,0.16949444349315065
2026-08-20 15:00:00,0.23579044239272276,0.31728871139387194,-0.08149826900114918,0.1559348880136986,0.0,0.16949444349315065
2026-08-20 16:00:00,0.33546837129318413,0.20988154065139636,0.12558683064178777,0.1559348880136986,0.0,0.16949444349315065
2026-08-20 17:00:00,0.3701828198016393,0.12173056279250122,0.2484522570091381,0.1559348880136986,0.0,0.16949444349315065
2026-08-20 18:00:00,0.3924726857946135,0.026235192581424545,0.36623749321318894,0.1559348880136986,0.0,0.16949444349315065
2026-08-20 19:00:00,0.43486271347501726,0.0,0.43486271347501726,0.1559348880136986,0.0,0.16949444349315065
2026-08-20 20:00:00,0.3970148256182027,0.0,0.3970148256182027,0.1559348880136986,0.0,0.16949444349315065
2026-08-20 21:00:00,0.3693343883279284,0.0,0.3693343883279284,0.1559348880136986,0.0,0.16949444349315065
2026-08-20 22:00:00,0.3313074922160632,0.0,0.3313074922160632,0.21683462898427852,0.0,0.2356898141133462
2026-08-20 23:00:00,0.2755584233693788,0.0,0.2755584233693788,0.28669021421523794,0.0,0.3116197980600412
2026-08-21 00:00:00,0.2379894597302909,0.0,0.2379894597302909,0.3529634617420453,0.0,0.3836559366761362
2026-08-21 01:00:00,0.21368190727161712,0.0,0.21368190727161712,0.4192367092688531,0.0,0.4556920752922316
2026-08-21 02:00:00,0.20211972288621258,0.0,0.20211972288621258,0.449686579754143,0.0,0.48878976060232937
2026-08-21 03:00:00,0.19711269733848932,0.0,0.19711269733848932,0.47297177483112934,0.0,0.5140997552512275
2026-08-21 04:00:00,0.19752181302439248,0.0,0.19752181302439248,0.49625696990811585,0.0,0.5394097499001259
2026-08-21 05:00:00,0.20662697490921803,0.012697394738224276,0.19392958017099374,0.5338715158017092,0.0,0.580295125871423
2026-08-21 06:00:00,0.23235712578162035,0.09625355996882676,0.1361035658127936,0.34579878633374195,0.0,0.3758682460149369
2026-08-21 07:00:00,0.238972719317885,0.23942353675457428,-0.0004508174366892881,0.1559348880136986,0.0,0.16949444349315065
2026-08-21 08:00:00,0.24351716280099364,0.3584593287213373,-0.11494216592034365,0.1559348880136986,0.0,0.16949444349315065
2026-08-21 09:00:00,0.23504891956358487,0.37566018792426986,-0.140611268360685,0.1559348880136986,0.0,0.16949444349315065
2026-08-21 10:00:00,0.23442362157740712,0.43987794692406607,-0.20545432534665894,0.1559348880136986,0.0,0.16949444349315065
2026-08-21 11:00:00,0.23292895200705419,0.5156238441682068,-0.2826948921611526,0.1559348880136986,0.0,0.16949444349315065
2026-08-21 12:00:00,0.21908176025434165,0.4685704051059095,-0.24948864485156788,0.1559348880136986,0.0,0.16949444349315065
2026-08-21 13:00:00,0.20984410110866042,0.43195806114130314,-0.22211396003264272,0.1559348880136986,0.0,0.16949444349315065
2026-08-21 14:00:00,0.2109668461668086,0.42801182047445935,-0.21704497430765074,0.1559348880136986,0.0,0.16949444349315065
2026-08-21 15:00:00,0.2365063948996876,0.3236922176611347,-0.0871858227614471,0.1559348880136986,0.0,0.16949444349315065
2026-08-21 16:00:00,0.3347779863143834,0.21739949451438817,0.11737849179999521,0.1559348880136986,0.0,0.16949444349315065
2026-08-21 17:00:00,0.3602896433204321,0.1192276231102901,0.241062020210142,0.1559348880136986,0.0,0.16949444349315065
2026-08-21 18:00:00,0.37787467135548797,0.0191739795363545,0.35870069181913344,0.1559348880136986,0.0,0.16949444349315065
2026-08-21 19:00:00,0.41385133616757197,0.0,0.41385133616757197,0.1559348880136986,0.0,0.16949444349315065
2026-08-21 20:00:00,0.3787045455355663,0.0,0.3787045455355663,0.1559348880136986,0.0,0.16949444349315065
2026-08-21 21:00:00,0.3537879683256808,0.0,0.3537879683256808,0.1559348880136986,0.0,0.16949444349315065
2026-08-21 22:00:00,0.32835302087746726,0.0,0.32835302087746726,0.1917582650552161,0.0,0.20843289679914792
2026-08-21 23:00:00,0.2787081530627572,0.0,0.2787081530627572,0.4783452813873571,0.0,0.5199405232471273
2026-08-22 00:00:00,0.24180167959479532,0.0,0.24180167959479532,0.43356606008546017,0.0,0.4712674566146306
2026-08-22 01:00:00,0.21702922279894232,0.0,0.21702922279894232,0.37445748796695605,0.0,0.40701900865973484
2026-08-22 02:00:00,0.20141306735520376,0.0,0.20141306735520376,0.3565457994461971,0.0,0.38754978200673595
2026-08-22 03:00:00,0.19482768957109564,0.0,0.19482768957109564,0.3475899551858178,0.0,0.37781516868023673
2026-08-22 04:00:00,0.19264496099484887,0.0,0.19264496099484887,0.3529634617420453,0.0,0.3836559366761362
2026-08-22 05:00:00,0.19377467901367984,0.012277193185736278,0.18149748582794356,0.3493811240378937,0.0,0.3797620913455366
2026-08-22 06:00:00,0.19333766543657194,0.11220294933065379,0.08113471610591814,0.23653748635711305,0.0,0.2571059634316446
2026-08-22 07:00:00,0.2099347665599706,0.23996249091972194,-0.030027724359751345,0.1559348880136986,0.0,0.16949444349315065
2026-08-22 08:00:00,0.22732685535234837,0.3561025461008611,-0.12877569074851275,0.1559348880136986,0.0,0.16949444349315065
2026-08-22 09:00:00,0.22618551147128008,0.45626580747109796,-0.23008029599981789,0.1559348880136986,0.0,0.16949444349315065
2026-08-22 10:00:00,0.22706650487730667,0.5179988964213997,-0.29093239154409306,0.1559348880136986,0.0,0.16949444349315065
2026-08-22 11:00:00,0.22743145540557247,0.5479976333424995,-0.32056617793692704,0.1559348880136986,0.0,0.16949444349315065
2026-08-22 12:00:00,0.21797296557158186,0.5528938949106206,-0.3349209293390387,0.1559348880136986,0.0,0.16949444349315065
2026-08-22 13:00:00,0.21040431454073485,0.5309703356503772,-0.3205660211096424,0.1559348880136986,0.0,0.16949444349315065
2026-08-22 14:00:00,0.20739870484692643,0.4656746683202857,-0.25827596347335924,0.1559348880136986,0.0,0.16949444349315065
2026-08-22 15:00:00,0.22302648355179305,0.3708461397033748,-0.14781965615158177,0.1559348880136986,0.0,0.16949444349315065
2026-08-22 16:00:00,0.2878435234783674,0.2558936106488321,0.0319499128295353,0.1559348880136986,0.0,0.16949444349315065
2026-08-22 17:00:00,0.3261912050232287,0.12792396828351996,0.19826723673970872,0.1559348880136986,0.0,0.16949444349315065
2026-08-22 18:00:00,0.33517549519136003,0.013903190497537661,0.32127230469382234,0.1559348880136986,0.0,0.16949444349315065
2026-08-22 19:00:00,0.36583132735357327,0.0,0.36583132735357327,0.1559348880136986,0.0,0.16949444349315065
2026-08-22 20:00:00,0.37016889035186257,0.0,0.37016889035186257,0.1559348880136986,0.0,0.16949444349315065
2026-08-22 21:00:00,0.3479441126484115,0.0,0.3479441126484115,0.1559348880136986,0.0,0.16949444349315065
2026-08-22 22:00:00,0.3108307556097877,0.0,0.3108307556097877,0.1559348880136986,0.0,0.16949444349315065
2026-08-22 23:00:00,0.26532354069988573,0.0,0.26532354069988573,0.1559348880136986,0.0,0.16949444349315065
2026-08-23 00:00:00,0.23039756145212176,0.0,0.23039756145212176,0.1559348880136986,0.0,0.16949444349315065
2026-08-23 01:00:00,0.2070779327521874,0.0,0.2070779327521874,0.1559348880136986,0.0,0.16949444349315065
2026-08-23 02:00:00,0.19464637610371843,0.0,0.19464637610371843,0.1559348880136986,0.0,0.16949444349315065
2026-08-23 03:00:00,0.18718697711014834,0.0,0.18718697711014834,0.1559348880136986,0.0,0.16949444349315065
2026-08-23 04:00:00,0.18542731241548582,0.0,0.18542731241548582,0.1559348880136986,0.0,0.16949444349315065
2026-08-23 05:00:00,0.18511117677845554,0.009052603011208818,0.1760585737672467,0.1559348880136986,0.0,0.16949444349315065
2026-08-23 06:00:00,0.17027140964547186,0.10255658325614672,0.06771482638932513,0.1559348880136986,0.0,0.16949444349315065
2026-08-23 07:00:00,0.18573414255053697,0.22088899436331022,-0.03515485181277325,0.1559348880136986,0.0,0.16949444349315065
2026-08-23 08:00:00,0.20652468572857274,0.3340419645952412,-0.12751727886666847,0.1559348880136986,0.0,0.16949444349315065
2026-08-23 09:00:00,0.21372838441069003,0.427418057411161,-0.21368967300047098,0.1559348880136986,0.0,0.16949444349315065
2026-08-23 10:00:00,0.21696877065957032,0.47002284090690066,-0.25305407024733034,0.1559348880136986,0.0,0.16949444349315065
2026-08-23 11:00:00,0.2265248903293564,0.42269535735385033,-0.19617046702449392,0.1559348880136986,0.0,0.16949444349315065
2026-08-23 12:00:00,0.21939324929948573,0.41508605532727416,-0.19569280602778844,0.1559348880136986,0.0,0.16949444349315065
2026-08-23 13:00:00,0.21070650202748165,0.4062800923577431,-0.19557359033026145,0.1559348880136986,0.0,0.16949444349315065
2026-08-23 14:00:00,0.2021940936080168,0.37492940261559504,-0.17273530900757825,0.1559348880136986,0.0,0.16949444349315065
2026-08-23 15:00:00,0.21667820603537666,0.3066649199690123,-0.08998671393363564,0.1559348880136986,0.0,0.16949444349315065
2026-08-23 16:00:00,0.2859862274671051,0.22880888014607312,0.057177347321031996,0.1559348880136986,0.0,0.16949444349315065
2026-08-23 17:00:00,0.3233436620272815,0.1128880605575364,0.21045560146974507,0.1559348880136986,0.0,0.16949444349315065
2026-08-23 18:00:00,0.3505103827030939,0.014679649888004614,0.3358307328150893,0.1559348880136986,0.0,0.16949444349315065
2026-08-23 19:00:00,0.398230548927657,0.0,0.398230548927657,0.1559348880136986,0.0,0.16949444349315065
2026-08-23 20:00:00,0.40018315036570185,0.0,0.40018315036570185,0.1559348880136986,0.0,0.16949444349315065
2026-08-23 21:00:00,0.36171459530288275,0.0,0.36171459530288275,0.1559348880136986,0.0,0.16949444349315065
2026-08-23 22:00:00,0.3025182567437353,0.0,0.3025182567437353,0.1559348880136986,0.0,0.16949444349315065
2026-08-23 23:00:00,0.25022575520264295,0.0,0.25022575520264295,0.1559348880136986,0.0,0.16949444349315065
2026-08-24 00:00:00,0.21515565543537082,0.0,0.21515565543537082,0.1559348880136986,0.0,0.16949444349315065
2026-08-24 01:00:00,0.19584815571593583,0.0,0.19584815571593583,0.1559348880136986,0.0,0.16949444349315065
2026-08-24 02:00:00,0.18602239083458855,0.0,0.18602239083458855,0.1559348880136986,0.0,0.16949444349315065
2026-08-24 03:00:00,0.18256814745699532,0.0,0.18256814745699532,0.1559348880136986,0.0,0.16949444349315065
2026-08-24 04:00:00,0.18625019409206106,0.0,0.18625019409206106,0.1559348880136986,0.0,0.16949444349315065
2026-08-24 05:00:00,0.20288449056316973,0.009774253503525161,0.19311023705964458,0.1559348880136986,0.0,0.16949444349315065
2026-08-24 06:00:00,0.22123427652623806,0.10650282392299053,0.11473145260324753,0.1559348880136986,0.0,0.16949444349315065
2026-08-24 07:00:00,0.20649446565625074,0.23513930788246842,-0.028644842226217687,0.1559348880136986,0.0,0.16949444349315065
2026-08-24 08:00:00,0.20386310199877225,0.35234813657754444,-0.14848503457877218,0.1559348880136986,0.0,0.16949444349315065
2026-08-24 09:00:00,0.1936305441790684,0.444564107715943,-0.2509335635368746,0.1559348880136986,0.0,0.16949444349315065
2026-08-24 10:00:00,0.18909772149367166,0.5011177557910125,-0.3120200342973408,0.1559348880136986,0.0,0.16949444349315065
2026-08-24 11:00:00,0.18913723875032015,0.5275265098832473,-0.33838927113292716,0.1559348880136986,0.0,0.16949444349315065
2026-08-24 12:00:00,0.18173827771420217,0.5263755230220846,-0.3446372453078824,0.1559348880136986,0.0,0.16949444349315065
2026-08-24 13:00:00,0.1788535430264433,0.5006610149730908,-0.3218074719466475,0.1559348880136986,0.0,0.16949444349315065
2026-08-24 14:00:00,0.18359324800239724,0.43524659503033963,-0.2516533470279424,0.1559348880136986,0.0,0.16949444349315065
2026-08-24 15:00:00,0.2205369129821133,0.3484567048088512,-0.1279197918267379,0.1559348880136986,0.0,0.16949444349315065
2026-08-24 16:00:00,0.3318049200594413,0.22946658692388042,0.10233833313556087,0.1559348880136986,0.0,0.16949444349315065
2026-08-24 17:00:00,0.36082893197076626,0.10874085393080704,0.25208807803995925,0.1559348880136986,0.0,0.16949444349315065
2026-08-24 18:00:00,0.3879352127316205,0.0137296289867274,0.3742055837448931,0.1559348880136986,0.0,0.16949444349315065
2026-08-24 19:00:00,0.4374963985653834,0.0,0.4374963985653834,0.1559348880136986,0.0,0.16949444349315065
2026-08-24 20:00:00,0.397089210138043,0.0,0.397089210138043,0.1559348880136986,0.0,0.16949444349315065
2026-08-24 21:00:00,0.3627304147955965,0.0,0.3627304147955965,0.1559348880136986,0.0,0.16949444349315065
2026-08-24 22:00:00,0.3113235548632901,0.0,0.3113235548632901,0.1559348880136986,0.0,0.16949444349315065
2026-08-24 23:00:00,0.25648105027470475,0.0,0.25648105027470475,0.1559348880136986,0.0,0.16949444349315065
2026-08-25 00:00:00,0.21960944395352244,0.0,0.21960944395352244,0.1559348880136986,0.0,0.16949444349315065
2026-08-25 01:00:00,0.20012760483978295,0.0,0.20012760483978295,0.1559348880136986,0.0,0.16949444349315065
2026-08-25 02:00:00,0.1884305977296984,0.0,0.1884305977296984,0.1559348880136986,0.0,0.16949444349315065
2026-08-25 03:00:00,0.18342124760602652,0.0,0.18342124760602652,0.1559348880136986,0.0,0.16949444349315065
2026-08-25 04:00:00,0.1873357469226058,0.0,0.1873357469226058,0.1559348880136986,0.0,0.16949444349315065
2026-08-25 05:00:00,0.2048301174151771,0.007645841292009869,0.19718427612316722,0.1559348880136986,0.0,0.16949444349315065
2026-08-25 06:00:00,0.22102739302807817,0.09134816358434732,0.12967922944373084,0.1559348880136986,0.0,0.16949444349315065
2026-08-25 07:00:00,0.2023591362403618,0.22673527683270847,-0.024376140592346662,0.1559348880136986,0.0,0.16949444349315065
2026-08-25 08:00:00,0.18994152512233106,0.31842142862231787,-0.1284799034999868,0.1559348880136986,0.0,0.16949444349315065
2026-08-25 09:00:00,0.17702879130182594,0.41866690333978057,-0.24163811203795463,0.1559348880136986,0.0,0.16949444349315065
2026-08-25 10:00:00,0.17156150986136298,0.48755255349873694,-0.31599104363737396,0.1559348880136986,0.0,0.16949444349315065
2026-08-25 11:00:00,0.17307012589849632,0.5075852057727842,-0.33451507987428786,0.1559348880136986,0.0,0.16949444349315065
2026-08-25 12:00:00,0.1682025719696303,0.510499212191125,-0.34229664022149475,0.1559348880136986,0.0,0.16949444349315065
2026-08-25 13:00:00,0.17190786403507607,0.488667001094466,-0.3167591370593899,0.1559348880136986,0.0,0.16949444349315065
2026-08-25 14:00:00,0.1817313045657096,0.42852337019053166,-0.24679206562482206,0.1559348880136986,0.0,0.16949444349315065
2026-08-25 15:00:00,0.2278335953844477,0.3420349289088716,-0.11420133352442391,0.1559348880136986,0.0,0.16949444349315065
2026-08-25 16:00:00,0.3419166018009897,0.22858964455347072,0.11332695724751898,0.1559348880136986,0.0,0.16949444349315065
2026-08-25 17:00:00,0.3803316917825549,0.10600040902327662,0.27433128275927826,0.1559348880136986,0.0,0.16949444349315065
2026-08-25 18:00:00,0.40485542643616784,0.01150986861162776,0.39334555782454006,0.1559348880136986,0.0,0.16949444349315065
2026-08-25 19:00:00,0.44515338211152916,0.0,0.44515338211152916,0.1559348880136986,0.0,0.16949444349315065
2026-08-25 20:00:00,0.39890931263003265,0.0,0.39890931263003265,0.1559348880136986,0.0,0.16949444349315065
2026-08-25 21:00:00,0.3639554387182611,0.0,0.3639554387182611,0.1559348880136986,0.0,0.16949444349315065
2026-08-25 22:00:00,0.3159005436455834,0.0,0.3159005436455834,0.1559348880136986,0.0,0.16949444349315065
2026-08-25 23:00:00,0.2586986470756833,0.0,0.2586986470756833,0.1559348880136986,0.0,0.16949444349315065
2026-08-26 00:00:00,0.2235053477465551,0.0,0.2235053477465551,0.1559348880136986,0.0,0.16949444349315065
2026-08-26 01:00:00,0.20070641215433563,0.0,0.20070641215433563,0.1559348880136986,0.0,0.16949444349315065
2026-08-26 02:00:00,0.18831437220777889,0.0,0.18831437220777889,0.1559348880136986,0.0,0.16949444349315065
2026-08-26 03:00:00,0.1846323253538823,0.0,0.1846323253538823,0.1559348880136986,0.0,0.16949444349315065
2026-08-26 04:00:00,0.18854914897680014,0.0,0.18854914897680014,0.1559348880136986,0.0,0.16949444349315065
2026-08-26 05:00:00,0.20360974232786766,0.006357832185470573,0.1972519101423971,0.1559348880136986,0.0,0.16949444349315065
2026-08-26 06:00:00,0.22852863301050097,0.09665549188859789,0.13187314112190307,0.1559348880136986,0.0,0.16949444349315065
2026-08-26 07:00:00,0.219572238920421,0.21694275369646643,0.002629485223954564,0.1559348880136986,0.0,0.16949444349315065
2026-08-26 08:00:00,0.21062049384082607,0.331977496098235,-0.12135700225740895,0.1559348880136986,0.0,0.16949444349315065
2026-08-26 09:00:00,0.1956389332801406,0.42724449590035074,-0.23160556262021015,0.1559348880136986,0.0,0.16949444349315065
2026-08-26 10:00:00,0.18966025593103805,0.4912064800421108,-0.3015462241110728,0.1559348880136986,0.0,0.16949444349315065
2026-08-26 11:00:00,0.18964398420725773,0.515523361188264,-0.32587937698100633,0.1559348880136986,0.0,0.16949444349315065
2026-08-26 12:00:00,0.1827378224078241,0.5212508910450027,-0.33851306863717856,0.1559348880136986,0.0,0.16949444349315065
2026-08-26 13:00:00,0.1785420561330771,0.49053963844794507,-0.31199758231486796,0.1559348880136986,0.0,0.16949444349315065
2026-08-26 14:00:00,0.18376061320676348,0.42382807458229627,-0.24006746137553278,0.1559348880136986,0.0,0.16949444349315065
2026-08-26 15:00:00,0.2210436589554325,0.3315024856475964,-0.11045882669216389,0.1559348880136986,0.0,0.16949444349315065
2026-08-26 16:00:00,0.3250730973750321,0.21645860842946937,0.10861448894556272,0.1559348880136986,0.0,0.16949444349315065
2026-08-26 17:00:00,0.36689826587395274,0.09558671837466103,0.2713115474992917,0.1559348880136986,0.0,0.16949444349315065
2026-08-26 18:00:00,0.3989092933646558,0.009143951174793165,0.38976534218986264,0.1559348880136986,0.0,0.16949444349315065
2026-08-26 19:00:00,0.44688747713159604,0.0,0.44688747713159604,0.1559348880136986,0.0,0.16949444349315065
2026-08-26 20:00:00,0.4091790619860725,0.0,0.4091790619860725,0.1559348880136986,0.0,0.16949444349315065
2026-08-26 21:00:00,0.3763474789256993,0.0,0.3763474789256993,0.1559348880136986,0.0,0.16949444349315065
2026-08-26 22:00:00,0.3266747144048517,0.0,0.3266747144048517,0.1559348880136986,0.0,0.16949444349315065
2026-08-26 23:00:00,0.27095818921252907,0.0,0.27095818921252907,0.1559348880136986,0.0,0.16949444349315065
2026-08-27 00:00:00,0.23318466748399094,0.0,0.23318466748399094,0.1559348880136986,0.0,0.16949444349315065
2026-08-27 01:00:00,0.20995801960744961,0.0,0.20995801960744961,0.1559348880136986,0.0,0.16949444349315065
2026-08-27 02:00:00,0.19738234217071102,0.0,0.19738234217071102,0.1559348880136986,0.0,0.16949444349315065
2026-08-27 03:00:00,0.19206847904801294,0.0,0.19206847904801294,0.1559348880136986,0.0,0.16949444349315065
2026-08-27 04:00:00,0.19201966349664715,0.0,0.19201966349664715,0.1559348880136986,0.0,0.16949444349315065
2026-08-27 05:00:00,0.20968140001836114,0.0030875679291509387,0.2065938320892102,0.1559348880136986,0.0,0.16949444349315065
2026-08-27 06:00:00,0.23317535727190772,0.08372059192505432,0.1494547653468534,0.1559348880136986,0.0,0.16949444349315065
2026-08-27 07:00:00,0.21457451127524432,0.20577087329010074,0.008803637985143581,0.1559348880136986,0.0,0.16949444349315065
2026-08-27 08:00:00,0.19855621261210255,0.31613772453270916,-0.11758151192060662,0.1559348880136986,0.0,0.16949444349315065
2026-08-27 09:00:00,0.18549935838355022,0.4096051655122133,-0.2241058071286631,0.1559348880136986,0.0,0.16949444349315065
2026-08-27 10:00:00,0.1839953911987408,0.46183804544974316,-0.27784265425100235,0.1559348880136986,0.0,0.16949444349315065
2026-08-27 11:00:00,0.1925938064094029,0.48939778640314063,-0.29680397999373775,0.1559348880136986,0.0,0.16949444349315065
2026-08-27 12:00:00,0.1857178628671859,0.5019855633450637,-0.31626770047787783,0.1559348880136986,0.0,0.16949444349315065
2026-08-27 13:00:00,0.1792022213184524,0.46551024162583393,-0.28630802030738156,0.1559348880136986,0.0,0.16949444349315065
2026-08-27 14:00:00,0.19065050349837695,0.398104431716944,-0.20745392821856704,0.1559348880136986,0.0,0.16949444349315065
2026-08-27 15:00:00,0.23151331668084155,0.30658270662178644,-0.07506938994094489,0.1559348880136986,0.0,0.16949444349315065
2026-08-27 16:00:00,0.3377464039927942,0.1986365817141632,0.139109822278631,0.1559348880136986,0.0,0.16949444349315065
2026-08-27 17:00:00,0.37366495637122293,0.07989310387087015,0.29377185250035276,0.1559348880136986,0.0,0.16949444349315065
2026-08-27 18:00:00,0.4077936250177322,0.0,0.4077936250177322,0.1559348880136986,0.0,0.16949444349315065
2026-08-27 19:00:00,0.45303816841650185,0.0,0.45303816841650185,0.1559348880136986,0.0,0.16949444349315065
2026-08-27 20:00:00,0.4008456413298627,0.0,0.4008456413298627,0.1559348880136986,0.0,0.16949444349315065
2026-08-27 21:00:00,0.36528041720464727,0.0,0.36528041720464727,0.1559348880136986,0.0,0.16949444349315065
2026-08-27 22:00:00,0.32389923235800244,0.0,0.32389923235800244,0.1559348880136986,0.0,0.16949444349315065
2026-08-27 23:00:00,0.2684918687787315,0.0,0.2684918687787315,0.1559348880136986,0.0,0.16949444349315065
2026-08-28 00:00:00,0.23265467631859066,0.0,0.23265467631859066,0.1559348880136986,0.0,0.16949444349315065
2026-08-28 01:00:00,0.21034156595217562,0.0,0.21034156595217562,0.1559348880136986,0.0,0.16949444349315065
2026-08-28 02:00:00,0.1968941918386758,0.0,0.1968941918386758,0.1559348880136986,0.0,0.16949444349315065
2026-08-28 03:00:00,0.1928657912350713,0.0,0.1928657912350713,0.1559348880136986,0.0,0.16949444349315065
2026-08-28 04:00:00,0.19409081520653906,0.0,0.19409081520653906,0.1559348880136986,0.0,0.16949444349315065
2026-08-28 05:00:00,0.20823089691831673,0.0030510286637171996,0.20517986825459952,0.1559348880136986,0.0,0.16949444349315065
2026-08-28 06:00:00,0.24521871773443896,0.07786517463929764,0.16735354309514133,0.1559348880136986,0.0,0.16949444349315065
2026-08-28 07:00:00,0.24564177809576174,0.19044265144064726,0.05519912665511448,0.1559348880136986,0.0,0.16949444349315065
2026-08-28 08:00:00,0.2457068635627638,0.24732515290462032,-0.0016182893418565103,0.1559348880136986,0.0,0.16949444349315065
2026-08-28 09:00:00,0.23894017185586894,0.14961002231844403,0.08933014953742491,0.1559348880136986,0.0,0.16949444349315065
2026-08-28 10:00:00,0.23591364072268545,0.10734322702796653,0.12857041369471892,0.1559348880136986,0.0,0.16949444349315065
2026-08-28 11:00:00,0.2346281785492022,0.29507283801015866,-0.06044465946095645,0.1559348880136986,0.0,0.16949444349315065
2026-08-28 12:00:00,0.21759173978187582,0.44889401066984114,-0.23130227088796532,0.1559348880136986,0.0,0.16949444349315065
2026-08-28 13:00:00,0.20808443647282002,0.3514711942071347,-0.14338675773431467,0.1559348880136986,0.0,0.16949444349315065
2026-08-28 14:00:00,0.20663625746508354,0.3386915861216845,-0.13205532865660094,0.1559348880136986,0.0,0.16949444349315065
2026-08-28 15:00:00,0.2320316860253201,0.2686732187342823,-0.0366415327089622,0.1559348880136986,0.0,0.16949444349315065
2026-08-28 16:00:00,0.33007315029363143,0.09351311506129634,0.2365600352323351,0.1559348880136986,0.0,0.16949444349315065
2026-08-28 17:00:00,0.3626722813801233,0.06316725511857617,0.2995050262615471,0.1559348880136986,0.0,0.16949444349315065
2026-08-28 18:00:00,0.38916488678649297,0.0,0.38916488678649297,0.1559348880136986,0.0,0.16949444349315065
2026-08-28 19:00:00,0.4285330327119262,0.0,0.4285330327119262,0.1559348880136986,0.0,0.16949444349315065
2026-08-28 20:00:00,0.3790323035514976,0.0,0.3790323035514976,0.1559348880136986,0.0,0.16949444349315065
2026-08-28 21:00:00,0.35156107430630995,0.0,0.35156107430630995,0.1559348880136986,0.0,0.16949444349315065
2026-08-28 22:00:00,0.32037060446333493,0.0,0.32037060446333493,0.1559348880136986,0.0,0.16949444349315065
2026-08-28 23:00:00,0.26984241758564054,0.0,0.26984241758564054,0.1559348880136986,0.0,0.16949444349315065
2026-08-29 00:00:00,0.2339633836562723,0.0,0.2339633836562723,0.1559348880136986,0.0,0.16949444349315065
2026-08-29 01:00:00,0.2102067439959487,0.0,0.2102067439959487,0.1559348880136986,0.0,0.16949444349315065
2026-08-29 02:00:00,0.19638047261869912,0.0,0.19638047261869912,0.1559348880136986,0.0,0.16949444349315065
2026-08-29 03:00:00,0.1894254950175599,0.0,0.1894254950175599,0.1559348880136986,0.0,0.16949444349315065
2026-08-29 04:00:00,0.18607585509147298,0.0,0.18607585509147298,0.1559348880136986,0.0,0.16949444349315065
2026-08-29 05:00:00,0.19153383806805124,0.0036265220942985885,0.18790731597375265,0.1559348880136986,0.0,0.16949444349315065
2026-08-29 06:00:00,0.19649204602614811,0.08899138096387116,0.10750066506227696,0.1559348880136986,0.0,0.16949444349315065
2026-08-29 07:00:00,0.21228253687086512,0.16763301499363573,0.0446495218772294,0.1559348880136986,0.0,0.16949444349315065
2026-08-29 08:00:00,0.22724549756587123,0.25799461841127214,-0.030749120845400907,0.1559348880136986,0.0,0.16949444349315065
2026-08-29 09:00:00,0.22430962075833066,0.2883404783539923,-0.06403085759566163,0.1559348880136986,0.0,0.16949444349315065
2026-08-29 10:00:00,0.22145277902602972,0.3101544198179344,-0.08870164079190468,0.1559348880136986,0.0,0.16949444349315065
2026-08-29 11:00:00,0.22126681659737776,0.404763712842243,-0.18349689624486523,0.1559348880136986,0.0,0.16949444349315065
2026-08-29 12:00:00,0.21170837207691878,0.341559918458233,-0.12985154638131424,0.1559348880136986,0.0,0.16949444349315065
2026-08-29 13:00:00,0.20029263283427504,0.3594641585207651,-0.15917152568649004,0.1559348880136986,0.0,0.16949444349315065
2026-08-29 14:00:00,0.19753342288171238,0.33189528275100905,-0.13436185986929666,0.1559348880136986,0.0,0.16949444349315065
2026-08-29 15:00:00,0.21984653393064318,0.26967804853371014,-0.04983151460306695,0.1559348880136986,0.0,0.16949444349315065
2026-08-29 16:00:00,0.2957515566224057,0.21410182580899323,0.08164973081341248,0.1559348880136986,0.0,0.16949444349315065
2026-08-29 17:00:00,0.33797886965310997,0.08921061655647358,0.2487682530966364,0.1559348880136986,0.0,0.16949444349315065
2026-08-29 18:00:00,0.35276982153420816,0.004667891159160147,0.348101930375048,0.1559348880136986,0.0,0.16949444349315065
2026-08-29 19:00:00,0.3838440676322132,0.0,0.3838440676322132,0.1559348880136986,0.0,0.16949444349315065
2026-08-29 20:00:00,0.37517591602556344,0.0,0.37517591602556344,0.1559348880136986,0.0,0.16949444349315065
2026-08-29 21:00:00,0.3481068292940411,0.0,0.3481068292940411,0.1559348880136986,0.0,0.16949444349315065
2026-08-29 22:00:00,0.3084155748628883,0.0,0.3084155748628883,0.1559348880136986,0.0,0.16949444349315065
2026-08-29 23:00:00,0.26192973552409865,0.0,0.26192973552409865,0.1559348880136986,0.0,0.16949444349315065
2026-08-30 00:00:00,0.22712463148220038,0.0,0.22712463148220038,0.1559348880136986,0.0,0.16949444349315065
2026-08-30 01:00:00,0.20285659645252715,0.0,0.20285659645252715,0.1559348880136986,0.0,0.16949444349315065
2026-08-30 02:00:00,0.1911805102864263,0.0,0.1911805102864263,0.1559348880136986,0.0,0.16949444349315065
2026-08-30 03:00:00,0.18450215153374694,0.0,0.18450215153374694,0.1559348880136986,0.0,0.16949444349315065
2026-08-30 04:00:00,0.1829377467309824,0.0,0.1829377467309824,0.1559348880136986,0.0,0.16949444349315065
2026-08-30 05:00:00,0.18512047524052694,0.0,0.18512047524052694,0.1559348880136986,0.0,0.16949444349315065
2026-08-30 06:00:00,0.17860715489855125,0.08027676615792441,0.09833038874062684,0.1559348880136986,0.0,0.16949444349315065
2026-08-30 07:00:00,0.19095269987125077,0.20259195719736547,-0.011639257326114705,0.1559348880136986,0.0,0.16949444349315065
2026-08-30 08:00:00,0.21221047205221075,0.27371563736413823,-0.061505165311927484,0.1559348880136986,0.0,0.16949444349315065
2026-08-30 09:00:00,0.22011850220993065,0.3625334568171992,-0.14241495460726852,0.1559348880136986,0.0,0.16949444349315065
2026-08-30 10:00:00,0.2195048268295622,0.3815704141081771,-0.1620655872786149,0.1559348880136986,0.0,0.16949444349315065
2026-08-30 11:00:00,0.22852630566679644,0.4313003543634958,-0.20277404869669935,0.1559348880136986,0.0,0.16949444349315065
2026-08-30 12:00:00,0.22241280616840403,0.4478252371559043,-0.22541243098750025,0.1559348880136986,0.0,0.16949444349315065
2026-08-30 13:00:00,0.21367724398216342,0.45070270430881115,-0.23702546032664773,0.1559348880136986,0.0,0.16949444349315065
2026-08-30 14:00:00,0.20415599252721803,0.4194616323629644,-0.21530563983574638,0.1559348880136986,0.0,0.16949444349315065
2026-08-30 15:00:00,0.21884466302017838,0.3055778768223586,-0.08673321380218021,0.1559348880136986,0.0,0.16949444349315065
2026-08-30 16:00:00,0.29856887848629066,0.21721679818721948,0.08135208029907118,0.1559348880136986,0.0,0.16949444349315065
2026-08-30 17:00:00,0.3392341117412997,0.0794820371347406,0.2597520746065591,0.1559348880136986,0.0,0.16949444349315065
2026-08-30 18:00:00,0.3714682959699288,0.004147206626729368,0.36732108934319946,0.1559348880136986,0.0,0.16949444349315065
2026-08-30 19:00:00,0.41744739216503324,0.0,0.41744739216503324,0.1559348880136986,0.0,0.16949444349315065
2026-08-30 20:00:00,0.40624318455008557,0.0,0.40624318455008557,0.1559348880136986,0.0,0.16949444349315065
2026-08-30 21:00:00,0.3637973683367363,0.0,0.3637973683367363,0.1559348880136986,0.0,0.16949444349315065
2026-08-30 22:00:00,0.3030087307532669,0.0,0.3030087307532669,0.1559348880136986,0.0,0.16949444349315065
2026-08-30 23:00:00,0.2506581164760175,0.0,0.2506581164760175,0.1559348880136986,0.0,0.16949444349315065
2026-08-31 00:00:00,0.21640624959463128,0.0,0.21640624959463128,0.1559348880136986,0.0,0.16949444349315065
2026-08-31 01:00:00,0.19678726338377547,0.0,0.19678726338377547,0.1559348880136986,0.0,0.16949444349315065
2026-08-31 02:00:00,0.18763096158195844,0.0,0.18763096158195844,0.1559348880136986,0.0,0.16949444349315065
2026-08-31 03:00:00,0.18444636293108832,0.0,0.18444636293108832,0.1559348880136986,0.0,0.16949444349315065
2026-08-31 04:00:00,0.18896756299169568,0.0,0.18896756299169568,0.1559348880136986,0.0,0.16949444349315065
2026-08-31 05:00:00,0.2103764329737561,0.0012606046574639928,0.2091158283162921,0.1559348880136986,0.0,0.16949444349315065
2026-08-31 06:00:00,0.23784532730974656,0.08496292694980144,0.1528824003599451,0.1559348880136986,0.0,0.16949444349315065
2026-08-31 07:00:00,0.21381904125058684,0.2109137748998995,0.0029052663506873577,0.1559348880136986,0.0,0.16949444349315065
2026-08-31 08:00:00,0.20659441794820174,0.33331117928656645,-0.1267167613383647,0.1559348880136986,0.0,0.16949444349315065
2026-08-31 09:00:00,0.1926891118114295,0.4242482761347842,-0.23155916432335472,0.1559348880136986,0.0,0.16949444349315065
2026-08-31 10:00:00,0.18665464615905572,0.48910547227967077,-0.302450826120615,0.1559348880136986,0.0,0.16949444349315065
2026-08-31 11:00:00,0.18878391055243077,0.5150848900030591,-0.32630097945062836,0.1559348880136986,0.0,0.16949444349315065
2026-08-31 12:00:00,0.17817943072962683,0.516509921354975,-0.33833049062534815,0.1559348880136986,0.0,0.16949444349315065
2026-08-31 13:00:00,0.1773728207354786,0.47280895989622324,-0.2954361391607446,0.1559348880136986,0.0,0.16949444349315065
2026-08-31 14:00:00,0.18687082666507568,0.4115600162129184,-0.2246891895478427,0.1559348880136986,0.0,0.16949444349315065
2026-08-31 15:00:00,0.23640876434180133,0.25482483713489523,-0.0184160727930939,0.1559348880136986,0.0,0.16949444349315065
2026-08-31 16:00:00,0.36283731894141086,0.07058472600162516,0.29225259293978567,0.1559348880136986,0.0,0.16949444349315065
2026-08-31 17:00:00,0.3978539558492451,0.0657524081480132,0.3321015477012319,0.1559348880136986,0.0,0.16949444349315065
2026-08-31 18:00:00,0.4249183960985997,6.394371450904313e-05,0.4248544523840907,0.1559348880136986,0.0,0.16949444349315065
2026-08-31 19:00:00,0.46115540833120544,0.0,0.46115540833120544,0.1559348880136986,0.0,0.16949444349315065
2026-08-31 20:00:00,0.40537149095986347,0.0,0.40537149095986347,0.1559348880136986,0.0,0.16949444349315065
2026-08-31 21:00:00,0.3661707111396666,0.0,0.3661707111396666,0.1559348880136986,0.0,0.16949444349315065
2026-08-31 22:00:00,0.31531011463610964,0.0,0.31531011463610964,0.1559348880136986,0.0,0.16949444349315065
2026-08-31 23:00:00,0.25853360571064676,0.0,0.25853360571064676,0.1559348880136986,0.0,0.16949444349315065
2026-09-01 00:00:00,0.22122498863357531,0.0,0.22122498863357531,0.1559348880136986,0.0,0.16949444349315065
2026-09-01 01:00:00,0.20107601103905784,0.0,0.20107601103905784,0.1559348880136986,0.0,0.16949444349315065
2026-09-01 02:00:00,0.1901158781266405,0.0,0.1901158781266405,0.1559348880136986,0.0,0.16949444349315065
2026-09-01 03:00:00,0.185431961305688,0.0,0.185431961305688,0.1559348880136986,0.0,0.16949444349315065
2026-09-01 04:00:00,0.18826788115429247,0.0,0.18826788115429247,0.1559348880136986,0.0,0.16949444349315065
2026-09-01 05:00:00,0.2105066062621331,0.0,0.2105066062621331,0.1559348880136986,0.0,0.16949444349315065
2026-09-01 06:00:00,0.2447910056876252,0.0860865093618889,0.1587044963257363,0.1559348880136986,0.0,0.16949444349315065
2026-09-01 07:00:00,0.21629698425794114,0.09309291350880834,0.1232040707491328,0.1559348880136986,0.0,0.16949444349315065
2026-09-01 08:00:00,0.19583187004802338,0.1759639675125282,0.01986790253549517,0.1559348880136986,0.0,0.16949444349315065
2026-09-01 09:00:00,0.1785536792253053,0.38437480273021657,-0.20582112350491127,0.1559348880136986,0.0,0.16949444349315065
2026-09-01 10:00:00,0.1722030784541773,0.3676124147124889,-0.1954093362583116,0.1559348880136986,0.0,0.16949444349315065
2026-09-01 11:00:00,0.17477865128379833,0.3452686538997575,-0.1704900026159592,0.1559348880136986,0.0,0.16949444349315065
2026-09-01 12:00:00,0.16792130462642815,0.42012847395713016,-0.252207169330702,0.1559348880136986,0.0,0.16949444349315065
2026-09-01 13:00:00,0.16898593697441913,0.08154650563174684,0.08743943134267229,0.1559348880136986,0.0,0.16949444349315065
2026-09-01 14:00:00,0.17775869177985285,0.1391415227716778,0.03861716900817505,0.1559348880136986,0.0,0.16949444349315065
2026-09-01 15:00:00,0.2239190959478881,0.25187429145112084,-0.02795519550323272,0.1559348880136986,0.0,0.16949444349315065
2026-09-01 16:00:00,0.34915981862232026,0.19982410784075974,0.14933571078156052,0.1559348880136986,0.0,0.16949444349315065
2026-09-01 17:00:00,0.39403243808441435,0.055411796030265074,0.33862064205414927,0.1559348880136986,0.0,0.16949444349315065
2026-09-01 18:00:00,0.4268663473281343,0.001224065392030254,0.42564228193610404,0.1559348880136986,0.0,0.16949444349315065
2026-09-01 19:00:00,0.46326375120050023,0.0,0.46326375120050023,0.1559348880136986,0.0,0.16949444349315065
2026-09-01 20:00:00,0.4076076827650432,0.0,0.4076076827650432,0.1559348880136986,0.0,0.16949444349315065
2026-09-01 21:00:00,0.3663682952421213,0.0,0.3663682952421213,0.20787878472389895,0.0,0.2259552007868467
2026-09-01 22:00:00,0.3156797142166785,0.0,0.3156797142166785,0.2813167076590101,0.0,0.3057790300641414
2026-09-01 23:00:00,0.2596656496677726,0.0,0.2596656496677726,0.27056969454655505,0.0,0.2940974940723424
2026-09-02 00:00:00,0.2238935434213879,0.0,0.2238935434213879,0.2580315125820238,0.0,0.28046903541524326
2026-09-02 01:00:00,0.20211507396208395,0.0,0.20211507396208395,0.2634050191382514,0.0,0.28630980341114276
2026-09-02 02:00:00,0.190425040426659,0.0,0.190425040426659,0.24011982406126506,0.0,0.2609998087622446
2026-09-02 03:00:00,0.18538082220749907,0.0,0.18538082220749907,0.23832865520918925,0.0,0.2590528860969448
2026-09-02 04:00:00,0.18885598610705837,0.0,0.18885598610705837,0.222208135540506,0.0,0.24153058210924566
2026-09-02 05:00:00,0.20906075221943593,0.0,0.20906075221943593,0.21325229128012682,0.0,0.23179596878274655
2026-09-02 06:00:00,0.25280131670968603,0.07239341964059524,0.18040789706909077,0.1559348880136986,0.0,0.16949444349315065
2026-09-02 07:00:00,0.23806150504415322,0.20525018875766995,0.03281131628648326,0.1559348880136986,0.0,0.16949444349315065
2026-09-02 08:00:00,0.2239376935057086,0.3353299737017805,-0.11139228019607192,0.1559348880136986,0.0,0.16949444349315065
2026-09-02 09:00:00,0.20246141258988068,0.42672381136792004,-0.22426239877803936,0.1559348880136986,0.0,0.16949444349315065
2026-09-02 10:00:00,0.19311914895273521,0.44130297827598186,-0.24818382932324665,0.1559348880136986,0.0,0.16949444349315065
2026-09-02 11:00:00,0.19165004931884724,0.38738015731214165,-0.1957301079932944,0.1559348880136986,0.0,0.16949444349315065
2026-09-02 12:00:00,0.18390705855609324,0.5274442965360214,-0.3435372379799282,0.1559348880136986,0.0,0.16949444349315065
2026-09-02 13:00:00,0.17889073482273118,0.49597485418121373,-0.3170841193584826,0.1559348880136986,0.0,0.16949444349315065
2026-09-02 14:00:00,0.1861525485909034,0.327565379797111,-0.14141283120620757,0.1559348880136986,0.0,0.16949444349315065
2026-09-02 15:00:00,0.22920273951151904,0.32751970571531885,-0.09831696620379982,0.1559348880136986,0.0,0.16949444349315065
2026-09-02 16:00:00,0.3465377552924613,0.19314655708274395,0.15339119820971733,0.1559348880136986,0.0,0.16949444349315065
2026-09-02 17:00:00,0.38545261899272576,0.06743321435796518,0.3180194046347606,0.1559348880136986,0.0,0.16949444349315065
2026-09-02 18:00:00,0.42380262537655605,0.0,0.42380262537655605,0.1559348880136986,0.0,0.16949444349315065
2026-09-02 19:00:00,0.4624524927847043,0.0,0.4624524927847043,0.1559348880136986,0.0,0.16949444349315065
2026-09-02 20:00:00,0.41124788867529916,0.0,0.41124788867529916,0.1559348880136986,0.0,0.16949444349315065
2026-09-02 21:00:00,0.3734139292809207,0.0,0.3734139292809207,0.1559348880136986,0.0,0.16949444349315065
2026-09-02 22:00:00,0.32394804777731195,0.0,0.32394804777731195,0.1559348880136986,0.0,0.16949444349315065
2026-09-02 23:00:00,0.267724775792403,0.0,0.267724775792403,0.1559348880136986,0.0,0.16949444349315065
2026-09-03 00:00:00,0.23023717081472014,0.0,0.23023717081472014,0.1559348880136986,0.0,0.16949444349315065
2026-09-03 01:00:00,0.2074614803743213,0.0,0.2074614803743213,0.1559348880136986,0.0,0.16949444349315065
2026-09-03 02:00:00,0.19567614125419702,0.0,0.19567614125419702,0.1559348880136986,0.0,0.16949444349315065
2026-09-03 03:00:00,0.18910935947189503,0.0,0.18910935947189503,0.1559348880136986,0.0,0.16949444349315065
2026-09-03 04:00:00,0.19198944492536393,0.0,0.19198944492536393,0.1559348880136986,0.0,0.16949444349315065
2026-09-03 05:00:00,0.2143978602576316,0.0,0.2143978602576316,0.1559348880136986,0.0,0.16949444349315065
2026-09-03 06:00:00,0.2604559757967834,0.049428491315490326,0.2110274844812931,0.1559348880136986,0.0,0.16949444349315065
2026-09-03 07:00:00,0.24179701672204854,0.05421513508731013,0.1875818816347384,0.1559348880136986,0.0,0.16949444349315065
2026-09-03 08:00:00,0.22151089114890762,0.16553200723119577,0.05597888391771186,0.1559348880136986,0.0,0.16949444349315065
2026-09-03 09:00:00,0.19947904800844546,0.23215222293326024,-0.03267317492481478,0.1559348880136986,0.0,0.16949444349315065
2026-09-03 10:00:00,0.18479037750345573,0.15121774999752852,0.03357262750592721,0.1559348880136986,0.0,0.16949444349315065
2026-09-03 11:00:00,0.18170108433198387,0.25225795373817506,-0.07055686940619119,0.1559348880136986,0.0,0.16949444349315065
2026-09-03 12:00:00,0.17201711611886675,0.1835824043554628,-0.011565288236596055,0.1559348880136986,0.0,0.16949444349315065
2026-09-03 13:00:00,0.17063402467545885,0.28288699298800674,-0.11225296831254788,0.1559348880136986,0.0,0.16949444349315065
2026-09-03 14:00:00,0.18144306251281683,0.12736674448565546,0.05407631802716137,0.1559348880136986,0.0,0.16949444349315065
2026-09-03 15:00:00,0.22246859220925005,0.09715790678831179,0.12531068542093826,0.1559348880136986,0.0,0.16949444349315065
2026-09-03 16:00:00,0.33951304198209237,0.1466594766346696,0.19285356534742276,0.1559348880136986,0.0,0.16949444349315065
2026-09-03 17:00:00,0.38309322719593186,0.06531393696280832,0.31777929023312357,0.1559348880136986,0.0,0.16949444349315065
2026-09-03 18:00:00,0.42528334606137846,0.0,0.42528334606137846,0.1559348880136986,0.0,0.16949444349315065
2026-09-03 19:00:00,0.4674269741063255,0.0,0.4674269741063255,0.1559348880136986,0.0,0.16949444349315065
2026-09-03 20:00:00,0.4076867166827157,0.0,0.4076867166827157,0.1559348880136986,0.0,0.16949444349315065
2026-09-03 21:00:00,0.3693948257883157,0.0,0.3693948257883157,0.1559348880136986,0.0,0.16949444349315065
2026-09-03 22:00:00,0.3250986872273705,0.0,0.3250986872273705,0.1559348880136986,0.0,0.16949444349315065
2026-09-03 23:00:00,0.27015622835571507,0.0,0.27015622835571507,0.1559348880136986,0.0,0.16949444349315065
2026-09-04 00:00:00,0.2328592344680367,0.0,0.2328592344680367,0.1559348880136986,0.0,0.16949444349315065
2026-09-04 01:00:00,0.2105716936265992,0.0,0.2105716936265992,0.1559348880136986,0.0,0.16949444349315065
2026-09-04 02:00:00,0.19685002537909504,0.0,0.19685002537909504,0.1559348880136986,0.0,0.16949444349315065
2026-09-04 03:00:00,0.19172212459893678,0.0,0.19172212459893678,0.1559348880136986,0.0,0.16949444349315065
2026-09-04 04:00:00,0.1921219427190356,0.0,0.1921219427190356,0.1559348880136986,0.0,0.16949444349315065
2026-09-04 05:00:00,0.2101625766506657,0.0,0.2101625766506657,0.1559348880136986,0.0,0.16949444349315065
2026-09-04 06:00:00,0.2572551043837445,0.04859722302687277,0.20865788135687172,0.1559348880136986,0.0,0.16949444349315065
2026-09-04 07:00:00,0.2397979235089268,0.060454214660121054,0.17934370884880577,0.1559348880136986,0.0,0.16949444349315065
2026-09-04 08:00:00,0.23197822263020731,0.018205689002360418,0.2137725336278469,0.1559348880136986,0.0,0.16949444349315065
2026-09-04 09:00:00,0.2210622548185695,0.13399862116187905,0.08706363365669045,0.1559348880136986,0.0,0.16949444349315065
2026-09-04 10:00:00,0.21380044015811647,0.05566757088830125,0.15813286926981523,0.1559348880136986,0.0,0.16949444349315065
2026-09-04 11:00:00,0.21787300663743892,0.08805049487895238,0.12982251175848653,0.1559348880136986,0.0,0.16949444349315065
2026-09-04 12:00:00,0.20535544376392265,0.076485817369174,0.12886962639474864,0.1559348880136986,0.0,0.16949444349315065
2026-09-04 13:00:00,0.19861897329602926,0.04688901236784548,0.15172996092818378,0.1559348880136986,0.0,0.16949444349315065
2026-09-04 14:00:00,0.20334473134799175,0.08636968866900037,0.11697504267899138,0.1559348880136986,0.0,0.16949444349315065
2026-09-04 15:00:00,0.24163429653345797,0.06861160566820326,0.1730226908652547,0.1559348880136986,0.0,0.16949444349315065
2026-09-04 16:00:00,0.3438180634092943,0.15914677059664986,0.18467129281264447,0.1559348880136986,0.0,0.16949444349315065
2026-09-04 17:00:00,0.3943950665332368,0.06394371450904313,0.3304513520241937,0.1559348880136986,0.0,0.16949444349315065
2026-09-04 18:00:00,0.42527172505451705,0.0,0.42527172505451705,0.1559348880136986,0.0,0.16949444349315065
2026-09-04 19:00:00,0.45196656349232767,0.0,0.45196656349232767,0.1559348880136986,0.0,0.16949444349315065
2026-09-04 20:00:00,0.38915793287982925,0.0,0.38915793287982925,0.1559348880136986,0.0,0.16949444349315065
2026-09-04 21:00:00,0.3588670550598474,0.0,0.3588670550598474,0.1559348880136986,0.0,0.16949444349315065
2026-09-04 22:00:00,0.32157238349488604,0.0,0.32157238349488604,0.1559348880136986,0.0,0.16949444349315065
2026-09-04 23:00:00,0.2726504428903806,0.0,0.2726504428903806,0.1559348880136986,0.0,0.16949444349315065
2026-09-05 00:00:00,0.23871936033194768,0.0,0.23871936033194768,0.16489073227407813,0.0,0.17922905681965012
2026-09-05 01:00:00,0.21446527252248015,0.0,0.21446527252248015,0.2508668371737201,0.0,0.2726813447540436
2026-09-05 02:00:00,0.20045071461629765,0.0,0.20045071461629765,0.31714008470052785,0.0,0.34471748337013897
2026-09-05 03:00:00,0.19273794224229351,0.0,0.19273794224229351,0.4228190469730047,0.0,0.4595859206228312
2026-09-05 04:00:00,0.19002987116335873,0.0,0.19002987116335873,0.446104242049991,0.0,0.48489591527172937
2026-09-05 05:00:00,0.19705458377840418,0.0,0.19705458377840418,0.446104242049991,0.0,0.48489591527172937
2026-09-05 06:00:00,0.20903982951346156,0.04611255297737852,0.16292727653608305,0.3941603453397906,0.0,0.4284351579780333
2026-09-05 07:00:00,0.22083213730464693,0.1442113458506091,0.07662079145403783,0.3493811240378937,0.0,0.3797620913455366
2026-09-05 08:00:00,0.23383319919781698,0.21826730206843944,0.015565897129377532,0.35833696829827316,0.0,0.38949670467203606
2026-09-05 09:00:00,0.22937475864775062,0.30533123678068086,-0.07595647813293024,0.3243047601088312,0.0,0.35250517403133824
2026-09-05 10:00:00,0.22344722054116678,0.2301608329671215,-0.006713612425954724,0.31176657814430003,0.0,0.33887671537423913
2026-09-05 11:00:00,0.2213063324177021,0.282430252170085,-0.061123919752382905,0.27056969454655505,0.0,0.2940974940723424
2026-09-05 12:00:00,0.21147824305810595,0.29841618079734583,-0.08693793773923988,0.20966995357597515,0.0,0.2279021234521469
2026-09-05 13:00:00,0.19996719831432955,0.2656769989687157,-0.06570980065438617,0.17026423883030567,0.0,0.18506982481554962
2026-09-05 14:00:00,0.19517867829763852,0.3369742406462988,-0.14179556234866025,0.1881759273510644,0.0,0.20453905146854826
2026-09-05 15:00:00,0.21506266086403547,0.2921405619591011,-0.07707790109506563,0.1684730699782298,0.0,0.1831229021502498
2026-09-05 16:00:00,0.29011690737868745,0.1197483076427209,0.17036859973596655,0.19892294046351977,0.0,0.21622058746034756
2026-09-05 17:00:00,0.33711879420587665,0.06166001041943444,0.27545878378644223,0.256240343729948,0.0,0.2785221127499435
2026-09-05 18:00:00,0.3686161048302433,0.0,0.3686161048302433,0.34400761748166614,0.0,0.37392132334963707
2026-09-05 19:00:00,0.40035051572185953,0.0,0.40035051572185953,0.3493811240378937,0.0,0.3797620913455366
2026-09-05 20:00:00,0.3853945254275358,0.0,0.3853945254275358,0.3852045010794112,0.0,0.4187005446515339
2026-09-05 21:00:00,0.35834635908762025,0.0,0.35834635908762025,0.4156543715647011,0.0,0.4517982299616316
2026-09-05 22:00:00,0.31853887850739093,0.0,0.31853887850739093,0.43714839778961184,0.0,0.47516130194523026
2026-09-05 23:00:00,0.27031429491758,0.0,0.27031429491758,0.4156543715647011,0.0,0.4517982299616316
2026-09-06 00:00:00,0.23486762265031672,0.0,0.23486762265031672,0.3852045010794112,0.0,0.4187005446515339
2026-09-06 01:00:00,0.2115851858138257,0.0,0.2115851858138257,0.36908398141072823,0.0,0.40117824066383506
2026-09-06 02:00:00,0.19757295252517762,0.0,0.19757295252517762,0.38162216337525945,0.0,0.41480669932093417
2026-09-06 03:00:00,0.19086902404676312,0.0,0.19086902404676312,0.36908398141072823,0.0,0.40117824066383506
2026-09-06 04:00:00,0.1895579922961168,0.0,0.1895579922961168,0.3493811240378937,0.0,0.3797620913455366
2026-09-06 05:00:00,0.19247991956392377,0.0,0.19247991956392377,0.3314694355171349,0.0,0.36029286469253796
2026-09-06 06:00:00,0.19574354973601973,0.032081475050822775,0.16366207468519695,0.2992283961797691,0.0,0.3252482567171403
2026-09-06 07:00:00,0.202884483617789,0.10339698636112271,0.09948749725666628,0.23295514865296138,0.0,0.253212118101045
2026-09-06 08:00:00,0.22270569981193558,0.14031077926555746,0.08239492054637812,0.1559348880136986,0.0,0.16949444349315065
2026-09-06 09:00:00,0.2255671874252121,0.11339047545725031,0.11217671196796178,0.1559348880136986,0.0,0.16949444349315065
2026-09-06 10:00:00,0.21931421511044816,0.17547068742917277,0.04384352768127539,0.1559348880136986,0.0,0.16949444349315065
2026-09-06 11:00:00,0.2247350051085314,0.34842016554341754,-0.12368516043488614,0.1559348880136986,0.0,0.16949444349315065
2026-09-06 12:00:00,0.2175963909978811,0.19187681760892153,0.025719573388959582,0.1559348880136986,0.0,0.16949444349315065
2026-09-06 13:00:00,0.20635499163460064,0.23293781714008563,-0.02658282550548499,0.1559348880136986,0.0,0.16949444349315065
2026-09-06 14:00:00,0.2017594075579591,0.09130248950255514,0.11045691805540396,0.1559348880136986,0.0,0.16949444349315065
2026-09-06 15:00:00,0.22160387305225154,0.12735760966929702,0.09424626338295453,0.1559348880136986,0.0,0.16949444349315065
2026-09-06 16:00:00,0.30875029490253886,0.03298582187030781,0.27576447303223106,0.1559348880136986,0.0,0.16949444349315065
2026-09-06 17:00:00,0.35468290100184957,0.03971818152647421,0.31496471947537535,0.1559348880136986,0.0,0.16949444349315065
2026-09-06 18:00:00,0.40130821728508953,0.0,0.40130821728508953,0.1559348880136986,0.0,0.16949444349315065
2026-09-06 19:00:00,0.4455229992445899,0.0,0.4455229992445899,0.2616138502861755,0.0,0.2843628807458429
2026-09-06 20:00:00,0.4271267124782774,0.0,0.4271267124782774,0.3350517732212866,0.0,0.36418671002313757
2026-09-06 21:00:00,0.37851625744090334,0.0,0.37851625744090334,0.3386341109254383,0.0,0.3680805553537373
2026-09-06 22:00:00,0.31389447863671466,0.0,0.31389447863671466,0.32609592896090706,0.0,0.35445209669663813
2026-09-06 23:00:00,0.2582430395942006,0.0,0.2582430395942006,0.34579878633374195,0.0,0.3758682460149369
2026-09-07 00:00:00,0.22351929423889377,0.0,0.22351929423889377,0.36908398141072823,0.0,0.40117824066383506
2026-09-07 01:00:00,0.20437218651839295,0.0,0.20437218651839295,0.4138632027126252,0.0,0.44985130729633177
2026-09-07 02:00:00,0.19517869240855562,0.0,0.19517869240855562,0.446104242049991,0.0,0.48489591527172937
2026-09-07 03:00:00,0.19171747512466264,0.0,0.19171747512466264,0.4192367092688531,0.0,0.4556920752922316
2026-09-07 04:00:00,0.1953344351731764,0.0,0.1953344351731764,0.4443130731979152,0.0,0.48294899260642954
2026-09-07 05:00:00,0.2183611744272311,0.0,0.2183611744272311,0.45864242401452227,0.0,0.49852437392882853
2026-09-07 06:00:00,0.2606628584856597,0.03664888323004013,0.22401397525561956,0.48730112564773637,0.0,0.5296751365736265
2026-09-07 07:00:00,0.2327081257811714,0.06774379811415196,0.16496432766701943,0.3637104748545007,0.0,0.3953374726679355
2026-09-07 08:00:00,0.21635044614698232,0.01841578977860442,0.1979346563683779,0.3314694355171349,0.0,0.36029286469253796
2026-09-07 09:00:00,0.19555757437461352,0.23661914813253482,-0.0410615737579213,0.22758164209673387,0.0,0.24737135010514552
2026-09-07 10:00:00,0.18271457644718503,0.3667354723420792,-0.18402089589489418,0.1559348880136986,0.0,0.16949444349315065
2026-09-07 11:00:00,0.18593869129316257,0.407896954853186,-0.22195826356002343,0.1559348880136986,0.0,0.16949444349315065
2026-09-07 12:00:00,0.1760501653620314,0.44117509084696377,-0.2651249254849324,0.1559348880136986,0.0,0.16949444349315065
2026-09-07 13:00:00,0.1779353549843026,0.311826091211528,-0.1338907362272254,0.1559348880136986,0.0,0.16949444349315065
2026-09-07 14:00:00,0.1905854164460831,0.23857399883323988,-0.04798858238715678,0.1559348880136986,0.0,0.16949444349315065
2026-09-07 15:00:00,0.24691096550590277,0.2693126558793727,-0.022401690373469924,0.1559348880136986,0.0,0.16949444349315065
2026-09-07 16:00:00,0.38341400971103157,0.12935813445179423,0.25405587525923734,0.2544491748778721,0.0,0.2765751900846436
2026-09-07 17:00:00,0.4291560030643691,0.054763224068816216,0.37439277899555284,0.32967826666505906,0.0,0.35834594202723813
2026-09-07 18:00:00,0.4628406885514602,0.0,0.4628406885514602,0.4066985273043219,0.0,0.44206361663513244
2026-09-07 19:00:00,0.4812555711569434,0.0,0.4812555711569434,0.37983099452318364,0.0,0.41285977665563434
2026-09-07 20:00:00,0.4096462911442748,0.0,0.4096462911442748,0.43177489123338403,0.0,0.46932053394933043
2026-09-07 21:00:00,0.3705547640133031,0.0,0.3705547640133031,0.4246102158250807,0.0,0.46153284328813116
2026-09-07 22:00:00,0.3195291267756207,0.0,0.3195291267756207,0.4281925535292323,0.0,0.4654266886187307
2026-09-07 23:00:00,0.26288744018289956,0.0,0.26288744018289956,0.4693894371269776,0.0,0.5102059099206279
2026-09-08 00:00:00,0.22635289008318518,0.0,0.22635289008318518,0.5105863207247229,0.0,0.5549851312225249
2026-09-08 01:00:00,0.20767068702428604,0.0,0.20767068702428604,0.5410361912100129,0.0,0.5880828165326226
2026-09-08 02:00:00,0.19559478232943467,0.0,0.19559478232943467,0.5679037239911511,0.0,0.6172866565121208
2026-09-08 03:00:00,0.19053894135779934,0.0,0.19053894135779934,0.566112555139075,0.0,0.6153397338468206
2026-09-08 04:00:00,0.19282162438841047,0.0,0.19282162438841047,0.5822330748077582,0.0,0.6328620378345198
2026-09-08 05:00:00,0.2164876076914906,0.0,0.2164876076914906,0.6395504780741861,0.0,0.6951635631241152
2026-09-08 06:00:00,0.2688939996798691,0.06212588605371461,0.2067681136261545,0.6198476207013515,0.0,0.6737474138058168
2026-09-08 07:00:00,0.23490945117630654,0.14203725955730165,0.0928721916190049,0.435357228937536,0.0,0.4732143792799304
2026-09-08 08:00:00,0.2038654270745986,0.20815506035965223,-0.0042896332850536345,0.3207224224046796,0.0,0.3486113287007387
2026-09-08 09:00:00,0.1847252923377467,0.2966074871583757,-0.111882194820629,0.2042964470197473,0.0,0.22206135545624706
2026-09-08 10:00:00,0.1792696337931708,0.3413863569474228,-0.16211672315425202,0.1559348880136986,0.0,0.16949444349315065
2026-09-08 11:00:00,0.186559341858308,0.3802001916544119,-0.19364084979610388,0.1559348880136986,0.0,0.16949444349315065
2026-09-08 12:00:00,0.18167319179711383,0.2550440727274977,-0.07337088093038385,0.1559348880136986,0.0,0.16949444349315065
2026-09-08 13:00:00,0.18324457038275724,0.34645618002635403,-0.1632116096435968,0.1559348880136986,0.0,0.16949444349315065
2026-09-08 14:00:00,0.19411869484419658,0.3403084486171275,-0.14618975377293092,0.1559348880136986,0.0,0.16949444349315065
2026-09-08 15:00:00,0.24749907132085847,0.25269642492337996,-0.005197353602521493,0.1559348880136986,0.0,0.16949444349315065
2026-09-08 16:00:00,0.38770973119313834,0.17184416533487418,0.21586556585826416,0.16489073227407813,0.0,0.17922905681965012
2026-09-08 17:00:00,0.43495336522952543,0.05559449235743377,0.3793588728720917,0.21325229128012682,0.0,0.23179596878274655
2026-09-08 18:00:00,0.4605115131401171,0.0,0.4605115131401171,0.2920637207714655,0.0,0.3174605660559407
2026-09-08 19:00:00,0.47610907324992063,0.0,0.47610907324992063,0.4443130731979152,0.0,0.48294899260642954
2026-09-08 20:00:00,0.41308193834970913,0.0,0.41308193834970913,0.5087951518726471,0.0,0.5530382085572251
2026-09-08 21:00:00,0.372419032763837,0.0,0.372419032763837,0.5696948928432269,0.0,0.6192335791774205
2026-09-08 22:00:00,0.3207843698222591,0.0,0.3207843698222591,0.5679037239911511,0.0,0.6172866565121208
2026-09-08 23:00:00,0.2649655654426949,0.0,0.2649655654426949,0.6073094387368203,0.0,0.6601189551487178
2026-09-09 00:00:00,0.2264388975539689,0.0,0.2264388975539689,0.6485063223345656,0.0,0.7048981764506148
2026-09-09 01:00:00,0.20453955278612496,0.0,0.20453955278612496,0.659253335447021,0.0,0.716579712442414
2026-09-09 02:00:00,0.19305640185635847,0.0,0.19305640185635847,0.6735826862636279,0.0,0.732155093764813
2026-09-09 03:00:00,0.1877123200159669,0.0,0.1877123200159669,0.6735826862636279,0.0,0.732155093764813
2026-09-09 04:00:00,0.19096665399449606,0.0,0.19096665399449606,0.6628356731511726,0.0,0.7204735577730137
2026-09-09 05:00:00,0.21536718702640906,0.0,0.21536718702640906,0.6753738551157038,0.0,0.7341020164301127
2026-09-09 06:00:00,0.27219947338640577,0.030629039249831656,0.2415704341365741,0.6825385305240073,0.0,0.7418897070913122
2026-09-09 07:00:00,0.25604402561471246,0.09746849054449858,0.15857553507021388,0.5338715158017092,0.0,0.580295125871423
2026-09-09 08:00:00,0.23756870380901599,0.30144893982834614,-0.06388023601933016,0.40311618960017015,0.0,0.4381697713045328
2026-09-09 09:00:00,0.2137074606566927,0.39884435184197725,-0.18513689118528456,0.2777343699548584,0.0,0.3018851847335417
2026-09-09 10:00:00,0.20312390141129438,0.43554804397016794,-0.23242414255887356,0.24549333061749262,0.0,0.26684057675814415
2026-09-09 11:00:00,0.20329126699818442,0.06594423929154032,0.1373470277066441,0.1559348880136986,0.0,0.16949444349315065
2026-09-09 12:00:00,0.196538523496885,0.2746199841836233,-0.07808146068673832,0.1559348880136986,0.0,0.16949444349315065
2026-09-09 13:00:00,0.18972999154592732,0.21787450496502678,-0.02814451341909946,0.1559348880136986,0.0,0.16949444349315065
2026-09-09 14:00:00,0.199781235009762,0.3712023975413537,-0.1714211625315917,0.1559348880136986,0.0,0.16949444349315065
2026-09-09 15:00:00,0.24694350915481378,0.2017332844596726,0.04521022469514119,0.1559348880136986,0.0,0.16949444349315065
2026-09-09 16:00:00,0.3735092106940647,0.1093620214431806,0.2641471892508841,0.1559348880136986,0.0,0.16949444349315065
2026-09-09 17:00:00,0.40841194691704213,0.035698862328762924,0.37271308458827923,0.16309956342200196,0.0,0.17728213415434996
2026-09-09 18:00:00,0.44768246491073355,0.0,0.44768246491073355,0.28848138306731375,0.0,0.313566720725341
2026-09-09 19:00:00,0.46798253739535983,0.0,0.46798253739535983,0.26698735684240305,0.0,0.2902036487417424
2026-09-09 20:00:00,0.4066639272568965,0.0,0.4066639272568965,0.3565457994461971,0.0,0.38754978200673595
2026-09-09 21:00:00,0.36827673125460375,0.0,0.36827673125460375,0.6664180108553244,0.0,0.7243674031036134
2026-09-09 22:00:00,0.3181181411550771,0.0,0.3181181411550771,0.8079203501693191,0.0,0.8781742936623034
2026-09-09 23:00:00,0.2610929077593732,0.0,0.2610929077593732,0.8849406108085818,0.0,0.9618919682701975
2026-09-10 00:00:00,0.22467690872803958,0.0,0.22467690872803958,0.9207639878500993,0.0,1.0008304215761947
2026-09-10 01:00:00,0.20342378179081003,0.0,0.20342378179081003,0.8938964550689611,0.0,0.9716265815966968
2026-09-10 02:00:00,0.1922823360559666,0.0,0.1922823360559666,0.9368845075187823,0.0,1.0183527255638938
2026-09-10 03:00:00,0.1869731220021803,0.0,0.1869731220021803,1.06405749601617,0.0,1.1565842348001847
2026-09-10 04:00:00,0.19006938818357988,0.0,0.19006938818357988,1.1751099648448742,0.0,1.2772934400487763
2026-09-10 05:00:00,0.21637138214731388,0.0,0.21637138214731388,1.1840658091052538,0.0,1.2870280533752758
2026-09-10 06:00:00,0.2749005711457742,0.02610730515240646,0.24879326599336776,1.0837603533890043,0.0,1.178000384118483
2026-09-10 07:00:00,0.25129734903741147,0.05522909970309638,0.19606824933431508,0.6861208682281591,0.0,0.7457835524219121
2026-09-10 08:00:00,0.23053702041778346,0.14657726328744372,0.08395975713033973,0.34042527977751413,0.0,0.37002747801903707
2026-09-10 09:00:00,0.20303092237167242,0.29116313660874865,-0.08813221423707623,0.17563774538653318,0.0,0.19091059281144912
2026-09-10 10:00:00,0.19092247292779357,0.1947634195781869,-0.0038409466503933343,0.1559348880136986,0.0,0.16949444349315065
2026-09-10 11:00:00,0.1906319069405794,0.12565853382662817,0.06497337311395124,0.1559348880136986,0.0,0.16949444349315065
2026-09-10 12:00:00,0.17801438935702424,0.29669883532196006,-0.11868444596493583,0.1559348880136986,0.0,0.16949444349315065
2026-09-10 13:00:00,0.17312359056961135,0.4212155171037839,-0.24809192653417256,0.1559348880136986,0.0,0.16949444349315065
2026-09-10 14:00:00,0.18476713279133092,0.3671465390782087,-0.1823794062868778,0.1559348880136986,0.0,0.16949444349315065
2026-09-10 15:00:00,0.2295630410537891,0.2632014637355799,-0.03363842268179079,0.1559348880136986,0.0,0.16949444349315065
2026-09-10 16:00:00,0.35373680738612195,0.15597698932027304,0.1977598180658489,0.1559348880136986,0.0,0.16949444349315065
2026-09-10 17:00:00,0.4013128499417235,0.045975530732002,0.3553373192097215,0.1559348880136986,0.0,0.16949444349315065
2026-09-10 18:00:00,0.4459995093796317,0.0,0.4459995093796317,0.1559348880136986,0.0,0.16949444349315065
2026-09-10 19:00:00,0.47557210939119265,0.0,0.47557210939119265,0.24011982406126506,0.0,0.2609998087622446
2026-09-10 20:00:00,0.4063408178365687,0.0,0.4063408178365687,0.2777343699548584,0.0,0.3018851847335417
2026-09-10 21:00:00,0.3669610498093069,0.0,0.3669610498093069,0.3332606043692108,0.0,0.3622397873578378
2026-09-10 22:00:00,0.32248592308068563,0.0,0.32248592308068563,0.36550164370657656,0.0,0.3972843953332354
2026-09-10 23:00:00,0.27061648507261504,0.0,0.27061648507261504,0.37266631911488024,0.0,0.40507208599443506
2026-09-11 00:00:00,0.2316992971144205,0.0,0.2316992971144205,0.38162216337525945,0.0,0.41480669932093417
2026-09-11 01:00:00,0.20933504707954068,0.0,0.20933504707954068,0.3637104748545007,0.0,0.3953374726679355
2026-09-11 02:00:00,0.19536233025996874,0.0,0.19536233025996874,0.3637104748545007,0.0,0.3953374726679355
2026-09-11 03:00:00,0.1907202549356033,0.0,0.1907202549356033,0.3619193060024249,0.0,0.39339055000263573
2026-09-11 04:00:00,0.19128278962505266,0.0,0.19128278962505266,0.35833696829827316,0.0,0.38949670467203606
2026-09-11 05:00:00,0.21241969025360397,0.0,0.21241969025360397,0.30101956503184496,0.0,0.3271951793824402
2026-09-11 06:00:00,0.26828032495819004,0.005206845324307797,0.2630734796338822,0.21504346013220263,0.0,0.23374289144804633
2026-09-11 07:00:00,0.24096483624247536,0.05383147280025587,0.18713336344221948,0.1559348880136986,0.0,0.16949444349315065
2026-09-11 08:00:00,0.22569503458585755,0.05547573974477412,0.17021929484108342,0.1559348880136986,0.0,0.16949444349315065
2026-09-11 09:00:00,0.20852144755851276,0.07466798891384549,0.13385345864466727,0.1559348880136986,0.0,0.16949444349315065
2026-09-11 10:00:00,0.20431870637234126,0.06231771719724174,0.1420009891750995,0.1559348880136986,0.0,0.16949444349315065
2026-09-11 11:00:00,0.21033922362182558,0.08621439679090698,0.1241248268309186,0.1559348880136986,0.0,0.16949444349315065
2026-09-11 12:00:00,0.20179194779896506,0.08688123838507272,0.11491070941389234,0.1559348880136986,0.0,0.16949444349315065
2026-09-11 13:00:00,0.19917685802227572,0.03509596444910624,0.1640808935731695,0.1559348880136986,0.0,0.16949444349315065
2026-09-11 14:00:00,0.20699888280975812,0.027103000135475848,0.17989588267428228,0.1559348880136986,0.0,0.16949444349315065
2026-09-11 15:00:00,0.24716433945328872,0.06011622645485897,0.18704811299842974,0.1559348880136986,0.0,0.16949444349315065
2026-09-11 16:00:00,0.3523839344246659,0.07967386827826771,0.2727100661463982,0.1559348880136986,0.0,0.16949444349315065
2026-09-11 17:00:00,0.4066174155554286,0.015456109278471566,0.391161306276957,0.1559348880136986,0.0,0.16949444349315065
2026-09-11 18:00:00,0.4408344162050505,0.0,0.4408344162050505,0.1559348880136986,0.0,0.16949444349315065
2026-09-11 19:00:00,0.45653425412070003,0.0,0.45653425412070003,0.1559348880136986,0.0,0.16949444349315065
2026-09-11 20:00:00,0.3886442139191999,0.0,0.3886442139191999,0.1559348880136986,0.0,0.16949444349315065
2026-09-11 21:00:00,0.35498742438693737,0.0,0.35498742438693737,0.1559348880136986,0.0,0.16949444349315065
2026-09-11 22:00:00,0.3179786688191738,0.0,0.3179786688191738,0.1559348880136986,0.0,0.16949444349315065
2026-09-11 23:00:00,0.27076757824280706,0.0,0.27076757824280706,0.1559348880136986,0.0,0.16949444349315065
2026-09-12 00:00:00,0.23850085559388107,0.0,0.23850085559388107,0.1559348880136986,0.0,0.16949444349315065
2026-09-12 01:00:00,0.21310310161882107,0.0,0.21310310161882107,0.1559348880136986,0.0,0.16949444349315065
2026-09-12 02:00:00,0.19789606213848754,0.0,0.19789606213848754,0.17922008309068518,0.0,0.19480443814204912
2026-09-12 03:00:00,0.19086205115875665,0.0,0.19086205115875665,0.21146112242805098,0.0,0.22984904611744672
2026-09-12 04:00:00,0.19018561454829092,0.0,0.19018561454829092,0.23295514865296138,0.0,0.253212118101045
2026-09-12 05:00:00,0.19792628067131135,0.0,0.19792628067131135,0.23474631750503724,0.0,0.2551590407663448
2026-09-12 06:00:00,0.21733373328206468,0.04772941547282147,0.1696043178092432,0.18280242079483686,0.0,0.19869828347264876
2026-09-12 07:00:00,0.22764996743121332,0.13706791945831315,0.09058204797290018,0.1559348880136986,0.0,0.16949444349315065
2026-09-12 08:00:00,0.23597641050063214,0.1793255799324322,0.056650830568199945,0.1559348880136986,0.0,0.16949444349315065
2026-09-12 09:00:00,0.22821249645722294,0.3765553999273965,-0.14834290347017356,0.1559348880136986,0.0,0.16949444349315065
2026-09-12 10:00:00,0.22742913105546306,0.44489296110484666,-0.2174638300493836,0.1559348880136986,0.0,0.16949444349315065
2026-09-12 11:00:00,0.2275778992837217,0.4738411941447264,-0.2462632948610047,0.1559348880136986,0.0,0.16949444349315065
2026-09-12 12:00:00,0.21423512946120735,0.4272627655330677,-0.21302763607186034,0.1559348880136986,0.0,0.16949444349315065
2026-09-12 13:00:00,0.2040932297342261,0.4257737904666428,-0.2216805607324167,0.1559348880136986,0.0,0.16949444349315065
2026-09-12 14:00:00,0.19904901221739835,0.36278923167523536,-0.163740219457837,0.1559348880136986,0.0,0.16949444349315065
2026-09-12 15:00:00,0.2227847318083411,0.2384552462205802,-0.0156705144122391,0.1559348880136986,0.0,0.16949444349315065
2026-09-12 16:00:00,0.3093244531829784,0.1504960995052122,0.1588283536777662,0.1559348880136986,0.0,0.16949444349315065
2026-09-12 17:00:00,0.36362767234487026,0.03790948788750414,0.3257181844573661,0.1559348880136986,0.0,0.16949444349315065
2026-09-12 18:00:00,0.4016220296801353,0.0,0.4016220296801353,0.1559348880136986,0.0,0.16949444349315065
2026-09-12 19:00:00,0.4144813006630881,0.0,0.4144813006630881,0.1559348880136986,0.0,0.16949444349315065
2026-09-12 20:00:00,0.3863708262381097,0.0,0.3863708262381097,0.1559348880136986,0.0,0.16949444349315065
2026-09-12 21:00:00,0.3542854150105485,0.0,0.3542854150105485,0.1559348880136986,0.0,0.16949444349315065
2026-09-12 22:00:00,0.31323431373798827,0.0,0.31323431373798827,0.1559348880136986,0.0,0.16949444349315065
2026-09-12 23:00:00,0.2685801997730582,0.0,0.2685801997730582,0.1559348880136986,0.0,0.16949444349315065
2026-09-13 00:00:00,0.23278020010710054,0.0,0.23278020010710054,0.1559348880136986,0.0,0.16949444349315065
2026-09-13 01:00:00,0.2114619867018466,0.0,0.2114619867018466,0.1559348880136986,0.0,0.16949444349315065
2026-09-13 02:00:00,0.19758922501133247,0.0,0.19758922501133247,0.1559348880136986,0.0,0.16949444349315065
2026-09-13 03:00:00,0.19008798447996147,0.0,0.19008798447996147,0.1559348880136986,0.0,0.16949444349315065
2026-09-13 04:00:00,0.18830739852895723,0.0,0.18830739852895723,0.1559348880136986,0.0,0.16949444349315065
2026-09-13 05:00:00,0.19252176121468492,0.0,0.19252176121468492,0.1559348880136986,0.0,0.16949444349315065
2026-09-13 06:00:00,0.2083331754955098,0.04736402281848408,0.16096915267702572,0.1559348880136986,0.0,0.16949444349315065
2026-09-13 07:00:00,0.2225499627551991,0.1672310830738646,0.055318879681334476,0.1559348880136986,0.0,0.16949444349315065
2026-09-13 08:00:00,0.2435566865116986,0.2676409844857792,-0.024084297974080626,0.1559348880136986,0.0,0.16949444349315065
2026-09-13 09:00:00,0.24989566219902595,0.3159550282055405,-0.06605936600651455,0.1559348880136986,0.0,0.16949444349315065
2026-09-13 10:00:00,0.24963066462541028,0.2880207597814471,-0.03839009515603681,0.1559348880136986,0.0,0.16949444349315065
2026-09-13 11:00:00,0.2571481758849555,0.3064913584582021,-0.0493431825732466,0.1559348880136986,0.0,0.16949444349315065
2026-09-13 12:00:00,0.24796398045547413,0.36457052086513014,-0.11660654040965601,0.1559348880136986,0.0,0.16949444349315065
2026-09-13 13:00:00,0.2382660659461385,0.34011661747360034,-0.10185055152746184,0.1559348880136986,0.0,0.16949444349315065
2026-09-13 14:00:00,0.23622048470123913,0.3145574013027,-0.07833691660146086,0.1559348880136986,0.0,0.16949444349315065
2026-09-13 15:00:00,0.2640799107090795,0.2562590033031695,0.007820907405910016,0.1559348880136986,0.0,0.16949444349315065
2026-09-13 16:00:00,0.35720965956413775,0.13696743647837034,0.2202422230857674,0.1559348880136986,0.0,0.16949444349315065
2026-09-13 17:00:00,0.4024100390221939,0.02000524782497206,0.38240479119722187,0.1559348880136986,0.0,0.16949444349315065
2026-09-13 18:00:00,0.437442951384928,0.0,0.437442951384928,0.1559348880136986,0.0,0.16949444349315065
2026-09-13 19:00:00,0.4556509534353679,0.0,0.4556509534353679,0.20787878472389895,0.0,0.2259552007868467
2026-09-13 20:00:00,0.41891184419014843,0.0,0.41891184419014843,0.2848990453631621,0.0,0.3096728753947414
2026-09-13 21:00:00,0.36866492383805066,0.0,0.36866492383805066,0.34400761748166614,0.0,0.37392132334963707
2026-09-13 22:00:00,0.30346666289977386,0.0,0.30346666289977386,0.40848969615639774,0.0,0.44401053930043227
2026-09-13 23:00:00,0.2494447155211608,0.0,0.2494447155211608,0.46580709942282594,0.0,0.5063120645900282
2026-09-14 00:00:00,0.21617612244979267,0.0,0.21617612244979267,0.5302891780975575,0.0,0.5764012805408234
2026-09-14 01:00:00,0.19852368362044168,0.0,0.19852368362044168,0.6467151534824898,0.0,0.702951253785315
2026-09-14 02:00:00,0.18911400836124875,0.0,0.18911400836124875,0.7720969731278011,0.0,0.8392358403563055
2026-09-14 03:00:00,0.1872474149769322,0.0,0.1872474149769322,0.8240408698380018,0.0,0.895696597650002
2026-09-14 04:00:00,0.19290065859493996,0.0,0.19290065859493996,0.8867317796606575,0.0,0.9638388909354973
2026-09-14 05:00:00,0.21910037376129007,0.0,0.21910037376129007,0.9028522993293406,0.0,0.9813611949231963
2026-09-14 06:00:00,0.2833409195674534,0.042513435332155236,0.24082748423529815,0.899269961625189,0.0,0.9774673495925967
2026-09-14 07:00:00,0.2588962195260461,0.16534017608766863,0.09355604343837745,0.5696948928432269,0.0,0.6192335791774205
2026-09-14 08:00:00,0.23366118064254235,0.26591450419403506,-0.03225332355149271,0.3099754092922242,0.0,0.33692979270893936
2026-09-14 09:00:00,0.21012769433974995,0.373476966814604,-0.16334927247485406,0.1559348880136986,0.0,0.16949444349315065
2026-09-14 10:00:00,0.1972591268606002,0.4320585441212459,-0.23479941726064568,0.1559348880136986,0.0,0.16949444349315065
2026-09-14 11:00:00,0.19920242788041562,0.45992886883083023,-0.26072644095041464,0.1559348880136986,0.0,0.16949444349315065
2026-09-14 12:00:00,0.18998801436271068,0.44502084853386475,-0.2550328341711541,0.1559348880136986,0.0,0.16949444349315065
2026-09-14 13:00:00,0.18705679015508256,0.41742456831503344,-0.23036777815995088,0.1559348880136986,0.0,0.16949444349315065
2026-09-14 14:00:00,0.19643624597352685,0.34280225348298016,-0.1463660075094533,0.1559348880136986,0.0,0.16949444349315065
2026-09-14 15:00:00,0.2586033254853345,0.2016602059288051,0.05694311955652939,0.1559348880136986,0.0,0.16949444349315065
2026-09-14 16:00:00,0.3979887801853091,0.11230343231059657,0.2856853478747125,0.1559348880136986,0.0,0.16949444349315065
2026-09-14 17:00:00,0.44415848487414356,0.02622605776506611,0.41793242710907746,0.1559348880136986,0.0,0.16949444349315065
2026-09-14 18:00:00,0.4812021069764777,0.0,0.4812021069764777,0.1559348880136986,0.0,0.16949444349315065
2026-09-14 19:00:00,0.4851816929524596,0.0,0.4851816929524596,0.24728449946956843,0.0,0.26878749942344393
2026-09-14 20:00:00,0.40259600897002334,0.0,0.40259600897002334,0.3475899551858178,0.0,0.37781516868023673
2026-09-14 21:00:00,0.35938309997436924,0.0,0.35938309997436924,0.37445748796695605,0.0,0.40701900865973484
2026-09-14 22:00:00,0.3087177639088457,0.0,0.3087177639088457,0.36908398141072823,0.0,0.40117824066383506
2026-09-14 23:00:00,0.25578369401431855,0.0,0.25578369401431855,0.3672928125586524,0.0,0.39923131799853523
2026-09-15 00:00:00,0.22119941984218303,0.0,0.22119941984218303,0.3565457994461971,0.0,0.38754978200673595
2026-09-15 01:00:00,0.19987423280262215,0.0,0.19987423280262215,0.3332606043692108,0.0,0.3622397873578378
2026-09-15 02:00:00,0.18897918649727075,0.0,0.18897918649727075,0.28848138306731375,0.0,0.313566720725341
2026-09-15 03:00:00,0.18300515823918634,0.0,0.18300515823918634,0.24011982406126506,0.0,0.2609998087622446
2026-09-15 04:00:00,0.18720789835000906,0.0,0.18720789835000906,0.18459358964691272,0.0,0.2006452061379486
2026-09-15 05:00:00,0.21425141582099186,0.0,0.21425141582099186,0.1559348880136986,0.0,0.16949444349315065
2026-09-15 06:00:00,0.2804003961401562,0.024773621964074993,0.2556267741760812,0.1559348880136986,0.0,0.16949444349315065
2026-09-15 07:00:00,0.24386816905341394,0.05570411015373499,0.18816405889967894,0.1559348880136986,0.0,0.16949444349315065
2026-09-15 08:00:00,0.21141315865837498,0.20348716920049206,0.00792598945788292,0.1559348880136986,0.0,0.16949444349315065
2026-09-15 09:00:00,0.18951148853960878,0.34398977960957666,-0.15447829106996788,0.1559348880136986,0.0,0.16949444349315065
2026-09-15 10:00:00,0.18634548649873342,0.35656842173514125,-0.17022293523640783,0.1559348880136986,0.0,0.16949444349315065
2026-09-15 11:00:00,0.194058257665786,0.30998085830712413,-0.11592260064133814,0.1559348880136986,0.0,0.16949444349315065
2026-09-15 12:00:00,0.19016235502964643,0.3009191204795569,-0.11075676544991045,0.1559348880136986,0.0,0.16949444349315065
2026-09-15 13:00:00,0.19162913050708116,0.12521092782506485,0.06641820268201631,0.1559348880136986,0.0,0.16949444349315065
2026-09-15 14:00:00,0.2028310135801113,0.14706140855444075,0.05576960502567055,0.1559348880136986,0.0,0.16949444349315065
2026-09-15 15:00:00,0.2573736519626743,0.15098937958856765,0.10638427237410666,0.1559348880136986,0.0,0.16949444349315065
2026-09-15 16:00:00,0.4073938059725993,0.07190013955723976,0.3354936664153595,0.1559348880136986,0.0,0.16949444349315065
2026-09-15 17:00:00,0.4527104091980231,0.010413690648615593,0.4422967185494075,0.1559348880136986,0.0,0.16949444349315065
2026-09-15 18:00:00,0.4779036057746336,0.0,0.4779036057746336,0.1559348880136986,0.0,0.16949444349315065
2026-09-15 19:00:00,0.4763787192164294,0.0,0.4763787192164294,0.1559348880136986,0.0,0.16949444349315065
2026-09-15 20:00:00,0.4011943216445573,0.0,0.4011943216445573,0.1559348880136986,0.0,0.16949444349315065
2026-09-15 21:00:00,0.3623398953774136,0.0,0.3623398953774136,0.1559348880136986,0.0,0.16949444349315065
2026-09-15 22:00:00,0.3118488981881974,0.0,0.3118488981881974,0.1559348880136986,0.0,0.16949444349315065
2026-09-15 23:00:00,0.25731090676032065,0.0,0.25731090676032065,0.1559348880136986,0.0,0.16949444349315065
2026-09-16 00:00:00,0.21928633638663164,0.0,0.21928633638663164,0.1559348880136986,0.0,0.16949444349315065
2026-09-16 01:00:00,0.19512522924950962,0.0,0.19512522924950962,0.1559348880136986,0.0,0.16949444349315065
2026-09-16 02:00:00,0.18360488568256988,0.0,0.18360488568256988,0.19534060275936807,0.0,0.21232674212974792
2026-09-16 03:00:00,0.17987867296603072,0.0,0.17987867296603072,0.2490756683216443,0.0,0.2707344220887438
2026-09-16 04:00:00,0.18482758535886848,0.0,0.18482758535886848,0.30460190273599663,0.0,0.3310890247130398
2026-09-16 05:00:00,0.2135470849649914,0.0,0.2135470849649914,0.34042527977751413,0.0,0.37002747801903707
2026-09-16 06:00:00,0.2836198626836066,0.0036265220942985885,0.279993340589308,0.3672928125586524,0.0,0.39923131799853523
2026-09-16 07:00:00,0.2671901216470953,0.039224901443118736,0.22796522020397658,0.4998393076122676,0.0,0.5433035952307256
2026-09-16 08:00:00,0.24404715431578167,0.0795094415838159,0.16453771273196577,0.49804813876019166,0.0,0.5413566725654257
2026-09-16 09:00:00,0.221071554202722,0.11348182362083467,0.10758973058188734,0.43177489123338403,0.0,0.46932053394933043
2026-09-16 10:00:00,0.2058482441937627,0.13114855845804743,0.07469968573571528,0.3243047601088312,0.0,0.35250517403133824
2026-09-16 11:00:00,0.20569250074878812,0.21963752452220467,-0.013945023773416554,0.21683462898427852,0.0,0.2356898141133462
2026-09-16 12:00:00,0.19671053880716857,0.19791493122184686,-0.0012043924146782903,0.1559348880136986,0.0,0.16949444349315065
2026-09-16 13:00:00,0.19039713056563495,0.21289603004967983,-0.022498899484044876,0.1559348880136986,0.0,0.16949444349315065
2026-09-16 14:00:00,0.19825402323079747,0.09048949084665445,0.10776453238414302,0.1559348880136986,0.0,0.16949444349315065
2026-09-16 15:00:00,0.24708763005450962,0.13651983047680705,0.11056779957770257,0.1559348880136986,0.0,0.16949444349315065
2026-09-16 16:00:00,0.3811824665044311,0.12183104577244402,0.2593514207319871,0.1559348880136986,0.0,0.16949444349315065
2026-09-16 17:00:00,0.41795644594896225,0.023494747673894128,0.3944616982750681,0.1559348880136986,0.0,0.16949444349315065
2026-09-16 18:00:00,0.4644887779183597,0.0,0.4644887779183597,0.28848138306731375,0.0,0.313566720725341
2026-09-16 19:00:00,0.4727989527266699,0.0,0.4727989527266699,0.26698735684240305,0.0,0.2902036487417424
2026-09-16 20:00:00,0.39728912072855405,0.0,0.39728912072855405,0.2902725519193896,0.0,0.31551364339064086
2026-09-16 21:00:00,0.3580906651206339,0.0,0.3580906651206339,0.3350517732212866,0.0,0.36418671002313757
2026-09-16 22:00:00,0.3087293866212694,0.0,0.3087293866212694,0.386995669931487,0.0,0.42064746731683367
2026-09-16 23:00:00,0.25285246927017857,0.0,0.25285246927017857,0.43893956664168765,0.0,0.47710822461053004
2026-09-17 00:00:00,0.21678282437112326,0.0,0.21678282437112326,0.5105863207247229,0.0,0.5549851312225249
2026-09-17 01:00:00,0.19667801247954175,0.0,0.19667801247954175,0.5374538535058613,0.0,0.5841889712020231
2026-09-17 02:00:00,0.1854924006806589,0.0,0.1854924006806589,0.49804813876019166,0.0,0.5413566725654257
2026-09-17 03:00:00,0.18025524649753008,0.0,0.18025524649753008,0.46759826827490175,0.0,0.508258987255328
2026-09-17 04:00:00,0.1839396174228254,0.0,0.1839396174228254,0.4138632027126252,0.0,0.44985130729633177
2026-09-17 05:00:00,0.21445597431864025,0.0,0.21445597431864025,0.3529634617420453,0.0,0.3836559366761362
2026-09-17 06:00:00,0.2783920072564505,0.009938680197976987,0.2684533270584735,0.29743722732769295,0.0,0.3233013340518402
2026-09-17 07:00:00,0.2519110237378096,0.11058608683521086,0.14132493690259873,0.2741520322507067,0.0,0.29799133940294203
2026-09-17 08:00:00,0.2317736680048694,0.20658387194600145,0.025189796058867953,0.20966995357597515,0.0,0.2279021234521469
2026-09-17 09:00:00,0.20505093488210743,0.3440445885077273,-0.13899365362561986,0.17026423883030567,0.0,0.18506982481554962
2026-09-17 10:00:00,0.19464868707896005,0.11529965207616318,0.07934903500279687,0.1559348880136986,0.0,0.16949444349315065
2026-09-17 11:00:00,0.19841674033275472,0.26850879203983047,-0.07009205170707575,0.1559348880136986,0.0,0.16949444349315065
2026-09-17 12:00:00,0.1857318112422393,0.24897855466549704,-0.06324674342325773,0.2007141093155956,0.0,0.2181675101256474
2026-09-17 13:00:00,0.1799786134965444,0.3684254133683896,-0.18844679987184518,0.24011982406126506,0.0,0.2609998087622446
2026-09-17 14:00:00,0.19035296563506893,0.20324966397517277,-0.012896698340103846,0.2938548896235413,0.0,0.31940748872124053
2026-09-17 15:00:00,0.23932139521456317,0.21045703408197775,0.02886436113258542,0.31176657814430003,0.0,0.33887671537423913
2026-09-17 16:00:00,0.37371377120234617,0.11787567028924176,0.25583810091310444,0.3243047601088312,0.0,0.35250517403133824
2026-09-17 17:00:00,0.42293557694349987,0.019712933701502146,0.40322264324199775,0.34042527977751413,0.0,0.37002747801903707
2026-09-17 18:00:00,0.4638472084076949,0.0,0.4638472084076949,0.386995669931487,0.0,0.42064746731683367
2026-09-17 19:00:00,0.4712833628995444,0.0,0.4712833628995444,0.3887868387835632,0.0,0.4225943899821339
2026-09-17 20:00:00,0.3953132744214908,0.0,0.3953132744214908,0.4281925535292323,0.0,0.4654266886187307
2026-09-17 21:00:00,0.3547596216224156,0.0,0.3547596216224156,0.45147774860621886,0.0,0.4907366832676292
2026-09-17 22:00:00,0.3097684505971083,0.0,0.3097684505971083,0.449686579754143,0.0,0.48878976060232937
2026-09-17 23:00:00,0.25923096484305375,0.0,0.25923096484305375,0.5016304764643434,0.0,0.5452505178960254
2026-09-18 00:00:00,0.22179449893613057,0.0,0.22179449893613057,0.5123774895767987,0.0,0.5569320538878247
2026-09-18 01:00:00,0.19834469599139312,0.0,0.19834469599139312,0.5356626846537851,0.0,0.5822420485367229
2026-09-18 02:00:00,0.1846462731360887,0.0,0.1846462731360887,0.5177509961330263,0.0,0.5627728218837242
2026-09-18 03:00:00,0.18141518413772545,0.0,0.18141518413772545,0.52491567154133,0.0,0.5705605125449239
2026-09-18 04:00:00,0.1847903934653924,0.0,0.1847903934653924,0.5141686584288746,0.0,0.5588789765531246
2026-09-18 05:00:00,0.21003937767083591,0.0,0.21003937767083591,0.5016304764643434,0.0,0.5452505178960254
2026-09-18 06:00:00,0.2804003961879136,0.03257475513417825,0.2478256410537354,0.46759826827490175,0.0,0.508258987255328
2026-09-18 07:00:00,0.25483759900346836,0.14834028284462158,0.10649731615884678,0.5284980092454816,0.0,0.5744543578755236
2026-09-18 08:00:00,0.23067184222177708,0.25145408989863277,-0.020782247676855686,0.449686579754143,0.0,0.48878976060232937
2026-09-18 09:00:00,0.20791242349945144,0.3097798923472386,-0.10186746884778713,0.3959515141918665,0.0,0.43038208064333316
2026-09-18 10:00:00,0.19894673235097682,0.42378240050050403,-0.2248356681495272,0.3225135912567554,0.0,0.35055825136603846
2026-09-18 11:00:00,0.20444888092068061,0.37369620240720636,-0.16924732148652574,0.2616138502861755,0.0,0.2843628807458429
2026-09-18 12:00:00,0.1966965921178146,0.17516923848934438,0.02152735362847022,0.22937281094880968,0.0,0.2493182727704453
2026-09-18 13:00:00,0.19638045687755765,0.29694547536363775,-0.1005650184860801,0.17742891423860904,0.0,0.19285751547674895
2026-09-18 14:00:00,0.20627595706885113,0.25250459377985285,-0.04622863671100172,0.18638475849898856,0.0,0.20259212880324842
2026-09-18 15:00:00,0.24901233682472299,0.22150102705932537,0.027511309765397618,0.222208135540506,0.0,0.24153058210924566
2026-09-18 16:00:00,0.37079184356404504,0.12374935720771531,0.24704248635632975,0.2938548896235413,0.0,0.31940748872124053
2026-09-18 17:00:00,0.42218475560354485,0.017063836957556075,0.40512091864598876,0.3601281371503491,0.0,0.3914436273373359
2026-09-18 18:00:00,0.451148331244303,0.0,0.451148331244303,0.446104242049991,0.0,0.48489591527172937
2026-09-18 19:00:00,0.4550047174459787,0.0,0.4550047174459787,0.49446580105604004,0.0,0.5374628272348261
2026-09-18 20:00:00,0.3808593816275129,0.0,0.3808593816275129,0.5141686584288746,0.0,0.5588789765531246
2026-09-18 21:00:00,0.3457590628660683,0.0,0.3457590628660683,0.52491567154133,0.0,0.5705605125449239
2026-09-18 22:00:00,0.3104890520122666,0.0,0.3104890520122666,0.5356626846537851,0.0,0.5822420485367229
2026-09-18 23:00:00,0.25982604247373536,0.0,0.25982604247373536,0.5714860616953028,0.0,0.6211805018427204
2026-09-19 00:00:00,0.22572526986115854,0.0,0.22572526986115854,0.5965624256243653,0.0,0.6484374191569188
2026-09-19 01:00:00,0.20020431565552307,0.0,0.20020431565552307,0.6073094387368203,0.0,0.6601189551487178
2026-09-19 02:00:00,0.18426737548360836,0.0,0.18426737548360836,0.6180564518492756,0.0,0.6718004911405169
2026-09-19 03:00:00,0.1784769851130137,0.0,0.1784769851130137,0.6628356731511726,0.0,0.7204735577730137
2026-09-19 04:00:00,0.1785165018511885,0.0,0.1785165018511885,0.6932855436364627,0.0,0.7535712430831115
2026-09-19 05:00:00,0.19011820355174988,0.0,0.19011820355174988,0.6897032059323109,0.0,0.7496773977525119
2026-09-19 06:00:00,0.22022544287845877,0.0339541124043019,0.18627133047415687,0.6879120370802351,0.0,0.747730475087212
2026-09-19 07:00:00,0.23780814107640827,0.1279331030998784,0.10987503797652987,0.6377593092221102,0.0,0.6932166404588155
2026-09-19 08:00:00,0.24702022785389138,0.13994538661122005,0.10707484124267133,0.5553655420266199,0.0,0.6036581978550216
2026-09-19 09:00:00,0.23803128903063753,0.16555027686391263,0.0724810121667249,0.446104242049991,0.0,0.48489591527172937
2026-09-19 10:00:00,0.23804058646737225,0.22347414739274726,0.014566439074624987,0.36550164370657656,0.0,0.3972843953332354
2026-09-19 11:00:00,0.23986068849758319,0.1971567414640968,0.04270394703348637,0.2741520322507067,0.0,0.29799133940294203
2026-09-19 12:00:00,0.22457229139276869,0.12452581659818225,0.10004647479458643,0.2042964470197473,0.0,0.22206135545624706
2026-09-19 13:00:00,0.2157390990026904,0.0719092743735982,0.1438298246290922,0.1559348880136986,0.0,0.16949444349315065
2026-09-19 14:00:00,0.21260564045382088,0.1747764413859317,0.037829199067889174,0.1559348880136986,0.0,0.16949444349315065
2026-09-19 15:00:00,0.24006292350792824,0.14645851067478405,0.09360441283314419,0.1559348880136986,0.0,0.16949444349315065
2026-09-19 16:00:00,0.33125866712332147,0.05747626452727133,0.27378240259605013,0.1684730699782298,0.0,0.1831229021502498
2026-09-19 17:00:00,0.3831955210847982,0.008093447293573171,0.375102073791225,0.2616138502861755,0.0,0.2843628807458429
2026-09-19 18:00:00,0.4215548286607385,0.0,0.4215548286607385,0.39774268304394234,0.0,0.432329003308633
2026-09-19 19:00:00,0.418093612643619,0.0,0.418093612643619,0.4640159305707501,0.0,0.5043651419247284
2026-09-19 20:00:00,0.3809663078920714,0.0,0.3809663078920714,0.5947712567722891,0.0,0.6464904964916186
2026-09-19 21:00:00,0.3460961168044578,0.0,0.3460961168044578,0.7111972321572214,0.0,0.7730404697361102
2026-09-19 22:00:00,0.3038153421236387,0.0,0.3038153421236387,0.763141128867422,0.0,0.8295012270298066
2026-09-19 23:00:00,0.25821747074707785,0.0,0.25821747074707785,0.7720969731278011,0.0,0.8392358403563055
2026-09-20 00:00:00,0.22405393560368064,0.0,0.22405393560368064,0.8276232075421536,0.0,0.8995904429806016
2026-09-20 01:00:00,0.20130613990173227,0.0,0.20130613990173227,0.8795671042523541,0.0,0.9560512002742979
2026-09-20 02:00:00,0.18889550415155845,0.0,0.18889550415155845,0.8777759354002782,0.0,0.9541042776089981
2026-09-20 03:00:00,0.18141518427504671,0.0,0.18141518427504671,0.8365790518025331,0.0,0.9093250563071011
2026-09-20 04:00:00,0.18016458994472437,0.0,0.18016458994472437,0.804338012465167,0.0,0.8742804483317032
2026-09-20 05:00:00,0.18690338615203775,0.0,0.18690338615203775,0.7792616485361048,0.0,0.8470235310175053
2026-09-20 06:00:00,0.21007656965428267,0.01664363540506808,0.1934329342492146,0.7362735960862838,0.0,0.8002973870503085
2026-09-20 07:00:00,0.2301860266732866,0.10536097187818619,0.12482505479510042,0.7882174927964841,0.0,0.8567581443440045
2026-09-20 08:00:00,0.25170182069988983,0.202939080218986,0.04876274048090384,0.5858154125119099,0.0,0.6367558831651194
2026-09-20 09:00:00,0.2548631713692593,0.26914822918492093,-0.01428505781566164,0.401325020748094,0.0,0.43622284863923255
2026-09-20 10:00:00,0.25443313234139187,0.295584387726231,-0.04115125538483916,0.256240343729948,0.0,0.2785221127499435
2026-09-20 11:00:00,0.2602165489423572,0.33886514763249476,-0.07864859869013757,0.1559348880136986,0.0,0.16949444349315065
2026-09-20 12:00:00,0.2489797984071792,0.36334645547309985,-0.11436665706592064,0.1559348880136986,0.0,0.16949444349315065
2026-09-20 13:00:00,0.24157851406025882,0.3393401580831334,-0.09776164402287457,0.1559348880136986,0.0,0.16949444349315065
2026-09-20 14:00:00,0.2416552241893112,0.28634908838785356,-0.04469386419854235,0.1559348880136986,0.0,0.16949444349315065
2026-09-20 15:00:00,0.2734640173973152,0.21924472741879197,0.05421928997852321,0.1559348880136986,0.0,0.16949444349315065
2026-09-20 16:00:00,0.37658689738687784,0.1132351835791569,0.26335171380772093,0.1559348880136986,0.0,0.16949444349315065
2026-09-20 17:00:00,0.43134339736080124,0.012697394738224276,0.41864600262257695,0.1559348880136986,0.0,0.16949444349315065
2026-09-20 18:00:00,0.45456540008482677,0.0,0.45456540008482677,0.23653748635711305,0.0,0.2571059634316446
2026-09-20 19:00:00,0.4504347208488796,0.0,0.4504347208488796,0.3619193060024249,0.0,0.39339055000263573
2026-09-20 20:00:00,0.4036327455560757,0.0,0.4036327455560757,0.4299837223813081,0.0,0.46737361128403054
2026-09-20 21:00:00,0.35348810420536236,0.0,0.35348810420536236,0.48371878794358464,0.0,0.5257812912430267
2026-09-20 22:00:00,0.288264273624301,0.0,0.288264273624301,0.5374538535058613,0.0,0.5841889712020231
2026-09-20 23:00:00,0.235976421339942,0.0,0.235976421339942,0.5929800879202132,0.0,0.6445435738263187
2026-09-21 00:00:00,0.204474466938772,0.0,0.204474466938772,0.6485063223345656,0.0,0.7048981764506148
2026-09-21 01:00:00,0.1859805502538179,0.0,0.1859805502538179,0.7058237256009938,0.0,0.7671997017402107
2026-09-21 02:00:00,0.17762155980116082,0.0,0.17762155980116082,0.763141128867422,0.0,0.8295012270298066
2026-09-21 03:00:00,0.17634772042175043,0.0,0.17634772042175043,0.8204585321338502,0.0,0.8918027523194024
2026-09-21 04:00:00,0.18431851486719078,0.0,0.18431851486719078,0.8706112599919748,0.0,0.9463165869477986
2026-09-21 05:00:00,0.2139562015480335,0.0,0.2139562015480335,0.9064346370334923,0.0,0.9852550402537958
2026-09-21 06:00:00,0.2934665486335903,0.029953062839307484,0.2635134857942828,0.9135993124417959,0.0,0.9930427309149956
2026-09-21 07:00:00,0.27621160285689134,0.14227476478262094,0.1339368380742704,0.7649322977194979,0.0,0.8314481496951064
2026-09-21 08:00:00,0.2476315737384646,0.26732126591323396,-0.019689692174769374,0.5177509961330263,0.0,0.5627728218837242
2026-09-21 09:00:00,0.22835429153294418,0.3638671400055306,-0.13551284847258643,0.23116397980088557,0.0,0.25126519543574516
2026-09-21 10:00:00,0.21611799465026754,0.42748200112567014,-0.2113640064754026,0.1559348880136986,0.0,0.16949444349315065
2026-09-21 11:00:00,0.21692925257301995,0.44875698842446454,-0.2318277358514446,0.1559348880136986,0.0,0.16949444349315065
2026-09-21 12:00:00,0.2100091436969782,0.44130297827598186,-0.23129383457900365,0.1559348880136986,0.0,0.16949444349315065
2026-09-21 13:00:00,0.2015130082380688,0.4078421459550355,-0.20632913771696668,0.1559348880136986,0.0,0.16949444349315065
2026-09-21 14:00:00,0.20695936837703602,0.33419725647333465,-0.12723788809629863,0.1559348880136986,0.0,0.16949444349315065
2026-09-21 15:00:00,0.27451701977151816,0.22657085013825662,0.04794616963326154,0.1559348880136986,0.0,0.16949444349315065
2026-09-21 16:00:00,0.422821673586682,0.10843940499097869,0.3143822685957033,0.1559348880136986,0.0,0.16949444349315065
2026-09-21 17:00:00,0.47430756627721155,0.010404555832257158,0.4639030104449544,0.1559348880136986,0.0,0.16949444349315065
2026-09-21 18:00:00,0.5023552794646662,0.0,0.5023552794646662,0.1559348880136986,0.0,0.16949444349315065
2026-09-21 19:00:00,0.4937475655247866,0.0,0.4937475655247866,0.1559348880136986,0.0,0.16949444349315065
2026-09-21 20:00:00,0.40344678554182656,0.0,0.40344678554182656,0.1559348880136986,0.0,0.16949444349315065
2026-09-21 21:00:00,0.3555197407898348,0.0,0.3555197407898348,0.1559348880136986,0.0,0.16949444349315065
2026-09-21 22:00:00,0.3020068618456947,0.0,0.3020068618456947,0.1559348880136986,0.0,0.16949444349315065
2026-09-21 23:00:00,0.24984685896699557,0.0,0.24984685896699557,0.1559348880136986,0.0,0.16949444349315065
2026-09-22 00:00:00,0.21464891024598615,0.0,0.21464891024598615,0.1559348880136986,0.0,0.16949444349315065
2026-09-22 01:00:00,0.19256592848314238,0.0,0.19256592848314238,0.17384657653445734,0.0,0.1889636701461493
2026-09-22 02:00:00,0.18332594364978502,0.0,0.18332594364978502,0.24728449946956843,0.0,0.26878749942344393
2026-09-22 03:00:00,0.1782375593932595,0.0,0.1782375593932595,0.31355774699637623,0.0,0.34082363803953936
2026-09-22 04:00:00,0.18341892412372057,0.0,0.18341892412372057,0.36550164370657656,0.0,0.3972843953332354
2026-09-22 05:00:00,0.2135540589827754,0.0,0.2135540589827754,0.39953385189601814,0.0,0.4342759259739328
2026-09-22 06:00:00,0.29135820431515175,0.022024042240186135,0.26933416207496563,0.4174455404167773,0.0,0.4537451526269318
2026-09-22 07:00:00,0.25861030277889857,0.1186978037615009,0.13991249901739766,0.3189312535526037,0.0,0.3466644060354388
2026-09-22 08:00:00,0.22916787540254588,0.23167721248262166,-0.0025093370800757797,0.1559348880136986,0.0,0.16949444349315065
2026-09-22 09:00:00,0.2075381749401744,0.33731222885156087,-0.12977405391138647,0.1559348880136986,0.0,0.16949444349315065
2026-09-22 10:00:00,0.20070639704874274,0.3969534448557812,-0.19624704780703847,0.1559348880136986,0.0,0.16949444349315065
2026-09-22 11:00:00,0.20524851791068918,0.415670683574214,-0.2104221656635248,0.1559348880136986,0.0,0.16949444349315065
2026-09-22 12:00:00,0.1945394339590587,0.41756159056041,-0.22302215660135127,0.1559348880136986,0.0,0.16949444349315065
2026-09-22 13:00:00,0.19317493939552302,0.3262773706905717,-0.1331024312950487,0.1559348880136986,0.0,0.16949444349315065
2026-09-22 14:00:00,0.20508115275611444,0.19156623385273475,0.013514918903379691,0.1559348880136986,0.0,0.16949444349315065
2026-09-22 15:00:00,0.2649701975710451,0.15248748947135096,0.11248270809969416,0.1559348880136986,0.0,0.16949444349315065
2026-09-22 16:00:00,0.4245557692530367,0.05461706700708125,0.36993870224595543,0.1559348880136986,0.0,0.16949444349315065
2026-09-22 17:00:00,0.4769389281397958,0.0,0.4769389281397958,0.1559348880136986,0.0,0.16949444349315065
2026-09-22 18:00:00,0.5029898740086641,0.0,0.5029898740086641,0.1559348880136986,0.0,0.16949444349315065
2026-09-22 19:00:00,0.48758990067245056,0.0,0.48758990067245056,0.1559348880136986,0.0,0.16949444349315065
2026-09-22 20:00:00,0.4042162038898049,0.0,0.4042162038898049,0.1559348880136986,0.0,0.16949444349315065
2026-09-22 21:00:00,0.36133802589756664,0.0,0.36133802589756664,0.1559348880136986,0.0,0.16949444349315065
2026-09-22 22:00:00,0.308938594293061,0.0,0.308938594293061,0.1559348880136986,0.0,0.16949444349315065
2026-09-22 23:00:00,0.25322671784659917,0.0,0.25322671784659917,0.1559348880136986,0.0,0.16949444349315065
2026-09-23 00:00:00,0.2165341001899718,0.0,0.2165341001899718,0.1559348880136986,0.0,0.16949444349315065
2026-09-23 01:00:00,0.19296342200471006,0.0,0.19296342200471006,0.1559348880136986,0.0,0.16949444349315065
2026-09-23 02:00:00,0.17979499040710134,0.0,0.17979499040710134,0.1559348880136986,0.0,0.16949444349315065
2026-09-23 03:00:00,0.1768753877189506,0.0,0.1768753877189506,0.1559348880136986,0.0,0.16949444349315065
2026-09-23 04:00:00,0.18201258686617683,0.0,0.18201258686617683,0.1559348880136986,0.0,0.16949444349315065
2026-09-23 05:00:00,0.21486044165686222,0.0,0.21486044165686222,0.1559348880136986,0.0,0.16949444349315065
2026-09-23 06:00:00,0.29888733935599576,0.001662536577235121,0.2972248027787606,0.1559348880136986,0.0,0.16949444349315065
2026-09-23 07:00:00,0.28043061350875276,0.028756401896352535,0.2516742116124002,0.1559348880136986,0.0,0.16949444349315065
2026-09-23 08:00:00,0.2512159887182358,0.1420829336390938,0.109133055079142,0.1559348880136986,0.0,0.16949444349315065
2026-09-23 09:00:00,0.22277775634128533,0.2159927327951892,0.006785023546096114,0.1559348880136986,0.0,0.16949444349315065
2026-09-23 10:00:00,0.20587846437339652,0.26420629353500774,-0.05832782916161122,0.1559348880136986,0.0,0.16949444349315065
2026-09-23 11:00:00,0.20611091641422438,0.3016499057882317,-0.09553898937400732,0.1559348880136986,0.0,0.16949444349315065
2026-09-23 12:00:00,0.19505082956512626,0.2484670049494247,-0.05341617538429844,0.1559348880136986,0.0,0.16949444349315065
2026-09-23 13:00:00,0.19011586499085015,0.19384993794234343,-0.003734072951493278,0.1559348880136986,0.0,0.16949444349315065
2026-09-23 14:00:00,0.20054600559803606,0.24228273427476438,-0.04173672867672831,0.1559348880136986,0.0,0.16949444349315065
2026-09-23 15:00:00,0.2581593411114684,0.17834815458207967,0.0798111865293887,0.1559348880136986,0.0,0.16949444349315065
2026-09-23 16:00:00,0.4069823654679159,0.08977697517069654,0.31720539029721934,0.1559348880136986,0.0,0.16949444349315065
2026-09-23 17:00:00,0.45685038978504283,0.0063943714509043115,0.4504560183341385,0.1559348880136986,0.0,0.16949444349315065
2026-09-23 18:00:00,0.49642774412013,0.0,0.49642774412013,0.1559348880136986,0.0,0.16949444349315065
2026-09-23 19:00:00,0.4892193932209612,0.0,0.4892193932209612,0.1559348880136986,0.0,0.16949444349315065
2026-09-23 20:00:00,0.40271920966949054,0.0,0.40271920966949054,0.19534060275936807,0.0,0.21232674212974792
2026-09-23 21:00:00,0.3590042024143354,0.0,0.3590042024143354,0.2204169666884302,0.0,0.23958365944394586
2026-09-23 22:00:00,0.30692555526310733,0.0,0.30692555526310733,0.23295514865296138,0.0,0.253212118101045
2026-09-23 23:00:00,0.25162744494463896,0.0,0.25162744494463896,0.23832865520918925,0.0,0.2590528860969448
2026-09-24 00:00:00,0.2166549754259052,0.0,0.2166549754259052,0.20787878472389895,0.0,0.2259552007868467
2026-09-24 01:00:00,0.1954390408199645,0.0,0.1954390408199645,0.20787878472389895,0.0,0.2259552007868467
2026-09-24 02:00:00,0.18589454343447087,0.0,0.18589454343447087,0.222208135540506,0.0,0.24153058210924566
2026-09-24 03:00:00,0.17947188158998775,0.0,0.17947188158998775,0.19892294046351977,0.0,0.21622058746034756
2026-09-24 04:00:00,0.1852948153395462,0.0,0.1852948153395462,0.18101125194276102,0.0,0.19675136080734892
2026-09-24 05:00:00,0.21925844198657402,0.0,0.21925844198657402,0.1684730699782298,0.0,0.1831229021502498
2026-09-24 06:00:00,0.2989431278433927,0.010075702443353507,0.28886742540003923,0.16130839456992613,0.0,0.17533521148905015
2026-09-24 07:00:00,0.27240868006484553,0.06430910716338051,0.20809957290146502,0.1559348880136986,0.0,0.16949444349315065
2026-09-24 08:00:00,0.2420689862241293,0.07360835021626706,0.16846063600786226,0.1559348880136986,0.0,0.16949444349315065
2026-09-24 09:00:00,0.2140189495036596,0.0772988160250747,0.13672013347858492,0.1559348880136986,0.0,0.16949444349315065
2026-09-24 10:00:00,0.20234518735499354,0.09411601294095302,0.10822917441404052,0.1559348880136986,0.0,0.16949444349315065
2026-09-24 11:00:00,0.20088306153905008,0.1141212607659251,0.08676180077312498,0.1559348880136986,0.0,0.16949444349315065
2026-09-24 12:00:00,0.18760305389005355,0.11235824120874718,0.07524481268130637,0.1559348880136986,0.0,0.16949444349315065
2026-09-24 13:00:00,0.18465555761826496,0.09239866746556731,0.09225689015269765,0.1559348880136986,0.0,0.16949444349315065
2026-09-24 14:00:00,0.19575981034736997,0.08951206549630192,0.10624774485106805,0.1559348880136986,0.0,0.16949444349315065
2026-09-24 15:00:00,0.25146471090988404,0.06261916613707008,0.18884554477281396,0.1559348880136986,0.0,0.16949444349315065
2026-09-24 16:00:00,0.4024146747091842,0.00357171319614798,0.3988429615130362,0.1559348880136986,0.0,0.16949444349315065
2026-09-24 17:00:00,0.4593074112984775,0.0,0.4593074112984775,0.1559348880136986,0.0,0.16949444349315065
2026-09-24 18:00:00,0.496158097365805,0.0,0.496158097365805,0.1559348880136986,0.0,0.16949444349315065
2026-09-24 19:00:00,0.4822504686601607,0.0,0.4822504686601607,0.17742891423860904,0.0,0.19285751547674895
2026-09-24 20:00:00,0.40020639882911035,0.0,0.40020639882911035,0.23116397980088557,0.0,0.25126519543574516
2026-09-24 21:00:00,0.3588275391225646,0.0,0.3588275391225646,0.2598226814340997,0.0,0.2824159580805431
2026-09-24 22:00:00,0.3107261544296449,0.0,0.3107261544296449,0.26698735684240305,0.0,0.2902036487417424
2026-09-24 23:00:00,0.25711797221516075,0.0,0.25711797221516075,0.2634050191382514,0.0,0.28630980341114276
2026-09-25 00:00:00,0.22125985859035743,0.0,0.22125985859035743,0.2490756683216443,0.0,0.2707344220887438
2026-09-25 01:00:00,0.19861434129779476,0.0,0.19861434129779476,0.2239993043925822,0.0,0.24347750477454586
2026-09-25 02:00:00,0.1865058930497797,0.0,0.1865058930497797,0.24011982406126506,0.0,0.2609998087622446
2026-09-25 03:00:00,0.18314463055774896,0.0,0.18314463055774896,0.225790473244658,0.0,0.24542442743984566
2026-09-25 04:00:00,0.18616883669095535,0.0,0.18616883669095535,0.2634050191382514,0.0,0.28630980341114276
2026-09-25 05:00:00,0.2146698307234029,0.0,0.2146698307234029,0.2956460584756171,0.0,0.3213544113865403
2026-09-25 06:00:00,0.3000007859754922,0.015264278134944435,0.28473650784054777,0.3225135912567554,0.0,0.35055825136603846
2026-09-25 07:00:00,0.2844450671391439,0.05516515598858734,0.22927991115055657,0.3386341109254383,0.0,0.3680805553537373
2026-09-25 08:00:00,0.2549352284175829,0.08571198189119307,0.16922324652638987,0.31534891584845204,0.0,0.34277056070483913
2026-09-25 09:00:00,0.22653186523173888,0.11009280675185537,0.1164390584798835,0.2956460584756171,0.0,0.3213544113865403
2026-09-25 10:00:00,0.21496968084958856,0.09664635707223944,0.11832332377734912,0.2544491748778721,0.0,0.2765751900846436
2026-09-25 11:00:00,0.22420734069259254,0.12927592110456831,0.09493141958802423,0.1559348880136986,0.0,0.16949444349315065
2026-09-25 12:00:00,0.22271964553103205,0.15380290302696556,0.06891674250406649,0.1559348880136986,0.0,0.16949444349315065
2026-09-25 13:00:00,0.22590889326555147,0.09153999472787443,0.13436889853767703,0.1559348880136986,0.0,0.16949444349315065
2026-09-25 14:00:00,0.23934929192623344,0.035644053430612326,0.2037052384956211,0.1559348880136986,0.0,0.16949444349315065
2026-09-25 15:00:00,0.28337578140937464,0.06405333230534434,0.21932244910403031,0.1559348880136986,0.0,0.16949444349315065
2026-09-25 16:00:00,0.4171312383003868,0.06916882946606778,0.347962408834319,0.1559348880136986,0.0,0.16949444349315065
2026-09-25 17:00:00,0.4707719653948973,0.0,0.4707719653948973,0.1559348880136986,0.0,0.16949444349315065
2026-09-25 18:00:00,0.4912533509435725,0.0,0.4912533509435725,0.1559348880136986,0.0,0.16949444349315065
2026-09-25 19:00:00,0.4746911151119696,0.0,0.4746911151119696,0.1559348880136986,0.0,0.16949444349315065
2026-09-25 20:00:00,0.3925308194651448,0.0,0.3925308194651448,0.1559348880136986,0.0,0.16949444349315065
2026-09-25 21:00:00,0.35519430778659544,0.0,0.35519430778659544,0.1559348880136986,0.0,0.16949444349315065
2026-09-25 22:00:00,0.3151776179442862,0.0,0.3151776179442862,0.1559348880136986,0.0,0.16949444349315065
2026-09-25 23:00:00,0.2604373923688007,0.0,0.2604373923688007,0.1559348880136986,0.0,0.16949444349315065
2026-09-26 00:00:00,0.22473269753214162,0.0,0.22473269753214162,0.1559348880136986,0.0,0.16949444349315065
2026-09-26 01:00:00,0.20000440603333944,0.0,0.20000440603333944,0.1559348880136986,0.0,0.16949444349315065
2026-09-26 02:00:00,0.1848810499807384,0.0,0.1848810499807384,0.1559348880136986,0.0,0.16949444349315065
2026-09-26 03:00:00,0.1793045160118844,0.0,0.1793045160118844,0.1559348880136986,0.0,0.16949444349315065
2026-09-26 04:00:00,0.17821198932782994,0.0,0.17821198932782994,0.1559348880136986,0.0,0.16949444349315065
2026-09-26 05:00:00,0.19198479703088384,0.0,0.19198479703088384,0.1559348880136986,0.0,0.16949444349315065
2026-09-26 06:00:00,0.23244779351885753,0.0,0.23244779351885753,0.17563774538653318,0.0,0.19091059281144912
2026-09-26 07:00:00,0.2594634123087849,0.014350796499100964,0.24511261580968394,0.17742891423860904,0.0,0.19285751547674895
2026-09-26 08:00:00,0.26854067563554573,0.0374527470695824,0.23108792856596333,0.1559348880136986,0.0,0.16949444349315065
2026-09-26 09:00:00,0.25837785171449856,0.04260478349573959,0.21577306821875897,0.1559348880136986,0.0,0.16949444349315065
2026-09-26 10:00:00,0.25247123461228954,0.03593636755408223,0.21653486705820732,0.1559348880136986,0.0,0.16949444349315065
2026-09-26 11:00:00,0.25590223271379303,0.0272491571972108,0.22865307551658223,0.1559348880136986,0.0,0.16949444349315065
2026-09-26 12:00:00,0.2366342491066429,0.05742145562912072,0.1792127934775222,0.1559348880136986,0.0,0.16949444349315065
2026-09-26 13:00:00,0.22731988019858027,0.04977561433711085,0.17754426586146943,0.1559348880136986,0.0,0.16949444349315065
2026-09-26 14:00:00,0.22511855558342836,0.11116158026579223,0.11395697531763613,0.1559348880136986,0.0,0.16949444349315065
2026-09-26 15:00:00,0.25627415717090707,0.010377151383181854,0.24589700578772522,0.1559348880136986,0.0,0.16949444349315065
2026-09-26 16:00:00,0.35363918939530664,0.046103418161020086,0.30753577123428655,0.1559348880136986,0.0,0.16949444349315065
2026-09-26 17:00:00,0.4143255541495185,0.0012149305756718192,0.41311062357384665,0.1559348880136986,0.0,0.16949444349315065
2026-09-26 18:00:00,0.44256620517170847,0.0,0.44256620517170847,0.1559348880136986,0.0,0.16949444349315065
2026-09-26 19:00:00,0.4258110335585772,0.0,0.4258110335585772,0.1559348880136986,0.0,0.16949444349315065
2026-09-26 20:00:00,0.385845484765477,0.0,0.385845484765477,0.1559348880136986,0.0,0.16949444349315065
2026-09-26 21:00:00,0.3509590223644082,0.0,0.3509590223644082,0.1559348880136986,0.0,0.16949444349315065
2026-09-26 22:00:00,0.30742068013388746,0.0,0.30742068013388746,0.1559348880136986,0.0,0.16949444349315065
2026-09-26 23:00:00,0.2615973297474055,0.0,0.2615973297474055,0.1559348880136986,0.0,0.16949444349315065
2026-09-27 00:00:00,0.22703630092699967,0.0,0.22703630092699967,0.1559348880136986,0.0,0.16949444349315065
2026-09-27 01:00:00,0.20125964932491303,0.0,0.20125964932491303,0.16668190112615397,0.0,0.18117597948494996
2026-09-27 02:00:00,0.18743337787323214,0.0,0.18743337787323214,0.21683462898427852,0.0,0.2356898141133462
2026-09-27 03:00:00,0.1791882897335876,0.0,0.1791882897335876,0.2795255388069342,0.0,0.30383210739884153
2026-09-27 04:00:00,0.17961832691745533,0.0,0.17961832691745533,0.31534891584845204,0.0,0.34277056070483913
2026-09-27 05:00:00,0.18849801037683847,0.0,0.18849801037683847,0.3332606043692108,0.0,0.3622397873578378
2026-09-27 06:00:00,0.2163946277267889,0.0012423350247471234,0.21515229270204178,0.37445748796695605,0.0,0.40701900865973484
2026-09-27 07:00:00,0.2395468864458403,0.1101019415682138,0.12944494487762648,0.30101956503184496,0.0,0.3271951793824402
2026-09-27 08:00:00,0.25440059234472945,0.16601615249819282,0.08838443984653663,0.23832865520918925,0.0,0.2590528860969448
2026-09-27 09:00:00,0.24845445599468305,0.15730153769224606,0.09115291830243699,0.17384657653445734,0.0,0.1889636701461493
2026-09-27 10:00:00,0.2427059046169986,0.28929049925526945,-0.04658459463827086,0.1559348880136986,0.0,0.16949444349315065
2026-09-27 11:00:00,0.24375658971550634,0.07054818673619143,0.17320840297931492,0.1559348880136986,0.0,0.16949444349315065
2026-09-27 12:00:00,0.23139476908950887,0.20872141897387517,0.022673350115633706,0.1559348880136986,0.0,0.16949444349315065
2026-09-27 13:00:00,0.2226522337873305,0.1823492041470741,0.04030302964025642,0.1559348880136986,0.0,0.16949444349315065
2026-09-27 14:00:00,0.22192000971012066,0.10372583975002636,0.1181941699600943,0.1559348880136986,0.0,0.16949444349315065
2026-09-27 15:00:00,0.2525223755842903,0.02031583158115884,0.23220654400313145,0.1559348880136986,0.0,0.16949444349315065
2026-09-27 16:00:00,0.36446915103212973,0.011738239020588629,0.3527309120115411,0.1559348880136986,0.0,0.16949444349315065
2026-09-27 17:00:00,0.438886480712251,0.0,0.438886480712251,0.1559348880136986,0.0,0.16949444349315065
2026-09-27 18:00:00,0.472410775645891,0.0,0.472410775645891,0.1559348880136986,0.0,0.16949444349315065
2026-09-27 19:00:00,0.45997689409991005,0.0,0.45997689409991005,0.2598226814340997,0.0,0.2824159580805431
2026-09-27 20:00:00,0.41323070729203903,0.0,0.41323070729203903,0.3099754092922242,0.0,0.33692979270893936
2026-09-27 21:00:00,0.35815110056819166,0.0,0.35815110056819166,0.3386341109254383,0.0,0.3680805553537373
2026-09-27 22:00:00,0.29025406659214986,0.0,0.29025406659214986,0.3762486568190319,0.0,0.40896593132503467
2026-09-27 23:00:00,0.23673654066633565,0.0,0.23673654066633565,0.32967826666505906,0.0,0.35834594202723813
2026-09-28 00:00:00,0.20557629140747305,0.0,0.20557629140747305,0.27056969454655505,0.0,0.2940974940723424
2026-09-28 01:00:00,0.18598287504992236,0.0,0.18598287504992236,0.26698735684240305,0.0,0.2902036487417424
2026-09-28 02:00:00,0.17765177915726194,0.0,0.17765177915726194,0.29743722732769295,0.0,0.3233013340518402
2026-09-28 03:00:00,0.1755434352943257,0.0,0.1755434352943257,0.3386341109254383,0.0,0.3680805553537373
2026-09-28 04:00:00,0.18379317263536832,0.0,0.18379317263536832,0.3511722928899695,0.0,0.3817090140108364
2026-09-28 05:00:00,0.21703619667188517,0.0,0.21703619667188517,0.3780398256711078,0.0,0.41091285399033456
2026-09-28 06:00:00,0.3060584970604076,0.012660855472790536,0.29339764158761705,0.3941603453397906,0.0,0.4284351579780333
2026-09-28 07:00:00,0.2908607547489418,0.0620436727064887,0.2288170820424531,0.30101956503184496,0.0,0.3271951793824402
2026-09-28 08:00:00,0.25906125957613313,0.17029124655394023,0.0887700130221929,0.21325229128012682,0.0,0.23179596878274655
2026-09-28 09:00:00,0.23468397128538973,0.25459646672593433,-0.019912495440544603,0.1559348880136986,0.0,0.16949444349315065
2026-09-28 10:00:00,0.22766390698332026,0.22500879654096428,0.0026551104423559735,0.1559348880136986,0.0,0.16949444349315065
2026-09-28 11:00:00,0.23073460317788244,0.275917128106521,-0.045182524928638584,0.1559348880136986,0.0,0.16949444349315065
2026-09-28 12:00:00,0.22460018350646993,0.14690611667634734,0.07769406683012259,0.1559348880136986,0.0,0.16949444349315065
2026-09-28 13:00:00,0.21929561923729352,0.22202171159175615,-0.002726092354462639,0.1559348880136986,0.0,0.16949444349315065
2026-09-28 14:00:00,0.2273012813129798,0.24675879429039738,-0.019457512977417574,0.1559348880136986,0.0,0.16949444349315065
2026-09-28 15:00:00,0.295626025687154,0.14359931315459395,0.15202671253256006,0.1559348880136986,0.0,0.16949444349315065
2026-09-28 16:00:00,0.4578057658752905,0.04130763957284185,0.41649812630244865,0.1559348880136986,0.0,0.16949444349315065
2026-09-28 17:00:00,0.5158909842995346,0.0,0.5158909842995346,0.1559348880136986,0.0,0.16949444349315065
2026-09-28 18:00:00,0.5355169447174262,0.0,0.5355169447174262,0.1559348880136986,0.0,0.16949444349315065
2026-09-28 19:00:00,0.509982044167745,0.0,0.509982044167745,0.1559348880136986,0.0,0.16949444349315065
2026-09-28 20:00:00,0.4142674474029893,0.0,0.4142674474029893,0.1559348880136986,0.0,0.16949444349315065
2026-09-28 21:00:00,0.36341382613417467,0.0,0.36341382613417467,0.1559348880136986,0.0,0.16949444349315065
2026-09-28 22:00:00,0.3045359444486864,0.0,0.3045359444486864,0.16130839456992613,0.0,0.17533521148905015
2026-09-28 23:00:00,0.24733869693013608,0.0,0.24733869693013608,0.1684730699782298,0.0,0.1831229021502498
2026-09-29 00:00:00,0.21160378341213903,0.0,0.21160378341213903,0.2544491748778721,0.0,0.2765751900846436
2026-09-29 01:00:00,0.19257522665550825,0.0,0.19257522665550825,0.2616138502861755,0.0,0.2843628807458429
2026-09-29 02:00:00,0.18256117501145055,0.0,0.18256117501145055,0.3511722928899695,0.0,0.3817090140108364
2026-09-29 03:00:00,0.17827707641446855,0.0,0.17827707641446855,0.3887868387835632,0.0,0.4225943899821339
2026-09-29 04:00:00,0.18496705769345856,0.0,0.18496705769345856,0.39953385189601814,0.0,0.4342759259739328
2026-09-29 05:00:00,0.2178335086510379,0.0,0.2178335086510379,0.4156543715647011,0.0,0.4517982299616316
2026-09-29 06:00:00,0.3071998383531399,0.003124107194584678,0.30407573115855524,0.43356606008546017,0.0,0.4712674566146306
2026-09-29 07:00:00,0.2974019661249575,0.01575755821829991,0.28164440790665757,0.33684294207336246,0.0,0.36613363268843746
2026-09-29 08:00:00,0.2651375658536411,0.0428970976192095,0.2222404682344316,0.30818424044014836,0.0,0.33498287004363947
2026-09-29 09:00:00,0.23996761544329745,0.0317982957437113,0.20816931969958616,0.2687785256944792,0.0,0.2921505714070426
2026-09-29 10:00:00,0.22673642180979453,0.02388754477730682,0.20284887703248772,0.19534060275936807,0.0,0.21232674212974792
2026-09-29 11:00:00,0.22801723537980548,0.02595201327431307,0.2020652221054924,0.1559348880136986,0.0,0.16949444349315065
2026-09-29 12:00:00,0.2126869973570016,0.07000923257104377,0.14267776478595784,0.1559348880136986,0.0,0.16949444349315065
2026-09-29 13:00:00,0.209160694916163,0.08457926466274718,0.12458143025341581,0.1559348880136986,0.0,0.16949444349315065
2026-09-29 14:00:00,0.218491334746963,0.06214415568643148,0.15634717906053153,0.1559348880136986,0.0,0.16949444349315065
2026-09-29 15:00:00,0.2855631602776517,0.009235299338377512,0.2763278609392742,0.1559348880136986,0.0,0.16949444349315065
2026-09-29 16:00:00,0.44993492686997577,0.024408229309737597,0.4255266975602382,0.1559348880136986,0.0,0.16949444349315065
2026-09-29 17:00:00,0.5121624466864254,0.0,0.5121624466864254,0.1559348880136986,0.0,0.16949444349315065
2026-09-29 18:00:00,0.5319325280382063,0.0,0.5319325280382063,0.1559348880136986,0.0,0.16949444349315065
2026-09-29 19:00:00,0.5017276579500408,0.0,0.5017276579500408,0.1559348880136986,0.0,0.16949444349315065
2026-09-29 20:00:00,0.4133074189625301,0.0,0.4133074189625301,0.1559348880136986,0.0,0.16949444349315065
2026-09-29 21:00:00,0.36658215319611026,0.0,0.36658215319611026,0.1559348880136986,0.0,0.16949444349315065
2026-09-29 22:00:00,0.311644340866666,0.0,0.311644340866666,0.1559348880136986,0.0,0.16949444349315065
2026-09-29 23:00:00,0.2529361523076581,0.0,0.2529361523076581,0.22937281094880968,0.0,0.2493182727704453
2026-09-30 00:00:00,0.21604130123478746,0.0,0.21604130123478746,0.34579878633374195,0.0,0.3758682460149369
2026-09-30 01:00:00,0.19345389685374412,0.0,0.19345389685374412,0.4407307354937635,0.0,0.47905514727582993
2026-09-30 02:00:00,0.18189171182742134,0.0,0.18189171182742134,0.5302891780975575,0.0,0.5764012805408234
2026-09-30 03:00:00,0.17740537943184637,0.0,0.17740537943184637,0.5141686584288746,0.0,0.5588789765531246
2026-09-30 04:00:00,0.1838629084172629,0.0,0.1838629084172629,0.5428273600620888,0.0,0.5900297391979225
2026-09-30 05:00:00,0.21734768276031471,0.0,0.21734768276031471,0.5607390485828475,0.0,0.6094989658509211
2026-09-30 06:00:00,0.31199068322939516,0.0012514698411055583,0.3107392133882896,0.5284980092454816,0.0,0.5744543578755236
2026-09-30 07:00:00,0.3057632814547286,0.06457401683777511,0.24118926461695347,0.40848969615639774,0.0,0.44401053930043227
2026-09-30 08:00:00,0.27467044129803475,0.20631896227160684,0.06835147902642791,0.31355774699637623,0.0,0.34082363803953936
2026-09-30 09:00:00,0.2411949635652095,0.3155348266530525,-0.07433986308784299,0.24370216176541676,0.0,0.26489365409284427
2026-09-30 10:00:00,0.2259925737701238,0.37939632781486965,-0.15340375404474585,0.18459358964691272,0.0,0.2006452061379486
2026-09-30 11:00:00,0.23004886920028986,0.36726529169086836,-0.1372164224905785,0.1559348880136986,0.0,0.16949444349315065
2026-09-30 12:00:00,0.21993718857635006,0.3660229566661212,-0.14608576808977117,0.1559348880136986,0.0,0.16949444349315065
2026-09-30 13:00:00,0.21554616210880695,0.2043184374891096,0.011227724619697343,0.1559348880136986,0.0,0.16949444349315065
2026-09-30 14:00:00,0.22715483592120433,0.26062544552250133,-0.033470609601297,0.1559348880136986,0.0,0.16949444349315065
2026-09-30 15:00:00,0.29613044622119594,0.18076888091706486,0.11536156530413108,0.1559348880136986,0.0,0.16949444349315065
2026-09-30 16:00:00,0.4635682627580641,0.043362973253489666,0.4202052895045745,0.20250527816767144,0.0,0.22011443279094722
2026-09-30 17:00:00,0.5189988731433346,0.0,0.5189988731433346,0.2920637207714655,0.0,0.3174605660559407
2026-09-30 18:00:00,0.5339548644400869,0.0,0.5339548644400869,0.2938548896235413,0.0,0.31940748872124053
2026-09-30 19:00:00,0.5044682725102067,0.0,0.5044682725102067,0.2956460584756171,0.0,0.3213544113865403
2026-09-30 20:00:00,0.4156830827683585,0.0,0.4156830827683585,0.3225135912567554,0.0,0.35055825136603846
2026-09-30 21:00:00,0.3684185270892941,0.0,0.3684185270892941,0.36550164370657656,0.0,0.3972843953332354
2026-09-30 22:00:00,0.31098185150477686,0.0,0.31098185150477686,0.435357228937536,0.0,0.4732143792799304
2026-09-30 23:00:00,0.2539891619136805,0.0,0.2539891619136805,0.435357228937536,0.0,0.4732143792799304
2026-10-01 00:00:00,0.21764987192589216,0.0,0.21764987192589216,0.4120720338605494,0.0,0.44790438463103194
2026-10-01 01:00:00,0.19483001555617158,0.0,0.19483001555617158,0.3959515141918665,0.0,0.43038208064333316
2026-10-01 02:00:00,0.18704285886353786,0.0,0.18704285886353786,0.3350517732212866,0.0,0.36418671002313757
2026-10-01 03:00:00,0.18242170378368333,0.0,0.18242170378368333,0.1559348880136986,0.0,0.16949444349315065
2026-10-01 04:00:00,0.18977882352401845,0.0,0.18977882352401845,0.1559348880136986,0.0,0.16949444349315065
2026-10-01 05:00:00,0.22607394839646422,0.0,0.22607394839646422,0.1559348880136986,0.0,0.16949444349315065
2026-10-01 06:00:00,0.3163119747225839,0.00357171319614798,0.3127402615264359,0.1559348880136986,0.0,0.16949444349315065
2026-10-01 07:00:00,0.2894613911172902,0.015611401156564956,0.27384998996072524,0.1559348880136986,0.0,0.16949444349315065
2026-10-01 08:00:00,0.24590445114389342,0.13366063295661698,0.11224381818727644,0.1559348880136986,0.0,0.16949444349315065
2026-10-01 09:00:00,0.2112783348995136,0.2234376081273135,-0.012159273227799916,0.1559348880136986,0.0,0.16949444349315065
2026-10-01 10:00:00,0.20191747444571137,0.13193415266487282,0.06998332178083855,0.1559348880136986,0.0,0.16949444349315065
2026-10-01 11:00:00,0.1999346551933767,0.1473171834124769,0.05261747178089979,0.1559348880136986,0.0,0.16949444349315065
2026-10-01 12:00:00,0.18643614248476176,0.21347152348026124,-0.027035380995499486,0.1559348880136986,0.0,0.16949444349315065
2026-10-01 13:00:00,0.18530409973815576,0.179636163688619,0.005667936049536748,0.1559348880136986,0.0,0.16949444349315065
2026-10-01 14:00:00,0.1956738028193332,0.030035276186533396,0.1656385266327998,0.1559348880136986,0.0,0.16949444349315065
2026-10-01 15:00:00,0.2516134804794983,0.08594035230015394,0.16567312817934432,0.1684730699782298,0.0,0.1831229021502498
2026-10-01 16:00:00,0.4092487767102995,0.011802182735097672,0.3974465939752019,0.2741520322507067,0.0,0.29799133940294203
2026-10-01 17:00:00,0.484342539606428,0.0,0.484342539606428,0.37983099452318364,0.0,0.41285977665563434
2026-10-01 18:00:00,0.5222462348387223,0.0,0.5222462348387223,0.5052128141684951,0.0,0.5491443632266251
2026-10-01 19:00:00,0.4985314371592543,0.0,0.4985314371592543,0.6234299584055032,0.0,0.6776412591364166
2026-10-01 20:00:00,0.4129959327003886,0.0,0.4129959327003886,0.7058237256009938,0.0,0.7671997017402107
2026-10-01 21:00:00,0.3669029373958054,0.0,0.3669029373958054,0.763141128867422,0.0,0.8295012270298066
2026-10-01 22:00:00,0.31446863876273395,0.0,0.31446863876273395,0.7864263239444084,0.0,0.8548112216787047
2026-10-01 23:00:00,0.25772002426643187,0.0,0.25772002426643187,0.7810528173881809,0.0,0.8489704536828053
2026-10-02 00:00:00,0.22238260410759939,0.0,0.22238260410759939,0.7720969731278011,0.0,0.8392358403563055
2026-10-02 01:00:00,0.19996256592965453,0.0,0.19996256592965453,0.7792616485361048,0.0,0.8470235310175053
2026-10-02 02:00:00,0.1877681103859507,0.0,0.1877681103859507,0.8509084026191404,0.0,0.9249004376295004
2026-10-02 03:00:00,0.18465324737268016,0.0,0.18465324737268016,0.899269961625189,0.0,0.9774673495925967
2026-10-02 04:00:00,0.19042271688525203,0.0,0.19042271688525203,0.9386756763708581,0.0,1.0202996482291935
2026-10-02 05:00:00,0.2219362946246198,0.0,0.2219362946246198,0.9637520402999205,0.0,1.0475565655433918
2026-10-02 06:00:00,0.3178856768798532,0.007490549413916478,0.3103951274659367,0.9655432091519963,0.0,1.0495034882086915
2026-10-02 07:00:00,0.3072277308418793,0.07961905938011711,0.22760867146176222,0.9619608714478446,0.0,1.0456096428780919
2026-10-02 08:00:00,0.2670204303546065,0.19580478864304846,0.07121564171155803,0.8759847665482025,0.0,0.9521573549436982
2026-10-02 09:00:00,0.23344500011383473,0.3130410217871998,-0.07959602167336505,0.7756793108319532,0.0,0.8431296856869056
2026-10-02 10:00:00,0.21814962928212725,0.34093875094585946,-0.12278912166373221,0.6950767124885384,0.0,0.7555181657484114
2026-10-02 11:00:00,0.225602053945009,0.3456614510031702,-0.12005939705816118,0.6216387895534274,0.0,0.6756943364711168
2026-10-02 12:00:00,0.2227545123964976,0.24071154586111357,-0.017957033464615968,0.7685146354236497,0.0,0.8353419950257062
2026-10-02 13:00:00,0.22260109450178484,0.28197351135216325,-0.05937241685037842,0.7255265829738285,0.0,0.7886158510585092
2026-10-02 14:00:00,0.23472116413572183,0.2820831291484645,-0.047361965012742674,0.7255265829738285,0.0,0.7886158510585092
2026-10-02 15:00:00,0.2776225846639459,0.1382097715031175,0.1394128131608284,0.7362735960862838,0.0,0.8002973870503085
2026-10-02 16:00:00,0.41728465788844626,0.040403292753356815,0.37688136513508946,0.7685146354236497,0.0,0.8353419950257062
2026-10-02 17:00:00,0.48428210242240377,0.0,0.48428210242240377,0.793590999352712,0.0,0.8625989123399044
2026-10-02 18:00:00,0.5133619023520716,0.0,0.5133619023520716,0.7362735960862838,0.0,0.8002973870503085
2026-10-02 19:00:00,0.4865113215731689,0.0,0.4865113215731689,0.6682091797074002,0.0,0.7263143257689133
2026-10-02 20:00:00,0.40042257971038997,0.0,0.40042257971038997,0.6664180108553244,0.0,0.7243674031036134
2026-10-02 21:00:00,0.36045238158772913,0.0,0.36045238158772913,0.6467151534824898,0.0,0.702951253785315
2026-10-02 22:00:00,0.3187620339161532,0.0,0.3187620339161532,0.6091006075888963,0.0,0.6620658778140176
2026-10-02 23:00:00,0.2653653833401975,0.0,0.2653653833401975,0.5714860616953028,0.0,0.6211805018427204
2026-10-03 00:00:00,0.2286564942209386,0.0,0.2286564942209386,0.553574373174544,0.0,0.6017112751897218
2026-10-03 01:00:00,0.20331685321745202,0.0,0.20331685321745202,0.6108917764409719,0.0,0.6640128004793173
2026-10-03 02:00:00,0.19044596164307723,0.0,0.19044596164307723,0.6252211272575791,0.0,0.6795881818017163
2026-10-03 03:00:00,0.18260069137531892,0.0,0.18260069137531892,0.6305946338138069,0.0,0.6854289497976161
2026-10-03 04:00:00,0.1835793164467983,0.0,0.1835793164467983,0.6664180108553244,0.0,0.7243674031036134
2026-10-03 05:00:00,0.1982028998423922,0.0,0.1982028998423922,0.69865905019269,0.0,0.7594120110790109
2026-10-03 06:00:00,0.24541166667343292,0.0,0.24541166667343292,0.7828439862402568,0.0,0.8509173763481052
2026-10-03 07:00:00,0.2781339929757312,0.05284491263354492,0.2252890803421863,0.8097115190213949,0.0,0.8801212163276031
2026-10-03 08:00:00,0.27492149429388385,0.06326773809851895,0.21165375619536492,0.7720969731278011,0.0,0.8392358403563055
2026-10-03 09:00:00,0.25487014381712864,0.25688017081554304,-0.002010026998414405,0.6950767124885384,0.0,0.7555181657484114
2026-10-03 10:00:00,0.24378680997290744,0.18583870399599617,0.057948105976911274,0.5858154125119099,0.0,0.6367558831651194
2026-10-03 11:00:00,0.2451513059524857,0.2507324394063165,-0.005581133453830822,0.4855099567956605,0.0,0.5277282139083266
2026-10-03 12:00:00,0.23034176106451235,0.33614297235768126,-0.10580121129316891,0.4443130731979152,0.0,0.48294899260642954
2026-10-03 13:00:00,0.22251043918295335,0.3271908523264152,-0.10468041314346185,0.4120720338605494,0.0,0.44790438463103194
2026-10-03 14:00:00,0.2193444370585815,0.2089406545664776,0.010403782492103913,0.48371878794358464,0.0,0.5257812912430267
2026-10-03 15:00:00,0.25154607511144683,0.13175145633770413,0.1197946187737427,0.5284980092454816,0.0,0.5744543578755236
2026-10-03 16:00:00,0.3660335557935993,0.04459617346187836,0.3214373823317209,0.6091006075888963,0.0,0.6620658778140176
2026-10-03 17:00:00,0.44716178825874137,0.0,0.44716178825874137,0.6968678813406143,0.0,0.7574650884137112
2026-10-03 18:00:00,0.4659300002455651,0.0,0.4659300002455651,0.763141128867422,0.0,0.8295012270298066
2026-10-03 19:00:00,0.4367944110810379,0.0,0.4367944110810379,0.79000866164856,0.0,0.8587050670093043
2026-10-03 20:00:00,0.3954248497442334,0.0,0.3954248497442334,0.804338012465167,0.0,0.8742804483317032
2026-10-03 21:00:00,0.3571399317860736,0.0,0.3571399317860736,0.8419525583587607,0.0,0.9151658243030008
2026-10-03 22:00:00,0.31284147029402515,0.0,0.31284147029402515,0.8706112599919748,0.0,0.9463165869477986
2026-10-03 23:00:00,0.2662231330583083,0.0,0.2662231330583083,0.8974787927731129,0.0,0.9755204269272966
2026-10-04 00:00:00,0.2305672534707685,0.0,0.2305672534707685,0.9297198321104788,0.0,1.0105650349026942
2026-10-04 01:00:00,0.20306348031270863,0.0,0.20306348031270863,0.9798725599686035,0.0,1.0650788695310907
2026-10-04 02:00:00,0.18817955013674387,0.0,0.18817955013674387,1.0407723009391834,0.0,1.1312742401512863
2026-10-04 03:00:00,0.18040634062262562,0.0,0.18040634062262562,1.090925028797308,0.0,1.1857880747796827
2026-10-04 04:00:00,0.18211021726310125,0.0,0.18211021726310125,1.1446600943595844,0.0,1.2441957547386786
2026-10-04 05:00:00,0.19342135317348688,0.0,0.19342135317348688,1.2037686664780882,0.0,1.308444202693574
2026-10-04 06:00:00,0.22741984735625712,0.0,0.22741984735625712,1.2145156795905436,0.0,1.3201257386853733
2026-10-04 07:00:00,0.26314313561063996,0.022435108976315697,0.24070802663432425,1.2180980172946954,0.0,1.3240195840159732
2026-10-04 08:00:00,0.27280152906264593,0.046213035957321305,0.22658849310532464,1.180483471401102,0.0,1.2831342080446761
2026-10-04 09:00:00,0.26343601630401764,0.03478538069291945,0.2286506356110982,1.137495418951281,0.0,1.2364080640774793
2026-10-04 10:00:00,0.2548980356351147,0.08502687066431047,0.16987116497080423,1.0246517812705003,0.0,1.1137519361635873
2026-10-04 11:00:00,0.25503983119652207,0.06086528139625061,0.19417454980027146,0.7738881419798772,0.0,0.8411827630216056
2026-10-04 12:00:00,0.24359154901297136,0.04153600998180272,0.20205553903116863,0.5589478797307716,0.0,0.6075520431856214
2026-10-04 13:00:00,0.23209677675532656,0.06268310985157913,0.16941366690374743,0.47476294368320515,0.0,0.5160466779165273
2026-10-04 14:00:00,0.23208515521133727,0.015145525522284781,0.21693962968905248,0.5052128141684951,0.0,0.5491443632266251
2026-10-04 15:00:00,0.26101153931672355,0.0178585659807399,0.24315297333598365,0.5786507371036063,0.0,0.6289681925039198
2026-10-04 16:00:00,0.38600587090807015,0.004740969690027626,0.3812649012180425,0.6753738551157038,0.0,0.7341020164301127
2026-10-04 17:00:00,0.4735102734460703,0.0,0.4735102734460703,0.7917998305006363,0.0,0.8606519896746047
2026-10-04 18:00:00,0.49952402831716036,0.0,0.49952402831716036,0.8849406108085818,0.0,0.9618919682701975
2026-10-04 19:00:00,0.4714275009280527,0.0,0.4714275009280527,0.9368845075187823,0.0,1.0183527255638938
2026-10-04 20:00:00,0.4182865474119684,0.0,0.4182865474119684,0.9619608714478446,0.0,1.0456096428780919
2026-10-04 21:00:00,0.36010602540280223,0.0,0.36010602540280223,1.0210694435663488,0.0,1.1098580908329876
2026-10-04 22:00:00,0.292095090018116,0.0,0.292095090018116,1.0873426910931563,0.0,1.1818942294490828
2026-10-04 23:00:00,0.23805919520646374,0.0,0.23805919520646374,1.1428689255075084,0.0,1.2422488320733787
2026-10-05 00:00:00,0.2060830380041137,0.0,0.2060830380041137,1.1786923025490263,0.0,1.2811872853793764
2026-10-05 01:00:00,0.187919204023872,0.0,0.187919204023872,1.1894393156614813,0.0,1.2928688213711752
2026-10-05 02:00:00,0.178081816247277,0.0,0.178081816247277,1.2001863287739365,0.0,1.3045503573629744
2026-10-05 03:00:00,0.1761943020753127,0.0,0.1761943020753127,1.2395920435196062,0.0,1.3473826559995719
2026-10-05 04:00:00,0.18656633028902303,0.0,0.18656633028902303,1.2754154205611237,0.0,1.3863211093055692
2026-10-05 05:00:00,0.22197581141179556,0.0,0.22197581141179556,1.3130299664547174,0.0,1.4272064852768667
2026-10-05 06:00:00,0.31775782812609477,0.0013062787392561664,0.3164515493868386,1.341688668087931,0.0,1.458357247921664
2026-10-05 07:00:00,0.30783210727074745,0.08493552250072614,0.2228965847700213,1.300491784490186,0.0,1.4135780266197673
2026-10-05 08:00:00,0.26736678489535043,0.12624316207356798,0.14112362282178245,1.121374899282598,0.0,1.2188857600897804
2026-10-05 09:00:00,0.2342376624780798,0.23344023203979955,0.0007974304382802611,0.9816637288206791,0.0,1.0670257921963902
2026-10-05 10:00:00,0.2269526031965069,0.3122188883149407,-0.08526628511843382,0.854490740323292,0.0,0.9287942829600999
2026-10-05 11:00:00,0.23078109411206238,0.29753010361057763,-0.06674900949851525,0.7613499600153463,0.0,0.8275543043645067
2026-10-05 12:00:00,0.22160154920556469,0.24782756780433424,-0.02622601859876955,0.6735826862636279,0.0,0.732155093764813
2026-10-05 13:00:00,0.22384239113275903,0.20366986552766078,0.020172525605098246,0.5911889190681374,0.0,0.6425966511610188
2026-10-05 14:00:00,0.23804523488767182,0.2626716443867907,-0.024626409499118873,0.5410361912100129,0.0,0.5880828165326226
2026-10-05 15:00:00,0.310698242239737,0.0986560166710951,0.21204222556864194,0.52491567154133,0.0,0.5705605125449239
2026-10-05 16:00:00,0.48174371878892575,0.04889867196670111,0.43284504682222463,0.5732772305473788,0.0,0.6231274245080204
2026-10-05 17:00:00,0.5479392030243269,0.0,0.5479392030243269,0.6628356731511726,0.0,0.7204735577730137
2026-10-05 18:00:00,0.5567096335918098,0.0,0.5567096335918098,0.7470206091987392,0.0,0.8119789230421078
2026-10-05 19:00:00,0.5160490534680302,0.0,0.5160490534680302,0.8401613895066847,0.0,0.9132189016377007
2026-10-05 20:00:00,0.41658732302442253,0.0,0.41658732302442253,0.8598642468795193,0.0,0.9346350509559993
2026-10-05 21:00:00,0.3655291435974565,0.0,0.3655291435974565,0.9100169747376443,0.0,0.989148885584396
2026-10-05 22:00:00,0.3116443406609919,0.0,0.3116443406609919,0.94225801407501,0.0,1.0241934935597934
2026-10-05 23:00:00,0.25103933968539593,0.0,0.25103933968539593,0.9619608714478446,0.0,1.0456096428780919
2026-10-06 00:00:00,0.215664727105362,0.0,0.215664727105362,0.9727078845603,0.0,1.0572911788698913
2026-10-06 01:00:00,0.1948718564326566,0.0,0.1948718564326566,1.0049489238976659,0.0,1.092335786845289
2026-10-06 02:00:00,0.18271924237688095,0.0,0.18271924237688095,1.0156959370101213,0.0,1.1040173228370882
2026-10-06 03:00:00,0.178207340549356,0.0,0.178207340549356,1.03360762553088,0.0,1.1234865494900867
2026-10-06 04:00:00,0.18700566582639525,0.0,0.18700566582639525,1.0443546386433353,0.0,1.135168085481886
2026-10-06 05:00:00,0.2220037057125844,0.0,0.2220037057125844,1.058683989459942,0.0,1.1507434668042846
2026-10-06 06:00:00,0.31865044591213654,0.0,0.31865044591213654,1.1142102238742944,0.0,1.211098069428581
2026-10-06 07:00:00,0.3167420097275342,0.00835835696796778,0.3083836527595664,1.2073510041822402,0.0,1.312338048024174
2026-10-06 08:00:00,0.26799440696980315,0.04547311583228809,0.22252129113751506,1.2019774976260127,0.0,1.3064972800282746
2026-10-06 09:00:00,0.2330684269992393,0.08810530377710299,0.1449631232221363,1.2342185369633782,0.0,1.341541888003672
2026-10-06 10:00:00,0.21430718993602094,0.09774253503525161,0.11656465490076932,1.2198891861467713,0.0,1.3259665066812731
2026-10-06 11:00:00,0.2122639329809325,0.03635656910657022,0.17590736387436226,1.1912304845135573,0.0,1.2948157440364754
2026-10-06 12:00:00,0.2020197551072832,0.036338299473853364,0.16568145563342984,1.1589894451761915,0.0,1.2597711360610775
2026-10-06 13:00:00,0.20111319133709038,0.03860373393074517,0.1625094574063452,1.1697364582886467,0.0,1.271452672052877
2026-10-06 14:00:00,0.21116675933503234,0.06574327333165475,0.1454234860033776,1.1751099648448742,0.0,1.2772934400487763
2026-10-06 15:00:00,0.2759791473617484,0.013473854128691226,0.26250529323305716,1.1930216533656328,0.0,1.2967626667017749
2026-10-06 16:00:00,0.4373336822655839,0.011519003427986195,0.4258146788375977,1.2091421730343161,0.0,1.314284970689474
2026-10-06 17:00:00,0.5186780903612163,0.0,0.5186780903612163,1.2180980172946954,0.0,1.3240195840159732
2026-10-06 18:00:00,0.5427857330875822,0.0,0.5427857330875822,1.2306361992592267,0.0,1.3376480426730724
2026-10-06 19:00:00,0.5065742912579043,0.0,0.5065742912579043,1.162571782880343,0.0,1.2636649813916772
2026-10-06 20:00:00,0.4138234632011845,0.0,0.4138234632011845,1.150033600915812,0.0,1.2500365227345784
2026-10-06 21:00:00,0.36649847021561643,0.0,0.36649847021561643,1.162571782880343,0.0,1.2636649813916772
2026-10-06 22:00:00,0.3093918764931362,0.0,0.3093918764931362,1.17690113369695,0.0,1.279240362714076
2026-10-06 23:00:00,0.24993286651381458,0.0,0.24993286651381458,1.2037686664780882,0.0,1.308444202693574
2026-10-07 00:00:00,0.21310542657551526,0.0,0.21310542657551526,1.2485478877799856,0.0,1.3571172693260711
2026-10-07 01:00:00,0.1913432284872914,0.0,0.1913432284872914,1.3040741221943377,0.0,1.417471871950367
2026-10-07 02:00:00,0.18242635264707213,0.0,0.18242635264707213,1.363182694312842,0.0,1.4817203199052629
2026-10-07 03:00:00,0.17760296432638287,0.0,0.17760296432638287,1.4240824352834218,0.0,1.5479156905254585
2026-10-07 04:00:00,0.186113048297167,0.0,0.186113048297167,1.4831910074019259,0.0,1.612164138480354
2026-10-07 05:00:00,0.22047649327003752,0.0,0.22047649327003752,1.5530465926328851,0.0,1.6880941224270491
2026-10-07 06:00:00,0.32001494160405486,0.0,0.32001494160405486,1.583496463118175,0.0,1.7211918077371466
2026-10-07 07:00:00,0.321874560225937,0.030546825902605736,0.2913277343233313,1.6336491909762998,0.0,1.775705642365543
2026-10-07 08:00:00,0.2846612479577191,0.1282528216724236,0.15640842628529547,1.5208055532955194,0.0,1.6530495144516515
2026-10-07 09:00:00,0.2491959770573334,0.24407315828101755,0.005122818776315846,1.3685562008690695,0.0,1.4875610879011623
2026-10-07 10:00:00,0.2348513361441456,0.2451602014276713,-0.010308865283525703,1.1733187959927984,0.0,1.2753465173834766
2026-10-07 11:00:00,0.23906569885894144,0.22737471397779888,0.011690984881142563,1.0121135993059691,0.0,1.100123477506488
2026-10-07 12:00:00,0.23069973594687382,0.13702224537652097,0.09367749057035285,0.8204585321338502,0.0,0.8918027523194024
2026-10-07 13:00:00,0.2282636345663382,0.10177098904932133,0.12649264551701686,0.7506029469028909,0.0,0.8158727683727074
2026-10-07 14:00:00,0.24055339451427785,0.10850334870548772,0.13205004580879012,0.6771650239677797,0.0,0.7360489390954127
2026-10-07 15:00:00,0.3167187590531639,0.018589351289414677,0.2981294077637492,0.6485063223345656,0.0,0.7048981764506148
2026-10-07 16:00:00,0.4971250967931222,0.0012606046574639928,0.49586449213565825,0.644923984630414,0.0,0.7010043311200151
2026-10-07 17:00:00,0.5523650956721586,0.0,0.5523650956721586,0.6646268420032485,0.0,0.7224204804383136
2026-10-07 18:00:00,0.5505380198401357,0.0,0.5505380198401357,0.6753738551157038,0.0,0.7341020164301127
2026-10-07 19:00:00,0.5090871017122158,0.0,0.5090871017122158,0.8240408698380018,0.0,0.895696597650002
2026-10-07 20:00:00,0.42090164033951655,0.0,0.42090164033951655,0.8294143763942293,0.0,0.9015373656459014
2026-10-07 21:00:00,0.37204711026811144,0.0,0.37204711026811144,0.8025468436130911,0.0,0.8723335256664034
2026-10-07 22:00:00,0.31507069072345323,0.0,0.31507069072345323,0.7201530764176008,0.0,0.7827750830626096
2026-10-07 23:00:00,0.25515839812873325,0.0,0.25515839812873325,0.6323858026658826,0.0,0.687375872462916
2026-10-08 00:00:00,0.2154113552129031,0.0,0.2154113552129031,0.6073094387368203,0.0,0.6601189551487178
2026-10-08 01:00:00,0.19296574719345014,0.0,0.19296574719345014,0.584024243659834,0.0,0.6348089604998196
2026-10-08 02:00:00,0.18400703005185737,0.0,0.18400703005185737,0.5177509961330263,0.0,0.5627728218837242
2026-10-08 03:00:00,0.17969038770634688,0.0,0.17969038770634688,0.4407307354937635,0.0,0.47905514727582993
2026-10-08 04:00:00,0.18857239557075622,0.0,0.18857239557075622,0.36550164370657656,0.0,0.3972843953332354
2026-10-08 05:00:00,0.2254765457409563,0.0,0.2254765457409563,0.34221644862958994,0.0,0.3719744006843369
2026-10-08 06:00:00,0.3204473033818747,0.0,0.3204473033818747,0.3762486568190319,0.0,0.40896593132503467
2026-10-08 07:00:00,0.318759696932015,0.058736869184735314,0.2600228277472797,0.36908398141072823,0.0,0.40117824066383506
2026-10-08 08:00:00,0.2800726357902496,0.15445147498841444,0.12562116080183516,0.3314694355171349,0.0,0.36029286469253796
2026-10-08 09:00:00,0.24246880386469027,0.1690397767128347,0.07342902715185556,0.23653748635711305,0.0,0.2571059634316446
2026-10-08 10:00:00,0.22628546426364388,0.09645452592871233,0.12983093833493153,0.17026423883030567,0.0,0.18506982481554962
2026-10-08 11:00:00,0.23048820371949671,0.2633476207973149,-0.03285941707781817,0.1559348880136986,0.0,0.16949444349315065
2026-10-08 12:00:00,0.21773353965288345,0.1728855343997357,0.04484800525314775,0.1559348880136986,0.0,0.16949444349315065
2026-10-08 13:00:00,0.22009060816089987,0.08160131452989744,0.13848929363100243,0.1559348880136986,0.0,0.16949444349315065
2026-10-08 14:00:00,0.2351419034164039,0.09407033885916086,0.14107156455724304,0.17563774538653318,0.0,0.19091059281144912
2026-10-08 15:00:00,0.3018232078957099,0.06784428109409475,0.23397892680161514,0.19534060275936807,0.0,0.21232674212974792
2026-10-08 16:00:00,0.46360080657495706,0.03136895937486487,0.43223184720009217,0.23116397980088557,0.0,0.25126519543574516
2026-10-08 17:00:00,0.5335503963801926,0.0,0.5335503963801926,0.3386341109254383,0.0,0.3680805553537373
2026-10-08 18:00:00,0.544173472787701,0.0,0.544173472787701,0.4640159305707501,0.0,0.5043651419247284
2026-10-08 19:00:00,0.5088988159759229,0.0,0.5088988159759229,0.580441905955682,0.0,0.6309151151692196
2026-10-08 20:00:00,0.42201741257493086,0.0,0.42201741257493086,0.6682091797074002,0.0,0.7263143257689133
2026-10-08 21:00:00,0.3734836665521968,0.0,0.3734836665521968,0.584024243659834,0.0,0.6348089604998196
2026-10-08 22:00:00,0.3193361927851855,0.0,0.3193361927851855,0.480136450239433,0.0,0.5218874459124272
2026-10-08 23:00:00,0.26025840481142887,0.0,0.26025840481142887,0.521333333837178,0.0,0.5666666672143239
2026-10-09 00:00:00,0.2233565799803773,0.0,0.2233565799803773,0.5374538535058613,0.0,0.5841889712020231
2026-10-09 01:00:00,0.19982541911568857,0.0,0.19982541911568857,0.5768595682515304,0.0,0.6270212698386199
2026-10-09 02:00:00,0.18750079045507623,0.0,0.18750079045507623,0.6180564518492756,0.0,0.6718004911405169
2026-10-09 03:00:00,0.1832794539450697,0.0,0.1832794539450697,0.6700003485594761,0.0,0.7282612484342131
2026-10-09 04:00:00,0.19113867073046922,0.0,0.19113867073046922,0.7076148944530697,0.0,0.7691466244055104
2026-10-09 05:00:00,0.22565320946148573,0.0,0.22565320946148573,0.7344824272342081,0.0,0.7983504643850088
2026-10-09 06:00:00,0.326881586993711,0.0,0.326881586993711,0.7846351550923325,0.0,0.8528642990134049
2026-10-09 07:00:00,0.3313214269834367,0.010706004772085507,0.3206154222113512,0.7219442452696766,0.0,0.7847220057279094
2026-10-09 08:00:00,0.29298536907539313,0.03146030753844921,0.26152506153694394,0.732691258382132,0.0,0.7964035417197086
2026-10-09 09:00:00,0.2562741547320263,0.06732359656166396,0.18895055817036233,0.7720969731278011,0.0,0.8392358403563055
2026-10-09 10:00:00,0.23876351161665277,0.062016268257413396,0.17674724335923936,0.8616554157315952,0.0,0.9365819736212991
2026-10-09 11:00:00,0.24280818318895037,0.043463456233432445,0.19934472695551791,0.8079203501693191,0.0,0.8781742936623034
2026-10-09 12:00:00,0.23404007754155073,0.051803543568683365,0.18223653397286738,0.7828439862402568,0.0,0.8509173763481052
2026-10-09 13:00:00,0.22683870218866903,0.041143212878390026,0.18569548931027902,0.7792616485361048,0.0,0.8470235310175053
2026-10-09 14:00:00,0.24092067084300545,0.04486108313627296,0.19605958770673249,0.7362735960862838,0.0,0.8002973870503085
2026-10-09 15:00:00,0.29470319154447383,0.05295453042984614,0.2417486611146277,0.7022413878968422,0.0,0.763305856409611
2026-10-09 16:00:00,0.44950024278339845,0.012651720656432101,0.43684852212696634,0.7971733370568638,0.0,0.866492757670504
2026-10-09 17:00:00,0.5212583122305182,0.0,0.5212583122305182,0.8240408698380018,0.0,0.895696597650002
2026-10-09 18:00:00,0.5319813427209318,0.0,0.5319813427209318,0.8867317796606575,0.0,0.9638388909354973
2026-10-09 19:00:00,0.4960139776074162,0.0,0.4960139776074162,0.8437437272108366,0.0,0.9171127469683006
2026-10-09 20:00:00,0.4057596875693996,0.0,0.4057596875693996,0.804338012465167,0.0,0.8742804483317032
2026-10-09 21:00:00,0.3633510636085727,0.0,0.3633510636085727,0.8598642468795193,0.0,0.9346350509559993
2026-10-09 22:00:00,0.324536153063682,0.0,0.324536153063682,0.834787882950457,0.0,0.9073781336418011
2026-10-09 23:00:00,0.2740288866662634,0.0,0.2740288866662634,0.8526995714712161,0.0,0.9268473602948001
2026-10-10 00:00:00,0.23611356944548417,0.0,0.23611356944548417,0.8795671042523541,0.0,0.9560512002742979
2026-10-10 01:00:00,0.2087515921456039,0.0,0.2087515921456039,0.9691255468561479,0.0,1.0533973335392912
2026-10-10 02:00:00,0.19562732715918135,0.0,0.19562732715918135,0.9619608714478446,0.0,1.0456096428780919
2026-10-10 03:00:00,0.18765420787617867,0.0,0.18765420787617867,0.9744990534123759,0.0,1.059238101535191
2026-10-10 04:00:00,0.18855844816326367,0.0,0.18855844816326367,0.9906195730810589,0.0,1.07676040552289
2026-10-10 05:00:00,0.20337961605044924,0.0,0.20337961605044924,0.9691255468561479,0.0,1.0533973335392912
2026-10-10 06:00:00,0.2538032002832709,0.0,0.2538032002832709,0.9189728189980234,0.0,0.998883498910895
2026-10-10 07:00:00,0.2996451437501183,0.06586202594431441,0.2337831178058039,0.8312055452463054,0.0,0.9034842883112015
2026-10-10 08:00:00,0.29565160469897334,0.14487818744477482,0.15077341725419852,0.7022413878968422,0.0,0.763305856409611
2026-10-10 09:00:00,0.2742125127935706,0.2441005627300929,0.03011195006347772,0.6126829452930481,0.0,0.6659597231446175
2026-10-10 10:00:00,0.2663532941727721,0.28065809779654866,-0.014304803623776563,0.5482008666183162,0.0,0.595870507193822
2026-10-10 11:00:00,0.2727899023785139,0.23565999241489924,0.03712990996361468,0.480136450239433,0.0,0.5218874459124272
2026-10-10 12:00:00,0.25767816991943643,0.2829052626207236,-0.025227092701287146,0.4407307354937635,0.0,0.47905514727582993
2026-10-10 13:00:00,0.2492936110338755,0.20575260365738388,0.043541007376491636,0.4066985273043219,0.0,0.44206361663513244
2026-10-10 14:00:00,0.24597186648239205,0.1677791720553707,0.07819269442702134,0.404907358452246,0.0,0.44011669396983266
2026-10-10 15:00:00,0.27916375190963755,0.011866126449606716,0.26729762546003083,0.3941603453397906,0.0,0.4284351579780333
2026-10-10 16:00:00,0.4026006518280467,0.020233618233932927,0.3823670335941138,0.37983099452318364,0.0,0.41285977665563434
2026-10-10 17:00:00,0.4890683162242714,0.0,0.4890683162242714,0.38341333222733526,0.0,0.41675362198623395
2026-10-10 18:00:00,0.4913672721182498,0.0,0.4913672721182498,0.3547546305941212,0.0,0.38560285934143607
2026-10-10 19:00:00,0.4502929252054747,0.0,0.4502929252054747,0.39774268304394234,0.0,0.432329003308633
2026-10-10 20:00:00,0.4060409534646322,0.0,0.4060409534646322,0.39953385189601814,0.0,0.4342759259739328
2026-10-10 21:00:00,0.3655826051290329,0.0,0.3655826051290329,0.3547546305941212,0.0,0.38560285934143607
2026-10-10 22:00:00,0.3190363282990909,0.0,0.3190363282990909,0.35833696829827316,0.0,0.38949670467203606
2026-10-10 23:00:00,0.2712022647818751,0.0,0.2712022647818751,0.3529634617420453,0.0,0.3836559366761362
2026-10-11 00:00:00,0.23331251687276328,0.0,0.23331251687276328,0.3780398256711078,0.0,0.41091285399033456
2026-10-11 01:00:00,0.20661535415151097,0.0,0.20661535415151097,0.390578007635639,0.0,0.42454131264743367
2026-10-11 02:00:00,0.1919545783419798,0.0,0.1919545783419798,0.31355774699637623,0.0,0.34082363803953936
2026-10-11 03:00:00,0.18457188877565273,0.0,0.18457188877565273,0.2831078765110862,0.0,0.30772595272944153
2026-10-11 04:00:00,0.1862478709967074,0.0,0.1862478709967074,0.2598226814340997,0.0,0.2824159580805431
2026-10-11 05:00:00,0.1975729539913489,0.0,0.1975729539913489,0.24370216176541676,0.0,0.26489365409284427
2026-10-11 06:00:00,0.23451429613415203,0.0,0.23451429613415203,0.2598226814340997,0.0,0.2824159580805431
2026-10-11 07:00:00,0.284903010760718,0.0052251149570246656,0.27967789580369334,0.28848138306731375,0.0,0.313566720725341
2026-10-11 08:00:00,0.29455443070989196,0.017082106590272945,0.27747232411961903,0.30639307158807244,0.0,0.33303594737833964
2026-10-11 09:00:00,0.28670450716460993,0.028226582547563314,0.2584779246170466,0.30101956503184496,0.0,0.3271951793824402
2026-10-11 10:00:00,0.27327340254990085,0.04363701774424271,0.22963638480565812,0.2848990453631621,0.0,0.3096728753947414
2026-10-11 11:00:00,0.2725342027360364,0.06191578527747061,0.2106184174585658,0.2902725519193896,0.0,0.31551364339064086
2026-10-11 12:00:00,0.2577060621755143,0.09154912954423287,0.1661569326312814,0.2831078765110862,0.0,0.30772595272944153
2026-10-11 13:00:00,0.2491076469720932,0.04885299788490894,0.20025464908718427,0.24011982406126506,0.0,0.2609998087622446
2026-10-11 14:00:00,0.24939588923678518,0.01702729769212234,0.23236859154466286,0.20250527816767144,0.0,0.22011443279094722
2026-10-11 15:00:00,0.28641161830661443,0.061550392623133214,0.22486122568348121,0.18638475849898856,0.0,0.20259212880324842
2026-10-11 16:00:00,0.42929781550722407,9.134816358434731e-05,0.4292064673436397,0.1559348880136986,0.0,0.16949444349315065
2026-10-11 17:00:00,0.5191569613503559,0.0,0.5191569613503559,0.1559348880136986,0.0,0.16949444349315065
2026-10-11 18:00:00,0.5219696362162263,0.0,0.5219696362162263,0.1559348880136986,0.0,0.16949444349315065
2026-10-11 19:00:00,0.47995850526571077,0.0,0.47995850526571077,0.1559348880136986,0.0,0.16949444349315065
2026-10-11 20:00:00,0.4251834112675371,0.0,0.4251834112675371,0.1559348880136986,0.0,0.16949444349315065
2026-10-11 21:00:00,0.3655361144439607,0.0,0.3655361144439607,0.1559348880136986,0.0,0.16949444349315065
2026-10-11 22:00:00,0.29651865999035665,0.0,0.29651865999035665,0.1559348880136986,0.0,0.16949444349315065
2026-10-11 23:00:00,0.2404767007026168,0.0,0.2404767007026168,0.1559348880136986,0.0,0.16949444349315065
2026-10-12 00:00:00,0.20800077067426664,0.0,0.20800077067426664,0.1559348880136986,0.0,0.16949444349315065
2026-10-12 01:00:00,0.19132463246250733,0.0,0.19132463246250733,0.2204169666884302,0.0,0.23958365944394586
2026-10-12 02:00:00,0.18155465597315854,0.0,0.18155465597315854,0.3314694355171349,0.0,0.36029286469253796
2026-10-12 03:00:00,0.17886750537877674,0.0,0.17886750537877674,0.4568512551624464,0.0,0.49657745126352865
2026-10-12 04:00:00,0.18964400074323606,0.0,0.18964400074323606,0.5553655420266199,0.0,0.6036581978550216
2026-10-12 05:00:00,0.22510694602045117,0.0,0.22510694602045117,0.600144763328517,0.0,0.6523312644875184
2026-10-12 06:00:00,0.3233994493993606,0.0,0.3233994493993606,0.6091006075888963,0.0,0.6620658778140176
2026-10-12 07:00:00,0.33436422951182904,0.011299767835383761,0.32306446167644526,0.6305946338138069,0.0,0.6854289497976161
2026-10-12 08:00:00,0.2994545203507511,0.022014907423827702,0.2774396129269234,0.5929800879202132,0.0,0.6445435738263187
2026-10-12 09:00:00,0.27271086622829804,0.06366053520193164,0.2090503310263664,0.5428273600620888,0.0,0.5900297391979225
2026-10-12 10:00:00,0.2613160474482633,0.11604870701755483,0.1452673404307085,0.4890922944998122,0.0,0.5316220592389262
2026-10-12 11:00:00,0.26504458372445705,0.10810141678571661,0.15694316693874044,0.480136450239433,0.0,0.5218874459124272
2026-10-12 12:00:00,0.2527617978066796,0.06350524332383825,0.18925655448284137,0.47297177483112934,0.0,0.5140997552512275
2026-10-12 13:00:00,0.24814761702048366,0.08214940351140354,0.16599821350908012,0.5141686584288746,0.0,0.5588789765531246
2026-10-12 14:00:00,0.25258513300152685,0.043810579255052974,0.20877455374647388,0.580441905955682,0.0,0.6309151151692196
2026-10-12 15:00:00,0.319087449234855,0.029816040593930962,0.28927140864092404,0.6108917764409719,0.0,0.6640128004793173
2026-10-12 16:00:00,0.5048843580007029,0.012733934003658014,0.49215042399704484,0.6341769715179586,0.0,0.6893227951282158
2026-10-12 17:00:00,0.5850223402195014,0.0,0.5850223402195014,0.6700003485594761,0.0,0.7282612484342131
2026-10-12 18:00:00,0.5817098932499775,0.0,0.5817098932499775,0.6932855436364627,0.0,0.7535712430831115
2026-10-12 19:00:00,0.5333039975004861,0.0,0.5333039975004861,0.7559764534591183,0.0,0.8217135363686068
2026-10-12 20:00:00,0.43115046837180343,0.0,0.43115046837180343,0.7738881419798772,0.0,0.8411827630216056
2026-10-12 21:00:00,0.3782489407694316,0.0,0.3782489407694316,0.8007556747610154,0.0,0.8703866030011036
2026-10-12 22:00:00,0.32392945246210064,0.0,0.32392945246210064,0.8168761944296982,0.0,0.8879089069888023
2026-10-12 23:00:00,0.26091391990975027,0.0,0.26091391990975027,0.8383702206546091,0.0,0.9112719789724012
2026-10-13 00:00:00,0.22161550992309423,0.0,0.22161550992309423,0.849117233767064,0.0,0.9229535149642
2026-10-13 01:00:00,0.19988353129161174,0.0,0.19988353129161174,0.8598642468795193,0.0,0.9346350509559993
2026-10-13 02:00:00,0.1874682463155627,0.0,0.1874682463155627,0.8526995714712161,0.0,0.9268473602948001
2026-10-13 03:00:00,0.1847717980389993,0.0,0.1847717980389993,0.8258320386900777,0.0,0.8976435203153018
2026-10-13 04:00:00,0.1955389954843846,0.0,0.1955389954843846,0.7667234665715736,0.0,0.8333950723604061
2026-10-13 05:00:00,0.23196429366225785,0.0,0.23196429366225785,0.6610445042990968,0.0,0.7185266351077139
2026-10-13 06:00:00,0.33153993445174024,0.0,0.33153993445174024,0.5195421649851021,0.0,0.564719744549024
2026-10-13 07:00:00,0.33166080821889876,0.03606425498310031,0.2955965532357985,0.45864242401452227,0.0,0.49852437392882853
2026-10-13 08:00:00,0.272271530862813,0.10704177808813818,0.16522975277467483,0.24549333061749262,0.0,0.26684057675814415
2026-10-13 09:00:00,0.22729198235676074,0.11383808145881362,0.11345390089794712,0.1559348880136986,0.0,0.16949444349315065
2026-10-13 10:00:00,0.20077845658111193,0.06027151833295236,0.14050693824815957,0.1559348880136986,0.0,0.16949444349315065
2026-10-13 11:00:00,0.19653387487542107,0.1462666795312569,0.050267195344164156,0.1559348880136986,0.0,0.16949444349315065
2026-10-13 12:00:00,0.18583641506371695,0.14356277388916022,0.04227364117455673,0.1559348880136986,0.0,0.16949444349315065
2026-10-13 13:00:00,0.1832282990836097,0.05958640710606976,0.12364189197753996,0.1559348880136986,0.0,0.16949444349315065
2026-10-13 14:00:00,0.19798902895307993,0.06334081662938643,0.1346482123236935,0.1559348880136986,0.0,0.16949444349315065
2026-10-13 15:00:00,0.2680153250567588,0.03534260449078397,0.23267272056597482,0.1559348880136986,0.0,0.16949444349315065
2026-10-13 16:00:00,0.45376806910984846,0.011226689304516283,0.4425413798053322,0.1559348880136986,0.0,0.16949444349315065
2026-10-13 17:00:00,0.5524208857050047,0.0,0.5524208857050047,0.1559348880136986,0.0,0.16949444349315065
2026-10-13 18:00:00,0.562255948838333,0.0,0.562255948838333,0.1559348880136986,0.0,0.16949444349315065
2026-10-13 19:00:00,0.520233196728293,0.0,0.520233196728293,0.1559348880136986,0.0,0.16949444349315065
2026-10-13 20:00:00,0.42521363331859946,0.0,0.42521363331859946,0.1559348880136986,0.0,0.16949444349315065
2026-10-13 21:00:00,0.3742158914402246,0.0,0.3742158914402246,0.21683462898427852,0.0,0.2356898141133462
2026-10-13 22:00:00,0.3159191412102144,0.0,0.3159191412102144,0.2813167076590101,0.0,0.3057790300641414
2026-10-13 23:00:00,0.2561300488148748,0.0,0.2561300488148748,0.3547546305941212,0.0,0.38560285934143607
2026-10-14 00:00:00,0.21745228694904417,0.0,0.21745228694904417,0.43356606008546017,0.0,0.4712674566146306
2026-10-14 01:00:00,0.19676634388699474,0.0,0.19676634388699474,0.5141686584288746,0.0,0.5588789765531246
2026-10-14 02:00:00,0.18743802751398864,0.0,0.18743802751398864,0.5929800879202132,0.0,0.6445435738263187
2026-10-14 03:00:00,0.18425807820518522,0.0,0.18425807820518522,0.6413416469262624,0.0,0.6971104857894156
2026-10-14 04:00:00,0.1942093677178805,0.0,0.1942093677178805,0.6807473616719315,0.0,0.7399427844260125
2026-10-14 05:00:00,0.23034874957463344,0.0,0.23034874957463344,0.7094060633051454,0.0,0.7710935470708102
2026-10-14 06:00:00,0.3316863797421664,0.0,0.3316863797421664,0.7255265829738285,0.0,0.7886158510585092
2026-10-14 07:00:00,0.3424675224100601,0.030555960718964176,0.31191156169109596,0.7094060633051454,0.0,0.7710935470708102
2026-10-14 08:00:00,0.2935572026203631,0.08701826063044926,0.20653894198991385,0.5947712567722891,0.0,0.6464904964916186
2026-10-14 09:00:00,0.2501513572850151,0.027559740953397586,0.2225916163316175,0.5016304764643434,0.0,0.5452505178960254
2026-10-14 10:00:00,0.22953979859445459,0.10065654145359229,0.1288832571408623,0.4443130731979152,0.0,0.48294899260642954
2026-10-14 11:00:00,0.23151564332009691,0.02681982082836437,0.20469582249173254,0.3959515141918665,0.0,0.43038208064333316
2026-10-14 12:00:00,0.22159922161815876,0.04592985665020983,0.17566936496794894,0.390578007635639,0.0,0.42454131264743367
2026-10-14 13:00:00,0.21760336464065008,0.15873570386052033,0.058867660780129755,0.3189312535526037,0.0,0.3466644060354388
2026-10-14 14:00:00,0.233200923579381,0.038347959072709,0.194852964506672,0.2777343699548584,0.0,0.3018851847335417
2026-10-14 15:00:00,0.3178043126672828,0.04674285530611052,0.2710614573611723,0.20966995357597515,0.0,0.2279021234521469
2026-10-14 16:00:00,0.5093613935561905,0.014451279479043745,0.49491011407714675,0.1559348880136986,0.0,0.16949444349315065
2026-10-14 17:00:00,0.5765122559160545,0.0,0.5765122559160545,0.1559348880136986,0.0,0.16949444349315065
2026-10-14 18:00:00,0.5661634732227182,0.0,0.5661634732227182,0.1559348880136986,0.0,0.16949444349315065
2026-10-14 19:00:00,0.5205702528413801,0.0,0.5205702528413801,0.1559348880136986,0.0,0.16949444349315065
2026-10-14 20:00:00,0.42711276941292786,0.0,0.42711276941292786,0.1559348880136986,0.0,0.16949444349315065
2026-10-14 21:00:00,0.3752038141058442,0.0,0.3752038141058442,0.1559348880136986,0.0,0.16949444349315065
2026-10-14 22:00:00,0.319273430416617,0.0,0.319273430416617,0.1559348880136986,0.0,0.16949444349315065
2026-10-14 23:00:00,0.2577897597355267,0.0,0.2577897597355267,0.1559348880136986,0.0,0.16949444349315065
2026-10-15 00:00:00,0.2167990961001454,0.0,0.2167990961001454,0.1559348880136986,0.0,0.16949444349315065
2026-10-15 01:00:00,0.19504619648897442,0.0,0.19504619648897442,0.1559348880136986,0.0,0.16949444349315065
2026-10-15 02:00:00,0.18419066736329484,0.0,0.18419066736329484,0.1559348880136986,0.0,0.16949444349315065
2026-10-15 03:00:00,0.17879312131506636,0.0,0.17879312131506636,0.1559348880136986,0.0,0.16949444349315065
2026-10-15 04:00:00,0.18875603314789852,0.0,0.18875603314789852,0.1559348880136986,0.0,0.16949444349315065
2026-10-15 05:00:00,0.22455835884350486,0.0,0.22455835884350486,0.20966995357597515,0.0,0.2279021234521469
2026-10-15 06:00:00,0.32060537146192225,0.0,0.32060537146192225,0.27594320110278253,0.0,0.29993826206824187
2026-10-15 07:00:00,0.34364838085103677,0.0021375470278737273,0.34151083382316305,0.31714008470052785,0.0,0.34471748337013897
2026-10-15 08:00:00,0.31386192368808696,0.13296638691337595,0.180895536774711,0.31714008470052785,0.0,0.34471748337013897
2026-10-15 09:00:00,0.27498425245696717,0.15427791347760417,0.120706338979363,0.2848990453631621,0.0,0.3096728753947414
2026-10-15 10:00:00,0.25376366801109296,0.08791347263357584,0.1658501953775171,0.22937281094880968,0.0,0.2493182727704453
2026-10-15 11:00:00,0.2665276306475892,0.14659553292016053,0.11993209772742869,0.18996709620314026,0.0,0.2064859741338481
2026-10-15 12:00:00,0.2581453969450267,0.16591566951825001,0.09222972742677668,0.16489073227407813,0.0,0.17922905681965012
2026-10-15 13:00:00,0.25973072479063525,0.17449326207882024,0.08523746271181501,0.1559348880136986,0.0,0.16949444349315065
2026-10-15 14:00:00,0.27509815634777446,0.10400901905713784,0.17108913729063663,0.1559348880136986,0.0,0.16949444349315065
2026-10-15 15:00:00,0.3424651967529042,0.04585677811934235,0.29660841863356185,0.16130839456992613,0.0,0.17533521148905015
2026-10-15 16:00:00,0.5148519245378514,0.0021284122115152924,0.5127235123263362,0.23653748635711305,0.0,0.2571059634316446
2026-10-15 17:00:00,0.5735345410746097,0.0,0.5735345410746097,0.31176657814430003,0.0,0.33887671537423913
2026-10-15 18:00:00,0.5546872975365043,0.0,0.5546872975365043,0.3565457994461971,0.0,0.38754978200673595
2026-10-15 19:00:00,0.5080224711654066,0.0,0.5080224711654066,0.48192761909150883,0.0,0.5238343685777269
2026-10-15 20:00:00,0.42159667425521924,0.0,0.42159667425521924,0.5141686584288746,0.0,0.5588789765531246
2026-10-15 21:00:00,0.37566174639741323,0.0,0.37566174639741323,0.5267068403934058,0.0,0.5725074352102236
2026-10-15 22:00:00,0.3216421209606552,0.0,0.3216421209606552,0.5195421649851021,0.0,0.564719744549024
2026-10-15 23:00:00,0.26176934560482434,0.0,0.26176934560482434,0.5410361912100129,0.0,0.5880828165326226
2026-10-16 00:00:00,0.2248605474335995,0.0,0.2248605474335995,0.5679037239911511,0.0,0.6172866565121208
2026-10-16 01:00:00,0.200392603245869,0.0,0.200392603245869,0.6073094387368203,0.0,0.6601189551487178
2026-10-16 02:00:00,0.18743802842574883,0.0,0.18743802842574883,0.6574621665949452,0.0,0.7146327897771143
2026-10-16 03:00:00,0.18353282728617284,0.0,0.18353282728617284,0.7380647649383597,0.0,0.8022443097156083
2026-10-16 04:00:00,0.18913260625002315,0.0,0.18913260625002315,0.8240408698380018,0.0,0.895696597650002
2026-10-16 05:00:00,0.22295443689500655,0.0,0.22295443689500655,0.8777759354002782,0.0,0.9541042776089981
2026-10-16 06:00:00,0.31979643748858916,0.0,0.31979643748858916,0.8974787927731129,0.0,0.9755204269272966
2026-10-16 07:00:00,0.35466430212761624,0.040357618671564635,0.3143066834560516,0.9207639878500993,0.0,1.0008304215761947
2026-10-16 08:00:00,0.3415260882384381,0.1520033442043539,0.1895227440340842,0.8258320386900777,0.0,0.8976435203153018
2026-10-16 09:00:00,0.3150637006959409,0.24528808885668937,0.06977561183925154,0.6610445042990968,0.0,0.7185266351077139
2026-10-16 10:00:00,0.29847357007816483,0.22964928325104914,0.0688242868271157,0.4926746322039642,0.0,0.5355159045695262
2026-10-16 11:00:00,0.2979435777904138,0.10727928331345749,0.19066429447695632,0.32609592896090706,0.0,0.35445209669663813
2026-10-16 12:00:00,0.28115818746903826,0.05343867569684318,0.22771951177219507,0.2992283961797691,0.0,0.3252482567171403
2026-10-16 13:00:00,0.2776760508275921,0.04522647579061035,0.23244957503698177,0.3923691764877148,0.0,0.42648823531273344
2026-10-16 14:00:00,0.29410346483940625,0.054343022516328214,0.23976044232307803,0.40848969615639774,0.0,0.44401053930043227
2026-10-16 15:00:00,0.35472706113423474,0.0311679934149793,0.32355906771925547,0.39774268304394234,0.0,0.432329003308633
2026-10-16 16:00:00,0.51244139021875,0.0031149723782262434,0.5093264178405238,0.31714008470052785,0.0,0.34471748337013897
2026-10-16 17:00:00,0.5721142564011471,0.0,0.5721142564011471,0.2598226814340997,0.0,0.2824159580805431
2026-10-16 18:00:00,0.5502939465900148,0.0,0.5502939465900148,0.29743722732769295,0.0,0.3233013340518402
2026-10-16 19:00:00,0.5054771172043755,0.0,0.5054771172043755,0.30818424044014836,0.0,0.33498287004363947
2026-10-16 20:00:00,0.41216142887067037,0.0,0.41216142887067037,0.34042527977751413,0.0,0.37002747801903707
2026-10-16 21:00:00,0.36717258257388163,0.0,0.36717258257388163,0.3565457994461971,0.0,0.38754978200673595
2026-10-16 22:00:00,0.32855293176813277,0.0,0.32855293176813277,0.36550164370657656,0.0,0.3972843953332354
2026-10-16 23:00:00,0.27814097098233137,0.0,0.27814097098233137,0.3762486568190319,0.0,0.40896593132503467
2026-10-17 00:00:00,0.2376268351744206,0.0,0.2376268351744206,0.390578007635639,0.0,0.42454131264743367
2026-10-17 01:00:00,0.20994174898962048,0.0,0.20994174898962048,0.4156543715647011,0.0,0.4517982299616316
2026-10-17 02:00:00,0.19539952370809907,0.0,0.19539952370809907,0.4443130731979152,0.0,0.48294899260642954
2026-10-17 03:00:00,0.18723114468574542,0.0,0.18723114468574542,0.480136450239433,0.0,0.5218874459124272
2026-10-17 04:00:00,0.1862525201067167,0.0,0.1862525201067167,0.5231245026892541,0.0,0.5686135898796241
2026-10-17 05:00:00,0.20074593005411073,0.0,0.20074593005411073,0.5679037239911511,0.0,0.6172866565121208
2026-10-17 06:00:00,0.24853582812849337,0.0,0.24853582812849337,0.6323858026658826,0.0,0.687375872462916
2026-10-17 07:00:00,0.3100311207243812,0.04183745892163107,0.26819366180275017,0.6485063223345656,0.0,0.7048981764506148
2026-10-17 08:00:00,0.32143058415878545,0.11110677136764163,0.21032381279114382,0.5911889190681374,0.0,0.6425966511610188
2026-10-17 09:00:00,0.307634528179818,0.07344392352181524,0.2341906046580028,0.43893956664168765,0.0,0.47710822461053004
2026-10-17 10:00:00,0.2970277212513074,0.275496926554033,0.02153079469727437,0.37087515026280404,0.0,0.40312516332913484
2026-10-17 11:00:00,0.3080110988276038,0.02891169377444592,0.2790994050531579,0.3314694355171349,0.0,0.36029286469253796
2026-10-17 12:00:00,0.28521216357789175,0.18619496183397513,0.09901720174391662,0.32609592896090706,0.0,0.35445209669663813
2026-10-17 13:00:00,0.27484013579231253,0.19901110918485906,0.07582902660745347,0.34579878633374195,0.0,0.3758682460149369
2026-10-17 14:00:00,0.2770414611393535,0.19956833298272356,0.07747312815662996,0.3493811240378937,0.0,0.3797620913455366
2026-10-17 15:00:00,0.3179554169610266,0.06294801952597373,0.25500739743505285,0.3511722928899695,0.0,0.3817090140108364
2026-10-17 16:00:00,0.44844957373300814,0.008413165866118387,0.44003640786688974,0.40311618960017015,0.0,0.4381697713045328
2026-10-17 17:00:00,0.5238408786498704,0.0,0.5238408786498704,0.5070039830205713,0.0,0.5510912858919252
2026-10-17 18:00:00,0.5044450473186451,0.0,0.5044450473186451,0.6126829452930481,0.0,0.6659597231446175
2026-10-17 19:00:00,0.4553046004916309,0.0,0.4553046004916309,0.6467151534824898,0.0,0.702951253785315
2026-10-17 20:00:00,0.4078680299421296,0.0,0.4078680299421296,0.6879120370802351,0.0,0.747730475087212
2026-10-17 21:00:00,0.36583597874875373,0.0,0.36583597874875373,0.7344824272342081,0.0,0.7983504643850088
2026-10-17 22:00:00,0.31851563509680275,0.0,0.31851563509680275,0.7577676223111941,0.0,0.8236604590339066
2026-10-17 23:00:00,0.27254119072159355,0.0,0.27254119072159355,0.7559764534591183,0.0,0.8217135363686068
2026-10-18 00:00:00,0.23331019207712392,0.0,0.23331019207712392,0.748811778050815,0.0,0.8139258457074077
2026-10-18 01:00:00,0.20752191834311712,0.0,0.20752191834311712,0.7255265829738285,0.0,0.7886158510585092
2026-10-18 02:00:00,0.1931005687299025,0.0,0.1931005687299025,0.7076148944530697,0.0,0.7691466244055104
2026-10-18 03:00:00,0.18491824279359925,0.0,0.18491824279359925,0.6968678813406143,0.0,0.7574650884137112
2026-10-18 04:00:00,0.18475785089780422,0.0,0.18475785089780422,0.6968678813406143,0.0,0.7574650884137112
2026-10-18 05:00:00,0.1950461964960526,0.0,0.1950461964960526,0.7022413878968422,0.0,0.763305856409611
2026-10-18 06:00:00,0.22922600364875165,0.0,0.22922600364875165,0.6735826862636279,0.0,0.732155093764813
2026-10-18 07:00:00,0.291581370821931,0.02664625931755411,0.2649351115043769,0.6825385305240073,0.0,0.7418897070913122
2026-10-18 08:00:00,0.3120813471691935,0.0499217713988458,0.2621595757703477,0.6019359321805927,0.0,0.6542781871528182
2026-10-18 09:00:00,0.31124451416494076,0.08962168329260314,0.2216228308723376,0.5553655420266199,0.0,0.6036581978550216
2026-10-18 10:00:00,0.3034480560577162,0.09962430720508918,0.203823748852627,0.6664180108553244,0.0,0.7243674031036134
2026-10-18 11:00:00,0.3022323286100141,0.051017949361857974,0.2512143792481561,0.7094060633051454,0.0,0.7710935470708102
2026-10-18 12:00:00,0.2799075966948674,0.08386674898678927,0.19604084770807817,0.7273177518259043,0.0,0.790562773723809
2026-10-18 13:00:00,0.2721320629190299,0.27627338594449996,-0.004141323025470045,0.6270122961096551,0.0,0.6815351044670164
2026-10-18 14:00:00,0.27266903000052645,0.1816458232874746,0.09102320671305184,0.45147774860621886,0.0,0.4907366832676292
2026-10-18 15:00:00,0.3202892390811095,0.07565454908055644,0.24463469000055307,0.5625302174349233,0.0,0.611445888516221
2026-10-18 16:00:00,0.47546519734626796,0.00797469468091352,0.46749050266535447,0.6180564518492756,0.0,0.6718004911405169
2026-10-18 17:00:00,0.5477276923108868,0.0,0.5477276923108868,0.6091006075888963,0.0,0.6620658778140176
2026-10-18 18:00:00,0.5311305873146538,0.0,0.5311305873146538,0.600144763328517,0.0,0.6523312644875184
2026-10-18 19:00:00,0.4839659856249671,0.0,0.4839659856249671,0.6610445042990968,0.0,0.7185266351077139
2026-10-18 20:00:00,0.42913742796266297,0.0,0.42913742796266297,0.6305946338138069,0.0,0.6854289497976161
2026-10-18 21:00:00,0.3698550810844777,0.0,0.3698550810844777,0.6502974911866414,0.0,0.7068450991159145
2026-10-18 22:00:00,0.3026414568225311,0.0,0.3026414568225311,0.6574621665949452,0.0,0.7146327897771143
2026-10-18 23:00:00,0.24550232212051992,0.0,0.24550232212051992,0.6646268420032485,0.0,0.7224204804383136
2026-10-19 00:00:00,0.21142479479412113,0.0,0.21142479479412113,0.6807473616719315,0.0,0.7399427844260125
2026-10-19 01:00:00,0.19257755076322777,0.0,0.19257755076322777,0.6771650239677797,0.0,0.7360489390954127
2026-10-19 02:00:00,0.18481828842349884,0.0,0.18481828842349884,0.6700003485594761,0.0,0.7282612484342131
2026-10-19 03:00:00,0.18186149326336734,0.0,0.18186149326336734,0.7058237256009938,0.0,0.7671997017402107
2026-10-19 04:00:00,0.19222422336563763,0.0,0.19222422336563763,0.7398559337904355,0.0,0.8041912323809082
2026-10-19 05:00:00,0.22656209899692414,0.0,0.22656209899692414,0.763141128867422,0.0,0.8295012270298066
2026-10-19 06:00:00,0.32164675900161105,0.0,0.32164675900161105,0.79000866164856,0.0,0.8587050670093043
2026-10-19 07:00:00,0.3538553674788576,0.021612975504056574,0.33224239197480104,0.8186673632817743,0.0,0.8898558296541024
2026-10-19 08:00:00,0.3291642673094036,0.047875572534556425,0.2812886947748472,0.7810528173881809,0.0,0.8489704536828053
2026-10-19 09:00:00,0.3021323715811687,0.13358755442574952,0.16854481715541916,0.7058237256009938,0.0,0.7671997017402107
2026-10-19 10:00:00,0.28778075671082054,0.21074021338908924,0.0770405433217313,0.6305946338138069,0.0,0.6854289497976161
2026-10-19 11:00:00,0.2895171759588428,0.23703021486866444,0.05248696109017836,0.553574373174544,0.0,0.6017112751897218
2026-10-19 12:00:00,0.27343146671712176,0.18538196317807443,0.08804950353904734,0.5070039830205713,0.0,0.5510912858919252
2026-10-19 13:00:00,0.265328174366479,0.196636056931666,0.06869211743481299,0.43714839778961184,0.0,0.47516130194523026
2026-10-19 14:00:00,0.26928916380343376,0.1437363353999705,0.12555282840346327,0.390578007635639,0.0,0.42454131264743367
2026-10-19 15:00:00,0.3474675668499293,0.06136769629596452,0.2860998705539648,0.404907358452246,0.0,0.44011669396983266
2026-10-19 16:00:00,0.5511842350042403,0.00422941997395528,0.546954815030285,0.47655411253528096,0.0,0.5179936005818271
2026-10-19 17:00:00,0.6194601682943564,0.0,0.6194601682943564,0.5607390485828475,0.0,0.6094989658509211
2026-10-19 18:00:00,0.5977653830563429,0.0,0.5977653830563429,0.6162652829971998,0.0,0.6698535684752173
2026-10-19 19:00:00,0.5437829531334509,0.0,0.5437829531334509,0.7452294403466629,0.0,0.8100320003768076
2026-10-19 20:00:00,0.43986743531040706,0.0,0.43986743531040706,0.7810528173881809,0.0,0.8489704536828053
2026-10-19 21:00:00,0.3846599793043436,0.0,0.3846599793043436,0.8061291813172433,0.0,0.8762273709970035
2026-10-19 22:00:00,0.32686765190459943,0.0,0.32686765190459943,0.8168761944296982,0.0,0.8879089069888023
2026-10-19 23:00:00,0.26361269371978074,0.0,0.26361269371978074,0.8115026878734707,0.0,0.8820681389929029
2026-10-20 00:00:00,0.2222594041415548,0.0,0.2222594041415548,0.8132938567255465,0.0,0.8840150616582028
2026-10-20 01:00:00,0.20112715252704483,0.0,0.20112715252704483,0.8079203501693191,0.0,0.8781742936623034
2026-10-20 02:00:00,0.18936738339558282,0.0,0.18936738339558282,0.8276232075421536,0.0,0.8995904429806016
2026-10-20 03:00:00,0.18630366011835098,0.0,0.18630366011835098,0.8383702206546091,0.0,0.9112719789724012
2026-10-20 04:00:00,0.19701274421717055,0.0,0.19701274421717055,0.8777759354002782,0.0,0.9541042776089981
2026-10-20 05:00:00,0.23357751412965064,0.0,0.23357751412965064,0.9153904812938718,0.0,0.9949896535802953
2026-10-20 06:00:00,0.3296152285166359,0.0,0.3296152285166359,0.953005027187465,0.0,1.0358750295515924
2026-10-20 07:00:00,0.3490110586975465,0.01953937219069189,0.3294716865068546,0.958378533743693,0.0,1.0417157975474924
2026-10-20 08:00:00,0.3022021078126151,0.04856068376143903,0.25364142405117607,0.8688200911398989,0.0,0.9443696642824988
2026-10-20 09:00:00,0.24970504779030833,0.08087966403758111,0.1688253837527272,0.7864263239444084,0.0,0.8548112216787047
2026-10-20 10:00:00,0.2253672764849415,0.09702088454293528,0.12834639194200623,0.6735826862636279,0.0,0.732155093764813
2026-10-20 11:00:00,0.22902375213114826,0.15096197513949236,0.0780617769916559,0.5589478797307716,0.0,0.6075520431856214
2026-10-20 12:00:00,0.2182751521977551,0.11637756040645848,0.10189759179129661,0.47476294368320515,0.0,0.5160466779165273
2026-10-20 13:00:00,0.2076846204221065,0.1417449454338317,0.0659396749882748,0.45864242401452227,0.0,0.49852437392882853
2026-10-20 14:00:00,0.2156647133766899,0.06623655341501024,0.14942815996167969,0.46580709942282594,0.0,0.5063120645900282
2026-10-20 15:00:00,0.2875087870470104,0.08532831960413881,0.20218046744287158,0.5016304764643434,0.0,0.5452505178960254
2026-10-20 16:00:00,0.49467737450246,0.0031880509090937213,0.4914893235933663,0.5947712567722891,0.0,0.6464904964916186
2026-10-20 17:00:00,0.5909638245414333,0.0,0.5909638245414333,0.7147795698613729,0.0,0.7769343150667096
2026-10-20 18:00:00,0.5794690517811332,0.0,0.5794690517811332,0.777470479684029,0.0,0.8450766083522054
2026-10-20 19:00:00,0.5339478910634536,0.0,0.5339478910634536,0.8115026878734707,0.0,0.8820681389929029
2026-10-20 20:00:00,0.4392305163815364,0.0,0.4392305163815364,0.804338012465167,0.0,0.8742804483317032
2026-10-20 21:00:00,0.3866799918335725,0.0,0.3866799918335725,0.7917998305006363,0.0,0.8606519896746047
2026-10-20 22:00:00,0.3304962343966476,0.0,0.3304962343966476,0.7810528173881809,0.0,0.8489704536828053
2026-10-20 23:00:00,0.26913343885178037,0.0,0.26913343885178037,0.777470479684029,0.0,0.8450766083522054
2026-10-21 00:00:00,0.22831479000622132,0.0,0.22831479000622132,0.7756793108319532,0.0,0.8431296856869056
2026-10-21 01:00:00,0.2072894664778373,0.0,0.2072894664778373,0.7667234665715736,0.0,0.8333950723604061
2026-10-21 02:00:00,0.19488115534022343,0.0,0.19488115534022343,0.7577676223111941,0.0,0.8236604590339066
2026-10-21 03:00:00,0.19030184199270916,0.0,0.19030184199270916,0.7470206091987392,0.0,0.8119789230421078
2026-10-21 04:00:00,0.19948603846238075,0.0,0.19948603846238075,0.7559764534591183,0.0,0.8217135363686068
2026-10-21 05:00:00,0.2338053175496307,0.0,0.2338053175496307,0.7703058042757253,0.0,0.8372889176910058
2026-10-21 06:00:00,0.33133305246685796,0.0,0.33133305246685796,0.7971733370568638,0.0,0.866492757670504
2026-10-21 07:00:00,0.361958660239872,0.020571606439195013,0.34138705380067697,0.8509084026191404,0.0,0.9249004376295004
2026-10-21 08:00:00,0.31838544780797057,0.0568916362803315,0.26149381152763906,0.8688200911398989,0.0,0.9443696642824988
2026-10-21 09:00:00,0.27125803911301516,0.01733788144830912,0.25392015766470605,0.8473260649149882,0.0,0.9210065922989001
2026-10-21 10:00:00,0.24850791765509597,0.07500597711910757,0.17350194053598839,0.79000866164856,0.0,0.8587050670093043
2026-10-21 11:00:00,0.2554675430907077,0.05924841890080766,0.1962191241899,0.7058237256009938,0.0,0.7671997017402107
2026-10-21 12:00:00,0.24359619726488257,0.03126847639492208,0.2123277208699605,0.5858154125119099,0.0,0.6367558831651194
2026-10-21 13:00:00,0.23637854902053024,0.08035897950515032,0.15601956951537993,0.4640159305707501,0.0,0.5043651419247284
2026-10-21 14:00:00,0.2504977109946948,0.03843017241993492,0.2120675385747599,0.4246102158250807,0.0,0.46153284328813116
2026-10-21 15:00:00,0.33484075396999224,0.028802075978144707,0.30603867799184753,0.4568512551624464,0.0,0.49657745126352865
2026-10-21 16:00:00,0.5303913676396249,0.0,0.5303913676396249,0.5105863207247229,0.0,0.5549851312225249
2026-10-21 17:00:00,0.5993693051013324,0.0,0.5993693051013324,0.5696948928432269,0.0,0.6192335791774205
2026-10-21 18:00:00,0.579738696278356,0.0,0.579738696278356,0.6037271010326686,0.0,0.656225109818118
2026-10-21 19:00:00,0.5321487094056023,0.0,0.5321487094056023,0.7147795698613729,0.0,0.7769343150667096
2026-10-21 20:00:00,0.43545781277498313,0.0,0.43545781277498313,0.7147795698613729,0.0,0.7769343150667096
2026-10-21 21:00:00,0.38184265612461427,0.0,0.38184265612461427,0.7434382714945871,0.0,0.8080850777115077
2026-10-21 22:00:00,0.3238992335875137,0.0,0.3238992335875137,0.8132938567255465,0.0,0.8840150616582028
2026-10-21 23:00:00,0.26613480215519614,0.0,0.26613480215519614,0.854490740323292,0.0,0.9287942829600999
2026-10-22 00:00:00,0.22756629321007849,0.0,0.22756629321007849,0.8724024288440506,0.0,0.9482635096130984
2026-10-22 01:00:00,0.20430942643503056,0.0,0.20430942643503056,0.8688200911398989,0.0,0.9443696642824988
2026-10-22 02:00:00,0.19282860017575104,0.0,0.19282860017575104,0.8724024288440506,0.0,0.9482635096130984
2026-10-22 03:00:00,0.18702891143820452,0.0,0.18702891143820452,0.8724024288440506,0.0,0.9482635096130984
2026-10-22 04:00:00,0.19533908662986388,0.0,0.19533908662986388,0.9171816501459475,0.0,0.9969365762455952
2026-10-22 05:00:00,0.23094847704718977,0.0,0.23094847704718977,0.953005027187465,0.0,1.0358750295515924
2026-10-22 06:00:00,0.3262818605318931,0.0,0.3262818605318931,0.9100169747376443,0.0,0.989148885584396
2026-10-22 07:00:00,0.35422031813985383,0.020461988642893798,0.33375832949696005,0.7756793108319532,0.0,0.8431296856869056
2026-10-22 08:00:00,0.31673736069068886,0.05771376975259063,0.25902359093809824,0.6485063223345656,0.0,0.7048981764506148
2026-10-22 09:00:00,0.2710860245151058,0.07333430572551403,0.19775171878959175,0.5159598272809505,0.0,0.5608258992184244
2026-10-22 10:00:00,0.24764784474519827,0.0694337391404624,0.17821410560473588,0.4568512551624464,0.0,0.49657745126352865
2026-10-22 11:00:00,0.2556465325225188,0.067807741828661,0.18783879069385778,0.3941603453397906,0.0,0.4284351579780333
2026-10-22 12:00:00,0.246903996369506,0.06256435723891947,0.18433963913058654,0.45147774860621886,0.0,0.4907366832676292
2026-10-22 13:00:00,0.24430517975482718,0.13502172059402376,0.10928345916080343,0.46759826827490175,0.0,0.508258987255328
2026-10-22 14:00:00,0.2562671830814344,0.048094808127158856,0.20817237495427557,0.4478954109020672,0.0,0.48684283793702954
2026-10-22 15:00:00,0.3247941619908667,0.04801259477993295,0.2767815672109337,0.4926746322039642,0.0,0.5355159045695262
2026-10-22 16:00:00,0.5143777222875606,0.00169907584266886,0.5126786464448918,0.5696948928432269,0.0,0.6192335791774205
2026-10-22 17:00:00,0.5878210687929534,0.0,0.5878210687929534,0.763141128867422,0.0,0.8295012270298066
2026-10-22 18:00:00,0.5661913686856532,0.0,0.5661913686856532,0.9565873648916172,0.0,1.0397688748821925
2026-10-22 19:00:00,0.5160281324696991,0.0,0.5160281324696991,1.0121135993059691,0.0,1.100123477506488
2026-10-22 20:00:00,0.4260039721276062,0.0,0.4260039721276062,1.0712221714244732,0.0,1.1643719254613838
2026-10-22 21:00:00,0.37770732797043116,0.0,0.37770732797043116,1.1070455484659911,0.0,1.2033103787673816
2026-10-22 22:00:00,0.3242176938711116,0.0,0.3242176938711116,1.1876481468094053,0.0,1.2909218987058755
2026-10-22 23:00:00,0.2649446456419827,0.0,0.2649446456419827,1.2180980172946954,0.0,1.3240195840159732
2026-10-23 00:00:00,0.22912604940260653,0.0,0.22912604940260653,1.2485478877799856,0.0,1.3571172693260711
2026-10-23 01:00:00,0.20154091794520934,0.0,0.20154091794520934,1.2449655500758336,0.0,1.3532234239954712
2026-10-23 02:00:00,0.18785644236548088,0.0,0.18785644236548088,1.2575037320403648,0.0,1.3668518826525704
2026-10-23 03:00:00,0.18447425923750088,0.0,0.18447425923750088,1.2807889271173514,0.0,1.3921618773014688
2026-10-23 04:00:00,0.18972768435089835,0.0,0.18972768435089835,1.3793032139815247,0.0,1.4992426238929617
2026-10-23 05:00:00,0.22091117978102526,0.0,0.22091117978102526,1.377512045129449,0.0,1.4972957012276618
2026-10-23 06:00:00,0.3137852172194889,0.0,0.3137852172194889,1.341688668087931,0.0,1.458357247921664
2026-10-23 07:00:00,0.36161695455998316,0.028226582547563314,0.33339037201241983,1.3058652910464137,0.0,1.4194187946156671
2026-10-23 08:00:00,0.35127746716536445,0.05997920420948244,0.291298262955882,1.2163068484426196,0.0,1.3220726613506735
2026-10-23 09:00:00,0.3229926521007401,0.09891179152913127,0.2240808605716088,1.1016720419097632,0.0,1.1974696107714817
2026-10-23 10:00:00,0.2996474540780266,0.21197341359747793,0.08767404048054869,0.9637520402999205,0.0,1.0475565655433918
2026-10-23 11:00:00,0.29768787966343413,0.2894549259497213,0.008232953713712854,0.8258320386900777,0.0,0.8976435203153018
2026-10-23 12:00:00,0.2795984314517328,0.24623810975796662,0.03336032169376618,0.6359681403700345,0.0,0.6912697177935156
2026-10-23 13:00:00,0.27927997212242217,0.15098024477220923,0.12829972735021294,0.5356626846537851,0.0,0.5822420485367229
2026-10-23 14:00:00,0.28873846303387696,0.0947097760042513,0.19402868702962567,0.48730112564773637,0.0,0.5296751365736265
2026-10-23 15:00:00,0.3534997128869725,0.05626133395159951,0.297238378935373,0.4783452813873571,0.0,0.5199405232471273
2026-10-23 16:00:00,0.5180969597966242,0.0,0.5180969597966242,0.5589478797307716,0.0,0.6075520431856214
2026-10-23 17:00:00,0.5793458521378256,0.0,0.5793458521378256,0.6359681403700345,0.0,0.6912697177935156
2026-10-23 18:00:00,0.5514957255200655,0.0,0.5514957255200655,0.6341769715179586,0.0,0.6893227951282158
2026-10-23 19:00:00,0.5052446646428539,0.0,0.5052446646428539,0.6413416469262624,0.0,0.6971104857894156
2026-10-23 20:00:00,0.4122381386082957,0.0,0.4122381386082957,0.644923984630414,0.0,0.7010043311200151
2026-10-23 21:00:00,0.3694250468376705,0.0,0.3694250468376705,0.659253335447021,0.0,0.716579712442414
2026-10-23 22:00:00,0.331056444110295,0.0,0.331056444110295,0.6807473616719315,0.0,0.7399427844260125
2026-10-23 23:00:00,0.27878718844213746,0.0,0.27878718844213746,0.6574621665949452,0.0,0.7146327897771143
2026-10-24 00:00:00,0.23711311510290053,0.0,0.23711311510290053,0.6467151534824898,0.0,0.702951253785315
2026-10-24 01:00:00,0.20911189373903644,0.0,0.20911189373903644,0.6467151534824898,0.0,0.702951253785315
2026-10-24 02:00:00,0.19455339683818737,0.0,0.19455339683818737,0.6664180108553244,0.0,0.7243674031036134
2026-10-24 03:00:00,0.1852669215872409,0.0,0.1852669215872409,0.6807473616719315,0.0,0.7399427844260125
2026-10-24 04:00:00,0.18456956452067455,0.0,0.18456956452067455,0.6950767124885384,0.0,0.7555181657484114
2026-10-24 05:00:00,0.19951858118114452,0.0,0.19951858118114452,0.7076148944530697,0.0,0.7691466244055104
2026-10-24 06:00:00,0.2468063820603332,0.0,0.2468063820603332,0.6807473616719315,0.0,0.7399427844260125
2026-10-24 07:00:00,0.3147568795846161,0.01693594952853799,0.2978209300560781,0.7004502190447659,0.0,0.7613589337443107
2026-10-24 08:00:00,0.3300917634714148,0.007591032393859261,0.3225007310775555,0.5983535944764411,0.0,0.6503843418222186
2026-10-24 09:00:00,0.3145988045914516,0.0612032696015127,0.25339553498993894,0.449686579754143,0.0,0.48878976060232937
2026-10-24 10:00:00,0.29746938155192676,0.060810472498099996,0.23665890905382675,0.2239993043925822,0.0,0.24347750477454586
2026-10-24 11:00:00,0.29861769622116435,0.07753632125039399,0.22108137497077035,0.1559348880136986,0.0,0.16949444349315065
2026-10-24 12:00:00,0.27427527643982585,0.28101435563452765,-0.006739079194701791,0.1559348880136986,0.0,0.16949444349315065
2026-10-24 13:00:00,0.26473310391088617,0.2369297318887216,0.02780337202216457,0.1559348880136986,0.0,0.16949444349315065
2026-10-24 14:00:00,0.26904044815356926,0.15945735435283664,0.10958309380073261,0.1559348880136986,0.0,0.16949444349315065
2026-10-24 15:00:00,0.3148475281410766,0.057933005345193064,0.2569145227958835,0.1559348880136986,0.0,0.16949444349315065
2026-10-24 16:00:00,0.4543004029213502,0.0,0.4543004029213502,0.1559348880136986,0.0,0.16949444349315065
2026-10-24 17:00:00,0.5252937069992668,0.0,0.5252937069992668,0.1559348880136986,0.0,0.16949444349315065
2026-10-24 18:00:00,0.5001562998346687,0.0,0.5001562998346687,0.16309956342200196,0.0,0.17728213415434996
2026-10-24 19:00:00,0.45255701282138494,0.0,0.45255701282138494,0.32609592896090706,0.0,0.35445209669663813
2026-10-24 20:00:00,0.40680804698977385,0.0,0.40680804698977385,0.4443130731979152,0.0,0.48294899260642954
2026-10-24 21:00:00,0.36558725458725616,0.0,0.36558725458725616,0.49625696990811585,0.0,0.5394097499001259
2026-10-24 22:00:00,0.3227625410850986,0.0,0.3227625410850986,0.5016304764643434,0.0,0.5452505178960254
2026-10-24 23:00:00,0.2736360416553378,0.0,0.2736360416553378,0.5070039830205713,0.0,0.5510912858919252
2026-10-25 00:00:00,0.23226415609335566,0.0,0.23226415609335566,0.52491567154133,0.0,0.5705605125449239
2026-10-25 01:00:00,0.20461858717232875,0.0,0.20461858717232875,0.5284980092454816,0.0,0.5744543578755236
2026-10-25 02:00:00,0.19157800515188336,0.0,0.19157800515188336,0.5750683993994545,0.0,0.6250743471733202
2026-10-25 03:00:00,0.17974850016232888,0.0,0.17974850016232888,0.6108917764409719,0.0,0.6640128004793173
2026-10-25 04:00:00,0.1791510977749317,0.0,0.1791510977749317,0.6216387895534274,0.0,0.6756943364711168
2026-10-25 05:00:00,0.1857713436739144,0.0,0.1857713436739144,0.644923984630414,0.0,0.7010043311200151
2026-10-25 06:00:00,0.21235692951156399,0.0,0.21235692951156399,0.6771650239677797,0.0,0.7360489390954127
2026-10-25 07:00:00,0.2715416458363727,0.008221334722591258,0.26332031111378146,0.6968678813406143,0.0,0.7574650884137112
2026-10-25 08:00:00,0.3029296952415156,0.061230674050588005,0.24169902119092757,0.6664180108553244,0.0,0.7243674031036134
2026-10-25 09:00:00,0.3071022117102186,0.06154125780677478,0.24556095390344385,0.5947712567722891,0.0,0.6464904964916186
2026-10-25 10:00:00,0.2988385239178565,0.1916393123836022,0.10719921153425427,0.48730112564773637,0.0,0.5296751365736265
2026-10-25 11:00:00,0.30087015734420575,0.21105079714527603,0.08981936019892972,0.401325020748094,0.0,0.43622284863923255
2026-10-25 12:00:00,0.2959351932262108,0.2810874341653951,0.014847759060815702,0.3493811240378937,0.0,0.3797620913455366
2026-10-25 13:00:00,0.28657433435770013,0.1283533046523664,0.15822102970533372,0.31714008470052785,0.0,0.34471748337013897
2026-10-25 14:00:00,0.2901657264562652,0.06672983349836571,0.2234358929578995,0.256240343729948,0.0,0.2785221127499435
2026-10-25 15:00:00,0.32223951723315447,0.034483931753091106,0.28775558548006336,0.2813167076590101,0.0,0.3057790300641414
2026-10-25 16:00:00,0.44736169863253683,0.0,0.44736169863253683,0.31176657814430003,0.0,0.33887671537423913
2026-10-25 17:00:00,0.5638994088391615,0.0,0.5638994088391615,0.30460190273599663,0.0,0.3310890247130398
2026-10-25 18:00:00,0.5470698514262132,0.0,0.5470698514262132,0.2741520322507067,0.0,0.29799133940294203
2026-10-25 19:00:00,0.49684385073082354,0.0,0.49684385073082354,0.2598226814340997,0.0,0.2824159580805431
2026-10-25 20:00:00,0.44862856490065905,0.0,0.44862856490065905,0.24191099291334092,0.0,0.2629467314275445
2026-10-25 21:00:00,0.39330023403693226,0.0,0.39330023403693226,0.21683462898427852,0.0,0.2356898141133462
2026-10-25 22:00:00,0.33412481530896,0.0,0.33412481530896,0.22758164209673387,0.0,0.24737135010514552
2026-10-25 23:00:00,0.27487733730297964,0.0,0.27487733730297964,0.23295514865296138,0.0,0.253212118101045
2026-10-26 00:00:00,0.2288006145573669,0.0,0.2288006145573669,0.222208135540506,0.0,0.24153058210924566
2026-10-26 01:00:00,0.20033216399048337,0.0,0.20033216399048337,0.21325229128012682,0.0,0.23179596878274655
2026-10-26 02:00:00,0.18874440984231397,0.0,0.18874440984231397,0.19892294046351977,0.0,0.21622058746034756
2026-10-26 03:00:00,0.18345611692373837,0.0,0.18345611692373837,0.1917582650552161,0.0,0.20843289679914792
2026-10-26 04:00:00,0.18625716895249705,0.0,0.18625716895249705,0.20787878472389895,0.0,0.2259552007868467
2026-10-26 05:00:00,0.20889571300700296,0.0,0.20889571300700296,0.20966995357597515,0.0,0.2279021234521469
2026-10-26 06:00:00,0.26197855330080244,0.0,0.26197855330080244,0.222208135540506,0.0,0.24153058210924566
2026-10-26 07:00:00,0.3451128316251622,0.018571081656697807,0.3265417499684644,0.21146112242805098,0.0,0.22984904611744672
2026-10-26 08:00:00,0.31850399924503275,0.011171880406365678,0.30733211883866707,0.2204169666884302,0.0,0.23958365944394586
2026-10-26 09:00:00,0.2880527276349766,0.12686432958594154,0.16118839804903504,0.1559348880136986,0.0,0.16949444349315065
2026-10-26 10:00:00,0.2733082677737869,0.12826195648878205,0.14504631128500486,0.1559348880136986,0.0,0.16949444349315065
2026-10-26 11:00:00,0.27154627813831816,0.14399211025800665,0.12755416788031151,0.1559348880136986,0.0,0.16949444349315065
2026-10-26 12:00:00,0.27007717862846703,0.2345272751864533,0.035549903442013725,0.1559348880136986,0.0,0.16949444349315065
2026-10-26 13:00:00,0.2648493240444164,0.03798256641837161,0.2268667576260448,0.1559348880136986,0.0,0.16949444349315065
2026-10-26 14:00:00,0.27572112495432555,0.023686578817421255,0.2520345461369043,0.1559348880136986,0.0,0.16949444349315065
2026-10-26 15:00:00,0.3490784652838811,0.033853629424359113,0.315224835859522,0.1559348880136986,0.0,0.16949444349315065
2026-10-26 16:00:00,0.5220718945190126,0.0,0.5220718945190126,0.1559348880136986,0.0,0.16949444349315065
2026-10-26 17:00:00,0.6519012303124124,0.0,0.6519012303124124,0.1559348880136986,0.0,0.16949444349315065
2026-10-26 18:00:00,0.6239860172671674,0.0,0.6239860172671674,0.1559348880136986,0.0,0.16949444349315065
2026-10-26 19:00:00,0.5644712199837951,0.0,0.5644712199837951,0.1559348880136986,0.0,0.16949444349315065
2026-10-26 20:00:00,0.5088476759487607,0.0,0.5088476759487607,0.1559348880136986,0.0,0.16949444349315065
2026-10-26 21:00:00,0.4055249110679778,0.0,0.4055249110679778,0.1559348880136986,0.0,0.16949444349315065
2026-10-26 22:00:00,0.34472465056175,0.0,0.34472465056175,0.47476294368320515,0.0,0.5160466779165273
2026-10-26 23:00:00,0.28410105178566547,0.0,0.28410105178566547,0.7541852846070425,0.0,0.8197666137033071
2026-10-27 00:00:00,0.23404009389264774,0.0,0.23404009389264774,0.8741935976961264,0.0,0.9502104322783982
2026-10-27 01:00:00,0.20643404181492228,0.0,0.20643404181492228,0.9350933386667065,0.0,1.016405802898594
2026-10-27 02:00:00,0.19197085054198545,0.0,0.19197085054198545,0.9977842484893621,0.0,1.0845480961840892
2026-10-27 03:00:00,0.18375830549159905,0.0,0.18375830549159905,1.0371899632350314,0.0,1.1273803948206864
2026-10-27 04:00:00,0.18626646721160253,0.0,0.18626646721160253,1.056892820607866,0.0,1.148796544138985
2026-10-27 05:00:00,0.20861212096710474,0.0,0.20861212096710474,1.0891338599452323,0.0,1.1838411521143828
2026-10-27 06:00:00,0.2611022071636097,0.0,0.2611022071636097,1.0837603533890043,0.0,1.178000384118483
2026-10-27 07:00:00,0.339331738641209,0.017904240062532075,0.321427498578677,1.0407723009391834,0.0,1.1312742401512863
2026-10-27 08:00:00,0.3114769619943217,0.06368793965100694,0.24778902234331474,0.9959930796372863,0.0,1.0826011735187895
2026-10-27 09:00:00,0.26687631152421476,0.1162039988956482,0.15067231262856656,0.9046434681814164,0.0,0.9833081175884961
2026-10-27 10:00:00,0.24374729229607817,0.2505862823445815,-0.006838990048503357,0.8795671042523541,0.0,0.9560512002742979
2026-10-27 11:00:00,0.2463530825937395,0.24283082325627045,0.0035222593374690525,0.8258320386900777,0.0,0.8976435203153018
2026-10-27 12:00:00,0.24706671115794476,0.2875822885962422,-0.04051557743829742,0.7917998305006363,0.0,0.8606519896746047
2026-10-27 13:00:00,0.23787321919756096,0.16502959233148184,0.07284362686607912,0.7971733370568638,0.0,0.866492757670504
2026-10-27 14:00:00,0.2478570529734346,0.14459500813766335,0.10326204483577126,0.793590999352712,0.0,0.8625989123399044
2026-10-27 15:00:00,0.3088014319774844,0.056654131055012207,0.2521473009224722,0.8204585321338502,0.0,0.8918027523194024
2026-10-27 16:00:00,0.4728663634315525,0.0,0.4728663634315525,0.8795671042523541,0.0,0.9560512002742979
2026-10-27 17:00:00,0.6283026588013723,0.0,0.6283026588013723,0.8903141173648095,0.0,0.9677327362660971
2026-10-27 18:00:00,0.6134001326605962,0.0,0.6134001326605962,0.8867317796606575,0.0,0.9638388909354973
2026-10-27 19:00:00,0.5592410400499381,0.0,0.5592410400499381,0.9565873648916172,0.0,1.0397688748821925
2026-10-27 20:00:00,0.512081089204043,0.0,0.512081089204043,0.953005027187465,0.0,1.0358750295515924
2026-10-27 21:00:00,0.4120103346424011,0.0,0.4120103346424011,0.9458403517791618,0.0,1.0280873388903933
2026-10-27 22:00:00,0.3564077100400135,0.0,0.3564077100400135,0.9619608714478446,0.0,1.0456096428780919
2026-10-27 23:00:00,0.29781342074720524,0.0,0.29781342074720524,0.9601697025957688,0.0,1.0436627202127922
2026-10-28 00:00:00,0.24795469710434262,0.0,0.24795469710434262,0.953005027187465,0.0,1.0358750295515924
2026-10-28 01:00:00,0.21832863331838734,0.0,0.21832863331838734,0.9655432091519963,0.0,1.0495034882086915
2026-10-28 02:00:00,0.1994837138855024,0.0,0.1994837138855024,0.9942019107852105,0.0,1.0806542508534895
2026-10-28 03:00:00,0.19067609050357825,0.0,0.19067609050357825,1.017487105862197,0.0,1.1059642455023881
2026-10-28 04:00:00,0.19218470694536494,0.0,0.19218470694536494,1.0658486648682457,0.0,1.1585311574654844
2026-10-28 05:00:00,0.21276139722968299,0.0,0.21276139722968299,1.0801780156848526,0.0,1.1741065387878833
2026-10-28 06:00:00,0.2644960133225898,0.0,0.2644960133225898,1.119583730430522,0.0,1.2169388374244805
2026-10-28 07:00:00,0.3508195383537498,0.014707054337079917,0.3361124840166699,1.148242432063736,0.0,1.2480896000692783
2026-10-28 08:00:00,0.3332624042382257,0.1076812152332286,0.22558118900499707,1.0801780156848526,0.0,1.1741065387878833
2026-10-28 09:00:00,0.2927784856029541,0.12292722373545617,0.16985126186749794,0.9386756763708581,0.0,1.0202996482291935
2026-10-28 10:00:00,0.26662526021348415,0.2666818287681435,-5.6568554659353065e-05,0.8849406108085818,0.0,0.9618919682701975
2026-10-28 11:00:00,0.2639497327099472,0.3010013338267828,-0.037051601116835586,0.8724024288440506,0.0,0.9482635096130984
2026-10-28 12:00:00,0.2655745760119408,0.24383565305569826,0.021738922956242523,0.8383702206546091,0.0,0.9112719789724012
2026-10-28 13:00:00,0.2600770755914968,0.2227981709822231,0.03727890460927369,0.8598642468795193,0.0,0.9346350509559993
2026-10-28 14:00:00,0.2762301961482192,0.0720919707007669,0.2041382254474523,0.8849406108085818,0.0,0.9618919682701975
2026-10-28 15:00:00,0.3396966860211834,0.03563491861425388,0.30406176740692953,0.953005027187465,0.0,1.0358750295515924
2026-10-28 16:00:00,0.5024319893558612,0.0,0.5024319893558612,1.0515193140516386,0.0,1.1429557761430853
2026-10-28 17:00:00,0.6402367664094396,0.0,0.6402367664094396,1.1751099648448742,0.0,1.2772934400487763
2026-10-28 18:00:00,0.6177307210920954,0.0,0.6177307210920954,1.252130225484137,0.0,1.3610111146566708
2026-10-28 19:00:00,0.5599686158076402,0.0,0.5599686158076402,1.2288450304071508,0.0,1.3357011200077726
2026-10-28 20:00:00,0.5111024642588666,0.0,0.5111024642588666,1.2628772385965925,0.0,1.37269265064847
2026-10-28 21:00:00,0.4112246449436126,0.0,0.4112246449436126,1.2825800959694271,0.0,1.3941087999667685
2026-10-28 22:00:00,0.35205620034091056,0.0,0.35205620034091056,1.3094476287505654,0.0,1.4233126399462666
2026-10-28 23:00:00,0.29606305412402417,0.0,0.29606305412402417,1.3291504861234003,0.0,1.4447287892645655
2026-10-29 00:00:00,0.2478872855994046,0.0,0.2478872855994046,1.3506445123483104,0.0,1.4680918612481635
2026-10-29 01:00:00,0.21635278744753272,0.0,0.21635278744753272,1.4061707467626632,0.0,1.52844646387246
2026-10-29 02:00:00,0.20151534795072434,0.0,0.20151534795072434,1.4402029549521045,0.0,1.5654379945131571
2026-10-29 03:00:00,0.19189181617681877,0.0,0.19189181617681877,1.465279318881167,0.0,1.5926949118273552
2026-10-29 04:00:00,0.193584070494705,0.0,0.193584070494705,1.4921468516623053,0.0,1.6218987518068537
2026-10-29 05:00:00,0.21556709856140982,0.0,0.21556709856140982,1.4903556828102293,0.0,1.6199518291415536
2026-10-29 06:00:00,0.26808275467717846,0.0,0.26808275467717846,1.5136408778872157,0.0,1.6452618237904517
2026-10-29 07:00:00,0.34719560511984127,0.014579166908061832,0.33261643821177944,1.4903556828102293,0.0,1.6199518291415536
2026-10-29 08:00:00,0.33094020492251297,0.10505952293835784,0.22588068198415512,1.39005022709398,0.0,1.510924159884761
2026-10-29 09:00:00,0.28717405852518824,0.1952110255797502,0.09196303294543803,1.1876481468094053,0.0,1.2909218987058755
2026-10-29 10:00:00,0.26055825415064665,0.2745469056527558,-0.01398865150210915,1.058683989459942,0.0,1.1507434668042846
2026-10-29 11:00:00,0.2530453902817289,0.30285570154754504,-0.04981031126581614,0.9906195730810589,0.0,1.07676040552289
2026-10-29 12:00:00,0.25031174904694065,0.29339203180020673,-0.043080282753266086,0.9565873648916172,0.0,1.0397688748821925
2026-10-29 13:00:00,0.2509254245563317,0.22229575608250915,0.02862966847382256,0.9297198321104788,0.0,1.0105650349026942
2026-10-29 14:00:00,0.2726202106775371,0.1491624163168807,0.1234577943606564,0.9619608714478446,0.0,1.0456096428780919
2026-10-29 15:00:00,0.3399965492720484,0.049894366949770494,0.2901021823222779,1.031816456678804,0.0,1.121539626824787
2026-10-29 16:00:00,0.5013789797160749,0.0,0.5013789797160749,1.162571782880343,0.0,1.2636649813916772
2026-10-29 17:00:00,0.6370312482551871,0.0,0.6370312482551871,1.2933271090818823,0.0,1.4057903359585677
2026-10-29 18:00:00,0.613037506754328,0.0,0.613037506754328,1.3810943828336009,0.0,1.5011895465582616
2026-10-29 19:00:00,0.562960277925858,0.0,0.562960277925858,1.465279318881167,0.0,1.5926949118273552
2026-10-29 20:00:00,0.5126877896493697,0.0,0.5126877896493697,1.5279702287038228,0.0,1.6608372051128508
2026-10-29 21:00:00,0.41408613463689825,0.0,0.41408613463689825,1.5637936057453405,0.0,1.6997756584188484
2026-10-29 22:00:00,0.360357077134574,0.0,0.360357077134574,1.613946333603465,0.0,1.7542894930472446
2026-10-29 23:00:00,0.30283439395216816,0.0,0.30283439395216816,1.6336491909762998,0.0,1.775705642365543
2026-10-30 00:00:00,0.2550584442270481,0.0,0.2550584442270481,1.674846074574045,0.0,1.82048486366744
2026-10-30 01:00:00,0.2225801892671202,0.0,0.2225801892671202,1.7232076335800937,0.0,1.8730517756305365
2026-10-30 02:00:00,0.20409789504686515,0.0,0.20409789504686515,1.7679868548819908,0.0,1.9217248422630335
2026-10-30 03:00:00,0.19553434681846435,0.0,0.19553434681846435,1.7876897122548252,0.0,1.9431409915813318
2026-10-30 04:00:00,0.19575052718253705,0.0,0.19575052718253705,1.7966455565152049,0.0,1.9528756049078313
2026-10-30 05:00:00,0.21475118970494186,0.0,0.21475118970494186,1.764404517177839,0.0,1.9178309969324336
2026-10-30 06:00:00,0.2678572750902868,0.0,0.2678572750902868,1.7608221794736874,0.0,1.913937151601834
2026-10-30 07:00:00,0.3582905593456727,0.013345966699673141,0.3449445926459996,1.9327743892729716,0.0,2.100841727470621
2026-10-30 08:00:00,0.35816968269460264,0.10288543664505037,0.25528424604955224,1.852171790929557,0.0,2.013230207532127
2026-10-30 09:00:00,0.3267095678408118,0.19525669966154235,0.13145286817926943,1.7375369843967006,0.0,1.8886271569529354
2026-10-30 10:00:00,0.2958654531428868,0.2629274192448268,0.03293803389805999,1.5745406188577957,0.0,1.7114571944106474
2026-10-30 11:00:00,0.2911118001341776,0.3027552185676023,-0.011643418433424702,1.4187089287271941,0.0,1.5420749225295587
2026-10-30 12:00:00,0.2924088853144857,0.2944608053141436,-0.0020519199996578696,1.3345239926796277,0.0,1.4505695572604649
2026-10-30 13:00:00,0.28718800426686797,0.2395514241835924,0.047636580083275565,1.300491784490186,0.0,1.4135780266197673
2026-10-30 14:00:00,0.2968975445502016,0.14701573447264857,0.14988181007755305,1.3076564598984894,0.0,1.4213657172809668
2026-10-30 15:00:00,0.35173772400365066,0.04822269555617694,0.30351502844747374,1.3578091877566143,0.0,1.4758795519093633
2026-10-30 16:00:00,0.4923505278159252,0.0,0.4923505278159252,1.4760263319936224,0.0,1.6043764478191547
2026-10-30 17:00:00,0.6223634993395042,0.0,0.6223634993395042,1.5799141254140234,0.0,1.7172979624065472
2026-10-30 18:00:00,0.602549252274362,0.0,0.602549252274362,1.658725554905362,0.0,1.8029625596797414
2026-10-30 19:00:00,0.5503776281107884,0.0,0.5503776281107884,1.7160429581717904,0.0,1.8652640849693372
2026-10-30 20:00:00,0.5021948874739842,0.0,0.5021948874739842,1.7948543876631289,0.0,1.9509286822425311
2026-10-30 21:00:00,0.40970208179750206,0.0,0.40970208179750206,1.8665011417461643,0.0,2.028805588854526
2026-10-30 22:00:00,0.36390430125928097,0.0,0.36390430125928097,1.9345655581250476,0.0,2.1027886501359214
2026-10-30 23:00:00,0.3152380561847261,0.0,0.3152380561847261,1.9900917925393997,0.0,2.163143252760217
2026-10-31 00:00:00,0.26559551297530015,0.0,0.26559551297530015,2.034871013841297,0.0,2.2118163193927143
2026-10-31 01:00:00,0.23056260535246,0.0,0.23056260535246,2.0832325728473458,0.0,2.2643832313558105
2026-10-31 02:00:00,0.20979065489417442,0.0,0.20979065489417442,2.1298029630013184,0.0,2.315003220653607
2026-10-31 03:00:00,0.19656411081476974,0.0,0.19656411081476974,2.169208677746988,0.0,2.3578355192902043
2026-10-31 04:00:00,0.19272864551177277,0.0,0.19272864551177277,2.206823223640581,0.0,2.3987208952615013
2026-10-31 05:00:00,0.20144561216271636,0.0,0.20144561216271636,2.2408554318300227,0.0,2.4357124259021985
2026-10-31 06:00:00,0.23542086140116483,0.0,0.23542086140116483,2.267722964611161,0.0,2.4649162658816968
2026-10-31 07:00:00,0.29732527118165886,0.012304597634811584,0.2850206735468473,2.330413874433817,0.0,2.533058559167192
2026-10-31 08:00:00,0.3245570706206341,0.10038249696283925,0.22417457365779486,2.2533936137945547,0.0,2.4493408845592985
2026-10-31 09:00:00,0.31534497547893786,0.19743992077120828,0.11790505470772958,2.1029354302201804,0.0,2.285799380674109
2026-10-31 10:00:00,0.30427791171253543,0.2733959187915931,0.030881992920942347,1.9166538696042887,0.0,2.0833194234829224
2026-10-31 11:00:00,0.3093151556219626,0.2982426192865355,0.011072536335427097,1.7070871139114108,0.0,1.8555294716428377
2026-10-31 12:00:00,0.30826679586744987,0.2946526364576707,0.01361415940977917,1.5440907483725057,0.0,1.6783595091005497
2026-10-31 13:00:00,0.3045103658514335,0.2351119034333931,0.06939846241804037,1.4419941238041805,0.0,1.5673849171784568
2026-10-31 14:00:00,0.30904086490157073,0.14429355919783501,0.16474730570373572,1.4151265910230422,0.0,1.5381810771989588
2026-10-31 15:00:00,0.3467609252982099,0.049245794988321635,0.29751513030988824,1.461696981177015,0.0,1.5888010664967556
2026-10-31 16:00:00,0.46075560821473066,0.0,0.46075560821473066,1.6067816581951613,0.0,1.7465018023860448
2026-10-31 17:00:00,0.5694875651386246,0.0,0.5694875651386246,1.7339546466925486,0.0,1.8847333116223355
2026-10-31 18:00:00,0.548922497492578,0.0,0.548922497492578,1.8163484138880392,0.0,1.9742917542261296
2026-10-31 19:00:00,0.49506326635516196,0.0,0.49506326635516196,1.8485894532254052,0.0,2.0093363622015272
2026-10-31 20:00:00,0.4468131125783487,0.0,0.4468131125783487,1.9166538696042887,0.0,2.0833194234829224
2026-10-31 21:00:00,0.40303301895763416,0.0,0.40303301895763416,1.9685977663144896,0.0,2.139780180776619
2026-10-31 22:00:00,0.3621213891434689,0.0,0.3621213891434689,2.0115858187643103,0.0,2.1865063247438155
2026-10-31 23:00:00,0.31094698407428895,0.0,0.31094698407428895,2.063529715474511,0.0,2.242967082037512
2026-11-01 00:00:00,0.2626666118972079,0.0,0.2626666118972079,2.1244294564450907,0.0,2.309162452657707
2026-11-01 01:00:00,0.22835663149412624,0.0,0.22835663149412624,2.1512969892262293,0.0,2.3383662926372057
2026-11-01 02:00:00,0.2092420672917586,0.0,0.2092420672917586,2.162044002338684,0.0,2.3500478286290045
2026-11-01 03:00:00,0.19570868574909575,0.0,0.19570868574909575,2.162044002338684,0.0,2.3500478286290045
2026-11-01 04:00:00,0.19121537986270676,0.0,0.19121537986270676,2.1333853007054704,0.0,2.3188970659842068
2026-11-01 05:00:00,0.1929053088503826,0.0,0.1929053088503826,2.0509915335099795,0.0,2.2293386233804124
2026-11-01 06:00:00,0.2102160427343018,0.0,0.2102160427343018,1.9417302335333508,0.0,2.1105763407971203
2026-11-01 07:00:00,0.25809194800415125,0.006896786350618221,0.251195161653533,1.9399390646812755,0.0,2.1086294181318213
2026-11-01 08:00:00,0.29755772004276776,0.03220936247984086,0.2653483575629269,1.8073925696276598,0.0,1.96455714089963
2026-11-01 09:00:00,0.3160841747802676,0.03982779932277543,0.2762563754574922,1.6533520483491344,0.0,1.7971217916838418
2026-11-01 10:00:00,0.3171790222619055,0.04419424154210723,0.27298478071979826,1.4581146434728633,0.0,1.584907221166156
2026-11-01 11:00:00,0.3239596593257941,0.033415158239154245,0.2905445010866399,1.2879536025256548,0.0,1.3999495679626683
2026-11-01 12:00:00,0.33563574623541764,0.07506078601725819,0.26057496021815946,1.1876481468094053,0.0,1.2909218987058755
2026-11-01 13:00:00,0.335249876386733,0.0559964242772049,0.27925345210952807,1.0407723009391834,0.0,1.1312742401512863
2026-11-01 14:00:00,0.3418189838571068,0.02226154746550544,0.31955743639160133,0.9619608714478446,0.0,1.0456096428780919
2026-11-01 15:00:00,0.3630604917102295,0.022773097181577783,0.34028739452865175,0.9297198321104788,0.0,1.0105650349026942
2026-11-01 16:00:00,0.45046493953105426,0.0,0.45046493953105426,0.899269961625189,0.0,0.9774673495925967
2026-11-01 17:00:00,0.613218844808235,0.0,0.613218844808235,0.854490740323292,0.0,0.9287942829600999
2026-11-01 18:00:00,0.6001085257409812,0.0,0.6001085257409812,0.8240408698380018,0.0,0.895696597650002
2026-11-01 19:00:00,0.5472953297673571,0.0,0.5472953297673571,0.8562819091753677,0.0,0.9307412056253997
2026-11-01 20:00:00,0.5019880233798941,0.0,0.5019880233798941,0.7613499600153463,0.0,0.8275543043645067
2026-11-01 21:00:00,0.44693631105546505,0.0,0.44693631105546505,0.6646268420032485,0.0,0.7224204804383136
2026-11-01 22:00:00,0.38199374760326144,0.0,0.38199374760326144,0.6359681403700345,0.0,0.6912697177935156
2026-11-01 23:00:00,0.3158238357930319,0.0,0.3158238357930319,0.6538798288907932,0.0,0.7107389444465143
2026-11-02 00:00:00,0.2576921295403827,0.0,0.2576921295403827,0.6771650239677797,0.0,0.7360489390954127
2026-11-02 01:00:00,0.22278939533939385,0.0,0.22278939533939385,0.6467151534824898,0.0,0.702951253785315
2026-11-02 02:00:00,0.20277523974426945,0.0,0.20277523974426945,0.5410361912100129,0.0,0.5880828165326226
2026-11-02 03:00:00,0.1941652014175879,0.0,0.1941652014175879,0.5267068403934058,0.0,0.5725074352102236
2026-11-02 04:00:00,0.19056916191427384,0.0,0.19056916191427384,0.5177509961330263,0.0,0.5627728218837242
2026-11-02 05:00:00,0.20334707281997602,0.0,0.20334707281997602,0.46759826827490175,0.0,0.508258987255328
2026-11-02 06:00:00,0.24722712096097862,0.0,0.24722712096097862,0.46759826827490175,0.0,0.508258987255328
2026-11-02 07:00:00,0.3533160776567303,0.007746324271952651,0.34556975338477763,0.49804813876019166,0.0,0.5413566725654257
2026-11-02 08:00:00,0.33161664146922865,0.04234900863770341,0.28926763283152523,0.5177509961330263,0.0,0.5627728218837242
2026-11-02 09:00:00,0.2989012832508856,0.03942586740300429,0.2594754158478813,0.5428273600620888,0.0,0.5900297391979225
2026-11-02 10:00:00,0.2823599659102063,0.12792396828351996,0.15443599762668633,0.6252211272575791,0.0,0.6795881818017163
2026-11-02 11:00:00,0.2752167029863652,0.2706828783331379,0.00453382465322727,0.6897032059323109,0.0,0.7496773977525119
2026-11-02 12:00:00,0.28593276058720296,0.25439550076604883,0.03153725982115413,0.6646268420032485,0.0,0.7224204804383136
2026-11-02 13:00:00,0.2807862650872029,0.09576941470182972,0.1850168503853732,0.6323858026658826,0.0,0.687375872462916
2026-11-02 14:00:00,0.2919927973644672,0.015218604053152262,0.2767741933113149,0.6162652829971998,0.0,0.6698535684752173
2026-11-02 15:00:00,0.33886218370197657,0.035022885918238766,0.3038392977837378,0.6520886600387172,0.0,0.7087920217812144
2026-11-02 16:00:00,0.48059773223801633,0.0,0.48059773223801633,0.7452294403466629,0.0,0.8100320003768076
2026-11-02 17:00:00,0.7026339742045686,0.0,0.7026339742045686,0.777470479684029,0.0,0.8450766083522054
2026-11-02 18:00:00,0.6818689972516948,0.0,0.6818689972516948,0.7577676223111941,0.0,0.8236604590339066
2026-11-02 19:00:00,0.6193021002107525,0.0,0.6193021002107525,0.7362735960862838,0.0,0.8002973870503085
2026-11-02 20:00:00,0.5633182550636364,0.0,0.5633182550636364,0.7291089206779802,0.0,0.7925096963891088
2026-11-02 21:00:00,0.45294056049154346,0.0,0.45294056049154346,0.7703058042757253,0.0,0.8372889176910058
2026-11-02 22:00:00,0.3910245274353814,0.0,0.3910245274353814,0.804338012465167,0.0,0.8742804483317032
2026-11-02 23:00:00,0.32790903871359717,0.0,0.32790903871359717,0.849117233767064,0.0,0.9229535149642
2026-11-03 00:00:00,0.26828731265764305,0.0,0.26828731265764305,0.9028522993293406,0.0,0.9813611949231963
2026-11-03 01:00:00,0.23261283630202895,0.0,0.23261283630202895,0.9476315206312377,0.0,1.030034261555693
2026-11-03 02:00:00,0.21082971769817319,0.0,0.21082971769817319,0.9959930796372863,0.0,1.0826011735187895
2026-11-03 03:00:00,0.19854693017682187,0.0,0.19854693017682187,1.0389811320871072,0.0,1.1293273174859861
2026-11-03 04:00:00,0.1926821548243294,0.0,0.1926821548243294,1.0819691845369286,0.0,1.1760534614531832
2026-11-03 05:00:00,0.20325176754565896,0.0,0.20325176754565896,1.1410777566554327,0.0,1.2403019094080787
2026-11-03 06:00:00,0.2486869225842992,0.0,0.2486869225842992,1.1966039910697852,0.0,1.3006565120323752
2026-11-03 07:00:00,0.3516935592923699,0.001753884740819468,0.34993967455155045,1.252130225484137,0.0,1.3610111146566708
2026-11-03 08:00:00,0.33018473441292484,0.05479976333424995,0.2753849710786749,1.1966039910697852,0.0,1.3006565120323752
2026-11-03 09:00:00,0.2882479885235382,0.12699221701495964,0.1612557715085786,1.0801780156848526,0.0,1.1741065387878833
2026-11-03 10:00:00,0.25606959716762845,0.16255405709834603,0.09351554006928242,0.9852460665248312,0.0,1.0709196375269905
2026-11-03 11:00:00,0.24361944327561516,0.19612450721559369,0.047494936060021475,0.8938964550689611,0.0,0.9716265815966968
2026-11-03 12:00:00,0.24634378444809404,0.07036549040902274,0.1759782940390713,0.8204585321338502,0.0,0.8918027523194024
2026-11-03 13:00:00,0.24304063621062366,0.12558545529576068,0.11745518091486298,0.8150850255776223,0.0,0.8859619843235025
2026-11-03 14:00:00,0.26198086231849177,0.033670933097190416,0.22830992922130136,0.8294143763942293,0.0,0.9015373656459014
2026-11-03 15:00:00,0.3134435078451148,0.015008503276908263,0.29843500456820654,0.8849406108085818,0.0,0.9618919682701975
2026-11-03 16:00:00,0.4560089130129599,0.0,0.4560089130129599,0.9798725599686035,0.0,1.0650788695310907
2026-11-03 17:00:00,0.6843911062654408,0.0,0.6843911062654408,1.0139047681580449,0.0,1.102070400171788
2026-11-03 18:00:00,0.6705718084380479,0.0,0.6705718084380479,1.0533104829037145,0.0,1.1449026988083852
2026-11-03 19:00:00,0.6084256501802343,0.0,0.6084256501802343,1.1106278861701429,0.0,1.2072042240979812
2026-11-03 20:00:00,0.556728228195205,0.0,0.556728228195205,1.1303307435429772,0.0,1.2286203734162795
2026-11-03 21:00:00,0.4534961220038269,0.0,0.4534961220038269,1.1643629517324194,0.0,1.2656119040569775
2026-11-03 22:00:00,0.39614545479183466,0.0,0.39614545479183466,1.2789977582652754,0.0,1.3902149546361688
2026-11-03 23:00:00,0.3331415431635929,0.0,0.3331415431635929,1.273624251709048,0.0,1.3843741866402695
2026-11-04 00:00:00,0.27087450803985363,0.0,0.27087450803985363,1.2324273681113025,0.0,1.339594965338372
2026-11-04 01:00:00,0.23319164273429646,0.0,0.23319164273429646,1.255712563188289,0.0,1.3649049599872707
2026-11-04 02:00:00,0.2108273930763733,0.0,0.2108273930763733,1.2485478877799856,0.0,1.3571172693260711
2026-11-04 03:00:00,0.19766593562388596,0.0,0.19766593562388596,1.2449655500758336,0.0,1.3532234239954712
2026-11-04 04:00:00,0.19286114360888795,0.0,0.19286114360888795,1.2646684074486683,0.0,1.37463957331377
2026-11-04 05:00:00,0.20363298974360172,0.0,0.20363298974360172,1.2467567189279094,0.0,1.3551703466607712
2026-11-04 06:00:00,0.24490259691021515,0.0,0.24490259691021515,1.252130225484137,0.0,1.3610111146566708
2026-11-04 07:00:00,0.35238161866075035,0.006111192143792836,0.3462704265169575,1.1697364582886467,0.0,1.271452672052877
2026-11-04 08:00:00,0.35330677810250344,0.06609039635327528,0.28721638174922814,1.121374899282598,0.0,1.2188857600897804
2026-11-04 09:00:00,0.3145244107413155,0.10398161460806254,0.21054279613325294,1.0443546386433353,0.0,1.135168085481886
2026-11-04 10:00:00,0.2821205398548258,0.14833114802826317,0.13378939182656266,0.9977842484893621,0.0,1.0845480961840892
2026-11-04 11:00:00,0.2700144174875734,0.1328293646679994,0.13718505281957397,0.9153904812938718,0.0,0.9949896535802953
2026-11-04 12:00:00,0.2866928797407916,0.04492502685078201,0.2417678528900096,0.8079203501693191,0.0,0.8781742936623034
2026-11-04 13:00:00,0.28391507310841685,0.06864814493363701,0.21526692817477983,0.7685146354236497,0.0,0.8353419950257062
2026-11-04 14:00:00,0.3050054830433301,0.03662147878096483,0.26838400426236525,0.7792616485361048,0.0,0.8470235310175053
2026-11-04 15:00:00,0.3577652142950023,0.03136895937486487,0.3263962549201374,0.8168761944296982,0.0,0.8879089069888023
2026-11-04 16:00:00,0.49234820229440646,0.0,0.49234820229440646,0.9440491829270857,0.0,1.026140416225093
2026-11-04 17:00:00,0.6994795936910859,0.0,0.6994795936910859,1.0998808730576874,0.0,1.195522688106182
2026-11-04 18:00:00,0.6739981575299384,0.0,0.6739981575299384,1.1858569779573296,0.0,1.2889749760405755
2026-11-04 19:00:00,0.6140091572233358,0.0,0.6140091572233358,1.14645126321166,0.0,1.246142677403978
2026-11-04 20:00:00,0.5626673878200689,0.0,0.5626673878200689,1.1966039910697852,0.0,1.3006565120323752
2026-11-04 21:00:00,0.45415163774786677,0.0,0.45415163774786677,1.241383212371682,0.0,1.3493295786648718
2026-11-04 22:00:00,0.39719614043526924,0.0,0.39719614043526924,1.3094476287505654,0.0,1.4233126399462666
2026-11-04 23:00:00,0.3360448744924953,0.0,0.3360448744924953,1.3685562008690695,0.0,1.4875610879011623
2026-11-05 00:00:00,0.2738545481381934,0.0,0.2738545481381934,1.3613915254607658,0.0,1.479773397239963
2026-11-05 01:00:00,0.23470490770696043,0.0,0.23470490770696043,1.3793032139815247,0.0,1.4992426238929617
2026-11-05 02:00:00,0.21329603773567418,0.0,0.21329603773567418,1.363182694312842,0.0,1.4817203199052629
2026-11-05 03:00:00,0.1997138411024944,0.0,0.1997138411024944,1.3613915254607658,0.0,1.479773397239963
2026-11-05 04:00:00,0.19334464443269953,0.0,0.19334464443269953,1.3398974992358554,0.0,1.4564103252563645
2026-11-05 05:00:00,0.20442797715228014,0.0,0.20442797715228014,1.3972149025022835,0.0,1.5187118505459605
2026-11-05 06:00:00,0.24645073031842193,0.0,0.24645073031842193,1.4473676303604084,0.0,1.573225685174357
2026-11-05 07:00:00,0.3531580101564659,0.0013062787392561664,0.35185173141720977,1.3882590582419043,0.0,1.5089772372194612
2026-11-05 08:00:00,0.36388801356843986,0.006577067778073006,0.3573109457903669,1.3506445123483104,0.0,1.4680918612481635
2026-11-05 09:00:00,0.3238155364354447,0.06986307550930883,0.2539524609261359,1.2252626927029993,0.0,1.331807274677173
2026-11-05 10:00:00,0.2882642596157215,0.06848371823918517,0.21978054137653633,1.121374899282598,0.0,1.2188857600897804
2026-11-05 11:00:00,0.2750888547040439,0.1706109651264855,0.10447788957755838,1.017487105862197,0.0,1.1059642455023881
2026-11-05 12:00:00,0.2848960232276536,0.10080269851532725,0.18409332471232637,0.927928663258403,0.0,1.0086181122373945
2026-11-05 13:00:00,0.28746927327003685,0.08155564044810527,0.2059136328219316,0.8562819091753677,0.0,0.9307412056253997
2026-11-05 14:00:00,0.3142268746743885,0.07074001787971855,0.24348685679466991,0.8222497009859261,0.0,0.8937496749847023
2026-11-05 15:00:00,0.3725003767186085,0.007645841292009869,0.3648545354265986,0.8688200911398989,0.0,0.9443696642824988
2026-11-05 16:00:00,0.5006723251295443,0.0,0.5006723251295443,0.9906195730810589,0.0,1.07676040552289
2026-11-05 17:00:00,0.697640895706896,0.0,0.697640895706896,1.0748045091286254,0.0,1.168265770791984
2026-11-05 18:00:00,0.6730427779473589,0.0,0.6730427779473589,1.1751099648448742,0.0,1.2772934400487763
2026-11-05 19:00:00,0.6203272140157374,0.0,0.6203272140157374,1.227053861555075,0.0,1.3337541973424727
2026-11-05 20:00:00,0.5670514405474231,0.0,0.5670514405474231,1.2306361992592267,0.0,1.3376480426730724
2026-11-05 21:00:00,0.46494440504884693,0.0,0.46494440504884693,1.2037686664780882,0.0,1.308444202693574
2026-11-05 22:00:00,0.4104296581215865,0.0,0.4104296581215865,1.2073510041822402,0.0,1.312338048024174
2026-11-05 23:00:00,0.3515610759575838,0.0,0.3515610759575838,1.1966039910697852,0.0,1.3006565120323752
2026-11-06 00:00:00,0.28941026685540927,0.0,0.28941026685540927,1.2001863287739365,0.0,1.3045503573629744
2026-11-06 01:00:00,0.25071623366106066,0.0,0.25071623366106066,1.2091421730343161,0.0,1.314284970689474
2026-11-06 02:00:00,0.22474664641831157,0.0,0.22474664641831157,1.2378008746675302,0.0,1.345435733334272
2026-11-06 03:00:00,0.21149918115710106,0.0,0.21149918115710106,1.2754154205611237,0.0,1.3863211093055692
2026-11-06 04:00:00,0.20668741519445002,0.0,0.20668741519445002,1.2933271090818823,0.0,1.4057903359585677
2026-11-06 05:00:00,0.21425606643564343,0.0,0.21425606643564343,1.325568148419248,0.0,1.4408349439339654
2026-11-06 06:00:00,0.2559185182842505,0.0,0.2559185182842505,1.3685562008690695,0.0,1.4875610879011623
2026-11-06 07:00:00,0.36733528359751544,0.001799558822611642,0.3655357247749038,1.3291504861234003,0.0,1.4447287892645655
2026-11-06 08:00:00,0.396656834246309,0.06564279035171197,0.331014043894597,1.3201946418630206,0.0,1.434994175938066
2026-11-06 09:00:00,0.3789857985859816,0.10942596515768965,0.26955983342829193,1.2449655500758336,0.0,1.3532234239954712
2026-11-06 10:00:00,0.3513355799653407,0.1858478388123546,0.16548774115298612,1.1858569779573296,0.0,1.2889749760405755
2026-11-06 11:00:00,0.33866227274414373,0.046048609262869473,0.29261366348127427,1.1410777566554327,0.0,1.2403019094080787
2026-11-06 12:00:00,0.35528727166047797,0.2011029821309406,0.15418428952953736,1.137495418951281,0.0,1.2364080640774793
2026-11-06 13:00:00,0.347681428039146,0.1933475230426295,0.15433390499651647,1.148242432063736,0.0,1.2480896000692783
2026-11-06 14:00:00,0.36270018169737683,0.11753768208397966,0.24516249961339717,1.1786923025490263,0.0,1.2811872853793764
2026-11-06 15:00:00,0.404864729506483,0.029450647939593576,0.37541408156688943,1.2610860697445165,0.0,1.37074572798317
2026-11-06 16:00:00,0.515442352687054,0.0,0.515442352687054,1.4437852926562564,0.0,1.569331839843757
2026-11-06 17:00:00,0.6943307736496214,0.0,0.6943307736496214,1.4581146434728633,0.0,1.584907221166156
2026-11-06 18:00:00,0.6728382199227283,0.0,0.6728382199227283,1.4097530844668147,0.0,1.5323403092030594
2026-11-06 19:00:00,0.6105223713658472,0.0,0.6105223713658472,1.54229957952043,0.0,1.6764125864352497
2026-11-06 20:00:00,0.5595106846020895,0.0,0.5595106846020895,1.7697780237340663,0.0,1.923671764928333
2026-11-06 21:00:00,0.4596607615375875,0.0,0.4596607615375875,1.6443962040887545,0.0,1.7873871783573418
2026-11-06 22:00:00,0.40924880003428643,0.0,0.40924880003428643,1.6157375024555412,0.0,1.7562364157125447
2026-11-06 23:00:00,0.35811623401672354,0.0,0.35811623401672354,1.6264845155679966,0.0,1.767917951704344
2026-11-07 00:00:00,0.29984040693316116,0.0,0.29984040693316116,1.6211110090117686,0.0,1.7620771837084441
2026-11-07 01:00:00,0.2608186156146049,0.0,0.2608186156146049,1.6443962040887545,0.0,1.7873871783573418
2026-11-07 02:00:00,0.23402382230518948,0.0,0.23402382230518948,1.7142517893197142,0.0,1.8633171623040372
2026-11-07 03:00:00,0.2175894346077545,0.0,0.2175894346077545,1.7142517893197142,0.0,1.8633171623040372
2026-11-07 04:00:00,0.20917930505611812,0.0,0.20917930505611812,1.7518663352133077,0.0,1.9042025382753345
2026-11-07 05:00:00,0.21102032846675406,0.0,0.21102032846675406,1.7411193221008525,0.0,1.8925210022835353
2026-11-07 06:00:00,0.23034409998208777,0.0,0.23034409998208777,1.7106694516155627,0.0,1.8594233169734375
2026-11-07 07:00:00,0.28742279764475315,0.0,0.28742279764475315,1.7411193221008525,0.0,1.8925210022835353
2026-11-07 08:00:00,0.34411329735681645,0.02058074125555345,0.323532556101263,1.6694725680178173,0.0,1.8146440956715404
2026-11-07 09:00:00,0.35187487998542916,0.09438092261534764,0.2574939573700815,1.524387890999671,0.0,1.656943359782251
2026-11-07 10:00:00,0.34055909184226624,0.058974374410054625,0.2815847174322116,1.4061707467626632,0.0,1.52844646387246
2026-11-07 11:00:00,0.3417492469724802,0.10255658325614672,0.2391926637163335,1.3345239926796277,0.0,1.4505695572604649
2026-11-07 12:00:00,0.3591064713579971,0.07073088306336013,0.288375588294637,1.3542268500524623,0.0,1.4719857065787634
2026-11-07 13:00:00,0.35407852651372795,0.01828790234958633,0.3357906241641416,1.3363151615317035,0.0,1.4525164799257646
2026-11-07 14:00:00,0.3602733856255936,0.03934365405577838,0.3209297315698152,1.3381063303837797,0.0,1.4544634025910648
2026-11-07 15:00:00,0.39311659401831717,0.0124142154311128,0.38070237858720435,1.3846767205377521,0.0,1.505083391888861
2026-11-07 16:00:00,0.4804606036698325,0.0,0.4804606036698325,1.3864678893898283,0.0,1.507030314554161
2026-11-07 17:00:00,0.6267894173521402,0.0,0.6267894173521402,1.3972149025022835,0.0,1.5187118505459605
2026-11-07 18:00:00,0.6065079410448215,0.0,0.6065079410448215,1.4043795779105872,0.0,1.5264995412071598
2026-11-07 19:00:00,0.547169805344833,0.0,0.547169805344833,1.4276647729875733,0.0,1.551809535856058
2026-11-07 20:00:00,0.4951771676505325,0.0,0.4951771676505325,1.4670704877332428,0.0,1.5946418344926552
2026-11-07 21:00:00,0.4469037686110071,0.0,0.4469037686110071,1.5118497090351402,0.0,1.6433149011251522
2026-11-07 22:00:00,0.40277499743688966,0.0,0.40277499743688966,1.5673759434494923,0.0,1.703669503749448
2026-11-07 23:00:00,0.35020355324941915,0.0,0.35020355324941915,1.5888699696744026,0.0,1.7270325757330465
2026-11-08 00:00:00,0.29692777782043717,0.0,0.29692777782043717,1.6443962040887545,0.0,1.7873871783573418
2026-11-08 01:00:00,0.25565119795789293,0.0,0.25565119795789293,1.732163477840473,0.0,1.882786388957036
2026-11-08 02:00:00,0.22861697884371543,0.0,0.22861697884371543,1.7948543876631289,0.0,1.9509286822425311
2026-11-08 03:00:00,0.21539508388462933,0.0,0.21539508388462933,1.871874648302392,0.0,2.034646356850426
2026-11-08 04:00:00,0.20688035041558203,0.0,0.20688035041558203,1.9220273761605162,0.0,2.089160191478822
2026-11-08 05:00:00,0.20733130789997,0.0,0.20733130789997,1.972180104018641,0.0,2.1436740261072185
2026-11-08 06:00:00,0.2222384836908821,0.0,0.2222384836908821,1.9900917925393997,0.0,2.163143252760217
2026-11-08 07:00:00,0.26737145021829867,0.0,0.26737145021829867,1.9614330909061857,0.0,2.1319924901154192
2026-11-08 08:00:00,0.3201985901472857,0.06783514627773632,0.25236344386954934,1.9309832204208957,0.0,2.0988948048053215
2026-11-08 09:00:00,0.34855778369453866,0.15549284405327599,0.19306493964126267,1.8109749073318118,0.0,1.9684509862302302
2026-11-08 10:00:00,0.3560404242330092,0.22163804930470185,0.13440237492830734,1.6515608794970584,0.0,1.7951748690185416
2026-11-08 11:00:00,0.35831380748699465,0.2497367444232471,0.10857706306374756,1.5046850336268363,0.0,1.6355272104639524
2026-11-08 12:00:00,0.3664821862728743,0.24550732444929182,0.1209748618235825,1.3810943828336009,0.0,1.5011895465582616
2026-11-08 13:00:00,0.36811865294417956,0.19100901005487023,0.17710964288930933,1.3076564598984894,0.0,1.4213657172809668
2026-11-08 14:00:00,0.3772982017599947,0.10638407131033087,0.27091413044966384,1.2772065894131994,0.0,1.388268031970869
2026-11-08 15:00:00,0.40786105213767015,0.01969466406878528,0.38816638806888487,1.2951182779339583,0.0,1.4077372586238677
2026-11-08 16:00:00,0.5005351964544438,0.0,0.5005351964544438,1.4276647729875733,0.0,1.551809535856058
2026-11-08 17:00:00,0.6575475259253091,0.0,0.6575475259253091,1.540508410668354,0.0,1.67446566376995
2026-11-08 18:00:00,0.6382911637218514,0.0,0.6382911637218514,1.6067816581951613,0.0,1.7465018023860448
2026-11-08 19:00:00,0.5849363544074846,0.0,0.5849363544074846,1.5852876319702511,0.0,1.7231387304024468
2026-11-08 20:00:00,0.5342338270761644,0.0,0.5342338270761644,1.640813866384603,0.0,1.7834933330267424
2026-11-08 21:00:00,0.4749770499811416,0.0,0.4749770499811416,1.674846074574045,0.0,1.82048486366744
2026-11-08 22:00:00,0.40393028583956375,0.0,0.40393028583956375,1.6981312696510311,0.0,1.8457948583163382
2026-11-08 23:00:00,0.3307124157510379,0.0,0.3307124157510379,1.7160429581717904,0.0,1.8652640849693372
2026-11-09 00:00:00,0.26932637521535835,0.0,0.26932637521535835,1.7429104909529283,0.0,1.894467924948835
2026-11-09 01:00:00,0.23140175908985994,0.0,0.23140175908985994,1.7626133483257629,0.0,1.9158840742671335
2026-11-09 02:00:00,0.20988363624508366,0.0,0.20988363624508366,1.7518663352133077,0.0,1.9042025382753345
2026-11-09 03:00:00,0.2012015374551649,0.0,0.2012015374551649,1.7196252958759422,0.0,1.869157930299937
2026-11-09 04:00:00,0.19952555515361192,0.0,0.19952555515361192,1.703504776207259,0.0,1.8516356263122382
2026-11-09 05:00:00,0.21417238372822328,0.0,0.21417238372822328,1.6658902303136653,0.0,1.8107502503409405
2026-11-09 06:00:00,0.26129049438601853,0.0,0.26129049438601853,1.6443962040887545,0.0,1.7873871783573418
2026-11-09 07:00:00,0.37710061135963446,0.0,0.37710061135963446,1.5942434762306306,0.0,1.7328733437289463
2026-11-09 08:00:00,0.378118751276625,0.004320768137539628,0.37379798313908535,1.4831910074019259,0.0,1.612164138480354
2026-11-09 09:00:00,0.3420700255056219,0.08170179750984022,0.26036822799578163,1.316612304158869,0.0,1.4311003306074663
2026-11-09 10:00:00,0.3133505252431691,0.14410172805430788,0.1692487971888612,1.182274640253178,0.0,1.285081130709976
2026-11-09 11:00:00,0.3003657322671814,0.02099180799168301,0.2793739242754984,1.1697364582886467,0.0,1.271452672052877
2026-11-09 12:00:00,0.3119372142393109,0.012158440573076627,0.2997787736662343,1.2001863287739365,0.0,1.3045503573629744
2026-11-09 13:00:00,0.30917800595644307,0.00897952448034134,0.30019848147610173,1.227053861555075,0.0,1.3337541973424727
2026-11-09 14:00:00,0.31719529132026847,0.023924084042740563,0.2932712072775279,1.2843712648215033,0.0,1.3960557226320687
2026-11-09 15:00:00,0.3603733326741589,0.0037544095233166745,0.3566189231508422,1.332732823827552,0.0,1.4486226345951652
2026-11-09 16:00:00,0.510123840936732,0.0,0.510123840936732,1.3649738631649178,0.0,1.4836672425705628
2026-11-09 17:00:00,0.7321647313902394,0.0,0.7321647313902394,1.4187089287271941,0.0,1.5420749225295587
2026-11-09 18:00:00,0.7094866712255058,0.0,0.7094866712255058,1.4813998385498497,0.0,1.610217215815054
2026-11-09 19:00:00,0.6456598812377863,0.0,0.6456598812377863,1.5225967221475951,0.0,1.6549964371169512
2026-11-09 20:00:00,0.5896760364374313,0.0,0.5896760364374313,1.5978258139347823,0.0,1.736767189059546
2026-11-09 21:00:00,0.4734498395603503,0.0,0.4734498395603503,1.7214164647280177,0.0,1.8711048529652365
2026-11-09 22:00:00,0.4113524937535201,0.0,0.4113524937535201,1.809183738479736,0.0,1.9665040635649305
2026-11-09 23:00:00,0.34668654761907686,0.0,0.34668654761907686,1.8593364663378604,0.0,2.0210178981933264
2026-11-10 00:00:00,0.2858862878930759,0.0,0.2858862878930759,1.9041156876397576,0.0,2.0696909648258233
2026-11-10 01:00:00,0.24489794872664522,0.0,0.24489794872664522,2.0062123122080826,0.0,2.180665556747916
2026-11-10 02:00:00,0.22273593276120032,0.0,0.22273593276120032,2.101144261368104,0.0,2.2838524580088087
2026-11-10 03:00:00,0.20890501184735616,0.0,0.20890501184735616,2.156670495782457,0.0,2.344207060633105
2026-11-10 04:00:00,0.20152232176451962,0.0,0.20152232176451962,2.210405561344733,0.0,2.4026147405921012
2026-11-10 05:00:00,0.21271723158533679,0.0,0.21271723158533679,2.2372730941258716,0.0,2.4318185805715995
2026-11-10 06:00:00,0.2603002472310039,0.0,0.2603002472310039,2.2748876400194646,0.0,2.4727039565428965
2026-11-10 07:00:00,0.36915538670738707,0.0,0.36915538670738707,2.2301084187175677,0.0,2.4240308899103993
2026-11-10 08:00:00,0.3649619444374521,0.06187011119567843,0.3030918332417737,2.2157790679009604,0.0,2.4084555085880006
2026-11-10 09:00:00,0.31557044845792426,0.14755468863779622,0.16801575982012804,2.135176469557546,0.0,2.3208439886495063
2026-11-10 10:00:00,0.2749400852764349,0.21303305229505637,0.06190703298137851,1.9954652990956274,0.0,2.168984020756117
2026-11-10 11:00:00,0.2544679971874845,0.24440201166992123,0.010065985517563242,1.864709972894088,0.0,2.026858666189226
2026-11-10 12:00:00,0.25924489366230324,0.2327733904456338,0.02647150321666944,1.6838019188344246,0.0,1.83021947699394
2026-11-10 13:00:00,0.26295948415366255,0.18347278655916158,0.07948669759450097,1.5315525664079745,0.0,1.6647310504434505
2026-11-10 14:00:00,0.28892442249724853,0.09985267761405005,0.1890717448831985,1.445576461508332,0.0,1.5712787625090565
2026-11-10 15:00:00,0.35204223428547005,0.017082106590272945,0.3349601276951971,1.4599058123249393,0.0,1.5868541438314556
2026-11-10 16:00:00,0.5047983541642224,0.0,0.5047983541642224,1.554837761484961,0.0,1.6900410450923486
2026-11-10 17:00:00,0.7186383239730443,0.0,0.7186383239730443,1.6640990614615896,0.0,1.8088033276756408
2026-11-10 18:00:00,0.6983521992840368,0.0,0.6983521992840368,1.7411193221008525,0.0,1.8925210022835353
2026-11-10 19:00:00,0.6401251885020461,0.0,0.6401251885020461,1.735745815544625,0.0,1.8866802342876359
2026-11-10 20:00:00,0.5820632189174354,0.0,0.5820632189174354,1.8163484138880392,0.0,1.9742917542261296
2026-11-10 21:00:00,0.4754001163086956,0.0,0.4754001163086956,1.884412830266923,0.0,2.0482748155075248
2026-11-10 22:00:00,0.41221721739922357,0.0,0.41221721739922357,1.9488949089416545,0.0,2.11836403145832
2026-11-10 23:00:00,0.3484462128079334,0.0,0.3484462128079334,2.029497507285069,0.0,2.2059755513968144
2026-11-11 00:00:00,0.2833432575187801,0.0,0.2833432575187801,2.0742767285869665,0.0,2.2546486180293113
2026-11-11 01:00:00,0.24254320499043047,0.0,0.24254320499043047,2.092188417107725,0.0,2.2741178446823094
2026-11-11 02:00:00,0.22009759688556274,0.0,0.22009759688556274,2.088606079403573,0.0,2.27022399935171
2026-11-11 03:00:00,0.20561116047776282,0.0,0.20561116047776282,2.0706943908828146,0.0,2.250754772698712
2026-11-11 04:00:00,0.20036238400766812,0.0,0.20036238400766812,2.054573871214132,0.0,2.2332324687110128
2026-11-11 05:00:00,0.21197570801384985,0.0,0.21197570801384985,2.02054166302469,0.0,2.1962409380703147
2026-11-11 06:00:00,0.25696687903514787,0.0,0.25696687903514787,1.9757624417227928,0.0,2.1475678714378184
2026-11-11 07:00:00,0.3722563024014502,0.0,0.3722563024014502,1.886203999118999,0.0,2.0502217381728247
2026-11-11 08:00:00,0.38496215134513057,0.010422825464974028,0.37453932588015654,1.8163484138880392,0.0,1.9742917542261296
2026-11-11 09:00:00,0.34316255245070887,0.050679961156595885,0.29248259129411297,1.7017136073551828,0.0,1.8496887036469378
2026-11-11 10:00:00,0.30291806055550713,0.05460793219072282,0.2483101283647843,1.6067816581951613,0.0,1.7465018023860448
2026-11-11 11:00:00,0.28630236038742796,0.03217282321440712,0.25412953717302084,1.5136408778872157,0.0,1.6452618237904517
2026-11-11 12:00:00,0.30852248723888215,0.06781687664501944,0.2407056105938627,1.4581146434728633,0.0,1.584907221166156
2026-11-11 13:00:00,0.30386646518815663,0.02550440727274977,0.27836205791540686,1.465279318881167,0.0,1.5926949118273552
2026-11-11 14:00:00,0.3200451555645017,0.0,0.3200451555645017,1.5512554237808092,0.0,1.686147199761749
2026-11-11 15:00:00,0.3781071275653987,0.015291682584019738,0.36281544498137897,1.5637936057453405,0.0,1.6997756584188484
2026-11-11 16:00:00,0.5259561754512357,0.0,0.5259561754512357,1.5620024368932646,0.0,1.6978287357535484
2026-11-11 17:00:00,0.7325575749097613,0.0,0.7325575749097613,1.6067816581951613,0.0,1.7465018023860448
2026-11-11 18:00:00,0.7000212071389194,0.0,0.7000212071389194,1.6551432172012104,0.0,1.7990687143491417
2026-11-11 19:00:00,0.6440815285880545,0.0,0.6440815285880545,1.630066853272148,0.0,1.7718117970349436
2026-11-11 20:00:00,0.5897992358863852,0.0,0.5897992358863852,1.6443962040887545,0.0,1.7873871783573418
2026-11-11 21:00:00,0.4732847983913875,0.0,0.4732847983913875,1.658725554905362,0.0,1.8029625596797414
2026-11-11 22:00:00,0.41415819532451026,0.0,0.41415819532451026,1.6963401007989554,0.0,1.8438479356510384
2026-11-11 23:00:00,0.3529441672879732,0.0,0.3529441672879732,1.7536575040653837,0.0,1.9061494609406344
2026-11-12 00:00:00,0.2877249859724786,0.0,0.2877249859724786,1.7626133483257629,0.0,1.9158840742671335
2026-11-12 01:00:00,0.24520246059891607,0.0,0.24520246059891607,1.782316205698598,0.0,1.9373002235854324
2026-11-12 02:00:00,0.22137143585667038,0.0,0.22137143585667038,1.7984367253672806,0.0,1.954822527573131
2026-11-12 03:00:00,0.20833550248235205,0.0,0.20833550248235205,1.83784244011295,0.0,1.9976548262097282
2026-11-12 04:00:00,0.20131776339590585,0.0,0.20131776339590585,1.8790393237106955,0.0,2.0424340475116254
2026-11-12 05:00:00,0.21332625681256495,0.0,0.21332625681256495,1.9238185450125924,0.0,2.091107114144122
2026-11-12 06:00:00,0.25908916981705454,0.0,0.25908916981705454,1.9614330909061857,0.0,2.1319924901154192
2026-11-12 07:00:00,0.3720796385443433,0.0,0.3720796385443433,1.9094891941959853,0.0,2.075531732821723
2026-11-12 08:00:00,0.38903006861224626,0.0018086936389700766,0.3872213749732762,1.9417302335333508,0.0,2.1105763407971203
2026-11-12 09:00:00,0.35593116459534774,0.09185057848406122,0.2640805861112865,1.9112803630480613,0.0,2.077478655487023
2026-11-12 10:00:00,0.31992195610925994,0.07002750220376064,0.2498944539054993,1.8539629597816332,0.0,2.015177130197427
2026-11-12 11:00:00,0.3084667005108255,0.06437305087788955,0.24409364963293592,1.7876897122548252,0.0,1.9431409915813318
2026-11-12 12:00:00,0.32424557097952317,0.1690397767128347,0.15520579426668846,1.7124606204676387,0.0,1.8613702396387377
2026-11-12 13:00:00,0.32141430168548113,0.17215474909106096,0.14925955259442017,1.6802195811302723,0.0,1.8263256316633394
2026-11-12 14:00:00,0.3403382570130589,0.05659018734050316,0.2837480696725558,1.6676813991657418,0.0,1.812697173006241
2026-11-12 15:00:00,0.39599899378514025,0.012870956249034535,0.3831280375361057,1.6712637368698933,0.0,1.8165910183368406
2026-11-12 16:00:00,0.5264629229578931,0.0,0.5264629229578931,1.7142517893197142,0.0,1.8633171623040372
2026-11-12 17:00:00,0.7234686865874271,0.0,0.7234686865874271,1.7626133483257629,0.0,1.9158840742671335
2026-11-12 18:00:00,0.6956418038804464,0.0,0.6956418038804464,1.8020190630714328,0.0,1.9587163729037311
2026-11-12 19:00:00,0.6403669389778066,0.0,0.6403669389778066,1.8020190630714328,0.0,1.9587163729037311
2026-11-12 20:00:00,0.5874537916453656,0.0,0.5874537916453656,1.839633608965026,0.0,1.9996017488750282
2026-11-12 21:00:00,0.48171352573739934,0.0,0.48171352573739934,1.8342601024087983,0.0,1.9937609808791286
2026-11-12 22:00:00,0.42556928709917796,0.0,0.42556928709917796,1.8199307515921912,0.0,1.9781855995567295
2026-11-12 23:00:00,0.3683255470218606,0.0,0.3683255470218606,1.7948543876631289,0.0,1.9509286822425311
2026-11-13 00:00:00,0.30199291792596683,0.0,0.30199291792596683,1.7554486729174594,0.0,1.9080963836059341
2026-11-13 01:00:00,0.2588590428777156,0.0,0.2588590428777156,1.6820107499823485,0.0,1.8282725543286396
2026-11-13 02:00:00,0.23104378322964103,0.0,0.23104378322964103,1.5888699696744026,0.0,1.7270325757330465
2026-11-13 03:00:00,0.21881213544427036,0.0,0.21881213544427036,1.5906611385264786,0.0,1.7289794983983462
2026-11-13 04:00:00,0.21345643080222812,0.0,0.21345643080222812,1.5620024368932646,0.0,1.6978287357535484
2026-11-13 05:00:00,0.22107389732708332,0.0,0.22107389732708332,1.5852876319702511,0.0,1.7231387304024468
2026-11-13 06:00:00,0.26462618764777507,0.0,0.26462618764777507,1.5673759434494923,0.0,1.703669503749448
2026-11-13 07:00:00,0.38496215275777995,0.0,0.38496215275777995,1.6049904893430857,0.0,1.7445548797207453
2026-11-13 08:00:00,0.42140372124343667,0.001324548371973036,0.4200791728714636,1.5458819172245815,0.0,1.6803064317658494
2026-11-13 09:00:00,0.39853504870755935,0.1312490414379902,0.26728600726956914,1.4294559418396493,0.0,1.553756458521358
2026-11-13 10:00:00,0.36825579301979955,0.17499567697853413,0.19326011604126542,1.3112387976026412,0.0,1.4252595626115665
2026-11-13 11:00:00,0.35571033440359134,0.019009552841902675,0.33670078156168864,1.3864678893898283,0.0,1.507030314554161
2026-11-13 12:00:00,0.372528268637107,0.0763305254910806,0.29619774314602637,1.4402029549521045,0.0,1.5654379945131571
2026-11-13 13:00:00,0.3694017841307658,0.09251742007822696,0.27688436405253886,1.4563234746207874,0.0,1.5829602985008557
2026-11-13 14:00:00,0.3840718580586528,0.08063302399590337,0.3034388340627494,1.4760263319936224,0.0,1.6043764478191547
2026-11-13 15:00:00,0.43086918305595134,0.013081057025278536,0.41778812603067284,1.554837761484961,0.0,1.6900410450923486
2026-11-13 16:00:00,0.5486528322200016,0.0,0.5486528322200016,1.6605167237574379,0.0,1.8049094823450411
2026-11-13 17:00:00,0.7186243775280908,0.0,0.7186243775280908,1.7267899712842454,0.0,1.8769456209611364
2026-11-13 18:00:00,0.6880824510272883,0.0,0.6880824510272883,1.8127660761838877,0.0,1.97039790889553
2026-11-13 19:00:00,0.6266871144872811,0.0,0.6266871144872811,1.8306777647046466,0.0,1.9898671355485287
2026-11-13 20:00:00,0.5728418321139278,0.0,0.5728418321139278,1.9005333499356059,0.0,2.065797119495224
2026-11-13 21:00:00,0.47219924684564274,0.0,0.47219924684564274,1.9506860777937305,0.0,2.12031095412362
2026-11-13 22:00:00,0.42254972932546114,0.0,0.42254972932546114,1.972180104018641,0.0,2.1436740261072185
2026-11-13 23:00:00,0.3732116960890528,0.0,0.3732116960890528,1.991882961391476,0.0,2.165090175425517
2026-11-14 00:00:00,0.31061457791589747,0.0,0.31061457791589747,2.008003481060159,0.0,2.182612479413216
2026-11-14 01:00:00,0.26830823366109974,0.0,0.26830823366109974,2.029497507285069,0.0,2.2059755513968144
2026-11-14 02:00:00,0.2417970322361183,0.0,0.2417970322361183,2.0563650400662072,0.0,2.2351793913763123
2026-11-14 03:00:00,0.2262947788842952,0.0,0.2262947788842952,2.085023741699421,0.0,2.26633015402111
2026-11-14 04:00:00,0.21919568123180738,0.0,0.21919568123180738,2.1298029630013184,0.0,2.315003220653607
2026-11-14 05:00:00,0.22187353344975325,0.0,0.22187353344975325,2.1369676384096215,0.0,2.3227909113148058
2026-11-14 06:00:00,0.24215500891164174,0.0,0.24215500891164174,2.140549976113774,0.0,2.3266847566454065
2026-11-14 07:00:00,0.30092363610284173,0.0,0.30092363610284173,2.106517767924332,0.0,2.2896932260047085
2026-11-14 08:00:00,0.3786045930146499,0.030391534024512352,0.34821305899013755,2.0563650400662072,0.0,2.2351793913763123
2026-11-14 09:00:00,0.4064802868606977,0.07179965657729698,0.3346806302834007,1.945312571237503,0.0,2.1144701861277206
2026-11-14 10:00:00,0.40043651988235546,0.11279671239395206,0.2876398074884034,1.8414247778171018,0.0,2.001548671540328
2026-11-14 11:00:00,0.4002249864773155,0.2020255985831425,0.19819938789417302,1.775151530290294,0.0,1.9295125329242326
2026-11-14 12:00:00,0.4117337067151697,0.04529955432147783,0.36643415239369187,1.6909665942427279,0.0,1.838007167655139
2026-11-14 13:00:00,0.4048647381393987,0.08224988649134632,0.32261485164805237,1.6605167237574379,0.0,1.8049094823450411
2026-11-14 14:00:00,0.4078285088166916,0.07963732901283399,0.3281911798038576,1.6479785417929067,0.0,1.791281023687942
2026-11-14 15:00:00,0.4403602303744061,0.0061751358583018775,0.4341850945161042,1.6676813991657418,0.0,1.812697173006241
2026-11-14 16:00:00,0.5230249714824956,0.0,0.5230249714824956,1.7572398417695358,0.0,1.9100433062712345
2026-11-14 17:00:00,0.6583890033478066,0.0,0.6583890033478066,1.8217219204442672,0.0,1.9801325222220296
2026-11-14 18:00:00,0.6305435243882965,0.0,0.6305435243882965,1.8253042581484191,0.0,1.9840263675526293
2026-11-14 19:00:00,0.5700617228729981,0.0,0.5700617228729981,1.8414247778171018,0.0,2.001548671540328
2026-11-14 20:00:00,0.5186688128249424,0.0,0.5186688128249424,1.8450071155212535,0.0,2.005442516870928
2026-11-14 21:00:00,0.467210815018344,0.0,0.467210815018344,1.8450071155212535,0.0,2.005442516870928
2026-11-14 22:00:00,0.4184422921073402,0.0,0.4184422921073402,1.871874648302392,0.0,2.034646356850426
2026-11-14 23:00:00,0.3641065336380774,0.0,0.3641065336380774,1.9041156876397576,0.0,2.0696909648258233
2026-11-15 00:00:00,0.3072463418772059,0.0,0.3072463418772059,1.95964192205411,0.0,2.1300455674501193
2026-11-15 01:00:00,0.265711739846444,0.0,0.265711739846444,2.0223328318767657,0.0,2.1981878607356147
2026-11-15 02:00:00,0.23811498583681767,0.0,0.23811498583681767,2.0742767285869665,0.0,2.2546486180293113
2026-11-15 03:00:00,0.22166200199108507,0.0,0.22166200199108507,2.1280117941492427,0.0,2.3130562979883074
2026-11-15 04:00:00,0.21353313978697444,0.0,0.21353313978697444,2.1638351711907604,0.0,2.3519947512943045
2026-11-15 05:00:00,0.2143281272976182,0.0,0.2143281272976182,2.183538028563595,0.0,2.373410900612603
2026-11-15 06:00:00,0.23226648262461394,0.0,0.23226648262461394,2.1924938728239742,0.0,2.3831455139391022
2026-11-15 07:00:00,0.2788546016425034,0.0,0.2788546016425034,2.1656263400428357,0.0,2.353941673959604
2026-11-15 08:00:00,0.3455916969643103,0.028162638833054275,0.31742905813125605,2.1172647810367873,0.0,2.301374761996508
2026-11-15 09:00:00,0.3735603695665273,0.020845650929948056,0.3527147186365792,2.0993530925160284,0.0,2.281905535343509
2026-11-15 10:00:00,0.3730071286247557,0.04266872721024863,0.3303384014145071,2.079650235143194,0.0,2.2604893860252107
2026-11-15 11:00:00,0.37008984825585756,0.016561422057842168,0.3535284261980154,2.0402445203975246,0.0,2.2176570873886137
2026-11-15 12:00:00,0.38349770513644227,0.03642964763743771,0.34706805749900455,2.033079844989221,0.0,2.209869396727414
2026-11-15 13:00:00,0.3842880465152934,0.08147342710087936,0.30281461941441407,2.0062123122080826,0.0,2.180665556747916
2026-11-15 14:00:00,0.39662662483637523,0.013117596290712272,0.38350902854566293,1.991882961391476,0.0,2.165090175425517
2026-11-15 15:00:00,0.43110165025681135,0.006823707819750744,0.42427794243706063,2.0062123122080826,0.0,2.180665556747916
2026-11-15 16:00:00,0.5262304907968955,0.0,0.5262304907968955,2.0133769876163865,0.0,2.188453247409116
2026-11-15 17:00:00,0.674184146777048,0.0,0.674184146777048,2.015168156468462,0.0,2.190400170074415
2026-11-15 18:00:00,0.6529496151452547,0.0,0.6529496151452547,1.9954652990956274,0.0,2.168984020756117
2026-11-15 19:00:00,0.5997458997438125,0.0,0.5997458997438125,1.9023245187876818,0.0,2.0677440421605238
2026-11-15 20:00:00,0.5521303408274231,0.0,0.5521303408274231,1.9291920515688201,0.0,2.096947882140022
2026-11-15 21:00:00,0.48831517155632465,0.0,0.48831517155632465,1.9345655581250476,0.0,2.1027886501359214
2026-11-15 22:00:00,0.41840742450016527,0.0,0.41840742450016527,1.9632242597582616,0.0,2.133939412780719
2026-11-15 23:00:00,0.3420816654694192,0.0,0.3420816654694192,2.0133769876163865,0.0,2.188453247409116
2026-11-16 00:00:00,0.27819443576848707,0.0,0.27819443576848707,2.061738546622435,0.0,2.2410201593722117
2026-11-16 01:00:00,0.23929584420572225,0.0,0.23929584420572225,2.0957707548118765,0.0,2.2780116900129093
2026-11-16 02:00:00,0.21870055792603704,0.0,0.21870055792603704,2.1315941318533946,0.0,2.3169501433189073
2026-11-16 03:00:00,0.20812629602240543,0.0,0.20812629602240543,2.1477146515220773,0.0,2.334472447306606
2026-11-16 04:00:00,0.20516717641391846,0.0,0.20516717641391846,2.1333853007054704,0.0,2.3188970659842068
2026-11-16 05:00:00,0.22142025171643087,0.0,0.22142025171643087,2.1226382875930154,0.0,2.307215529992408
2026-11-16 06:00:00,0.27004232982394993,0.0,0.27004232982394993,2.085023741699421,0.0,2.26633015402111
2026-11-16 07:00:00,0.38812118223218856,0.0,0.38812118223218856,2.033079844989221,0.0,2.209869396727414
2026-11-16 08:00:00,0.41180808343699477,0.014469549111760613,0.39733853432523414,2.0062123122080826,0.0,2.180665556747916
2026-11-16 09:00:00,0.3727979135698881,0.04382884888776983,0.3289690646821183,1.938147895829199,0.0,2.106682495466521
2026-11-16 10:00:00,0.33288117993870237,0.09912189230537527,0.2337592876333271,1.805601400775584,0.0,1.9626102182343306
2026-11-16 11:00:00,0.31164432471412995,0.12127382197457948,0.19037050273955047,1.6569343860532861,0.0,1.8010156370144412
2026-11-16 12:00:00,0.32179087297949655,0.1251652537432727,0.19662561923622385,1.5763317877098715,0.0,1.7134041170759473
2026-11-16 13:00:00,0.32365746732113426,0.08983178406884713,0.23382568325228714,1.57274945000572,0.0,1.7095102717453476
2026-11-16 14:00:00,0.34199331613950223,0.049309738702830674,0.29268357743667156,1.5996169827868578,0.0,1.7387141117248455
2026-11-16 15:00:00,0.40317944730539546,0.006732359656166397,0.39644708764922904,1.676637243426121,0.0,1.8224317863327402
2026-11-16 16:00:00,0.5557100877040798,0.0,0.5557100877040798,1.7661956860299148,0.0,1.9197779195977334
2026-11-16 17:00:00,0.7563374597273327,0.0,0.7563374597273327,1.8073925696276598,0.0,1.96455714089963
2026-11-16 18:00:00,0.7276505048115895,0.0,0.7276505048115895,1.7858985434027494,0.0,1.941194068916032
2026-11-16 19:00:00,0.6667084490062771,0.0,0.6667084490062771,1.791272049958977,0.0,1.9470348369119315
2026-11-16 20:00:00,0.6138627124788942,0.0,0.6138627124788942,1.7715691925861425,0.0,1.925618687593633
2026-11-16 21:00:00,0.4908000908328813,0.0,0.4908000908328813,1.7805250368465217,0.0,1.9353533009201322
2026-11-16 22:00:00,0.4245348722678679,0.0,0.4245348722678679,1.8020190630714328,0.0,1.9587163729037311
2026-11-16 23:00:00,0.3549246622111191,0.0,0.3549246622111191,1.8181395827401157,0.0,1.97623867689143
2026-11-17 00:00:00,0.2893893457717679,0.0,0.2893893457717679,1.8450071155212535,0.0,2.005442516870928
2026-11-17 01:00:00,0.246118323950846,0.0,0.246118323950846,1.8736658171544676,0.0,2.0365932795157256
2026-11-17 02:00:00,0.2256276411057794,0.0,0.2256276411057794,1.89874218108353,0.0,2.063850196829924
2026-11-17 03:00:00,0.21224535360471516,0.0,0.21224535360471516,1.914862700752213,0.0,2.0813725008176225
2026-11-17 04:00:00,0.2067408793542623,0.0,0.2067408793542623,1.938147895829199,0.0,2.106682495466521
2026-11-17 05:00:00,0.2187331011914478,0.0,0.2187331011914478,1.986509454835248,0.0,2.159249407429617
2026-11-17 06:00:00,0.2677828919803991,0.0,0.2677828919803991,2.038453351545449,0.0,2.2157101647233137
2026-11-17 07:00:00,0.38235868587488536,0.0,0.38235868587488536,2.1029354302201804,0.0,2.285799380674109
2026-11-17 08:00:00,0.4076518358009661,0.040659067611392985,0.3669927681895731,2.178164522007367,0.0,2.367570132616703
2026-11-17 09:00:00,0.3760080836121555,0.12261663997926939,0.2533914436328861,2.090397248255649,0.0,2.27217092201701
2026-11-17 10:00:00,0.3398361564134468,0.1646733344935029,0.17516282191994387,1.9059068564918333,0.0,2.071637887491123
2026-11-17 11:00:00,0.32545664763334137,0.20977192285509513,0.11568472477824623,1.7267899712842454,0.0,1.8769456209611364
2026-11-17 12:00:00,0.3405381609306599,0.191739795363545,0.14879836556711493,1.6282756844200719,0.0,1.7698648743696432
2026-11-17 13:00:00,0.339159717323933,0.15279807322753775,0.18636164409639527,1.5745406188577957,0.0,1.7114571944106474
2026-11-17 14:00:00,0.3615797553135334,0.0712789720448662,0.2903007832686672,1.5817052942660992,0.0,1.719244885071847
2026-11-17 15:00:00,0.42882127382467633,0.008897311133115428,0.4199239626915609,1.6712637368698933,0.0,1.8165910183368406
2026-11-17 16:00:00,0.563118346001931,0.0,0.563118346001931,1.8342601024087983,0.0,1.9937609808791286
2026-11-17 17:00:00,0.7519905998959067,0.0,0.7519905998959067,1.970388935166565,0.0,2.1417271034419185
2026-11-17 18:00:00,0.7268810872871558,0.0,0.7268810872871558,2.018750494172614,0.0,2.1942940154050152
2026-11-17 19:00:00,0.6674058068371822,0.0,0.6674058068371822,2.008003481060159,0.0,2.182612479413216
2026-11-17 20:00:00,0.610685088307854,0.0,0.610685088307854,1.970388935166565,0.0,2.1417271034419185
2026-11-17 21:00:00,0.4985477319144675,0.0,0.4985477319144675,1.9238185450125924,0.0,2.091107114144122
2026-11-17 22:00:00,0.433298331044369,0.0,0.433298331044369,1.9041156876397576,0.0,2.0696909648258233
2026-11-17 23:00:00,0.3676956003990631,0.0,0.3676956003990631,1.8611276351899366,0.0,2.022964820858627
2026-11-18 00:00:00,0.3027855805935273,0.0,0.3027855805935273,1.8127660761838877,0.0,1.97039790889553
2026-11-18 01:00:00,0.2582081759421127,0.0,0.2582081759421127,1.764404517177839,0.0,1.9178309969324336
2026-11-18 02:00:00,0.23341014913235328,0.0,0.23341014913235328,1.7518663352133077,0.0,1.9042025382753345
2026-11-18 03:00:00,0.21951181745014342,0.0,0.21951181745014342,1.7339546466925486,0.0,1.8847333116223355
2026-11-18 04:00:00,0.21413054306043428,0.0,0.21413054306043428,1.7142517893197142,0.0,1.8633171623040372
2026-11-18 05:00:00,0.22623434158864725,0.0,0.22623434158864725,1.658725554905362,0.0,1.8029625596797414
2026-11-18 06:00:00,0.27324319968066135,0.0,0.27324319968066135,1.631858022124224,0.0,1.7737587197002433
2026-11-18 07:00:00,0.39501804486974096,0.0,0.39501804486974096,1.7196252958759422,0.0,1.869157930299937
2026-11-18 08:00:00,0.4257366341397141,0.021037482073475187,0.4046991520662389,1.6784284122781967,0.0,1.8243787089980399
2026-11-18 09:00:00,0.39349547972452587,0.07587378467315888,0.317621695051367,1.5763317877098715,0.0,1.7134041170759473
2026-11-18 10:00:00,0.3455730832834991,0.05814310612143706,0.28742997716206203,1.4939380205143813,0.0,1.6238456744721534
2026-11-18 11:00:00,0.3237690433231493,0.05808829722328646,0.26568074609986286,1.3972149025022835,0.0,1.5187118505459605
2026-11-18 12:00:00,0.33858091059181294,0.06416295010164555,0.2744179604901674,1.3237769795671726,0.0,1.4388880212686659
2026-11-18 13:00:00,0.337751055224782,0.031213667496771475,0.30653738772801054,1.3130299664547174,0.0,1.4272064852768667
2026-11-18 14:00:00,0.36039657415550763,0.04711738277680634,0.3132791913787013,1.325568148419248,0.0,1.4408349439339654
2026-11-18 15:00:00,0.423460921824782,0.0027313100911719847,0.42072961173361,1.3757208762773732,0.0,1.495348778562362
2026-11-18 16:00:00,0.5678580507176194,0.0,0.5678580507176194,1.3793032139815247,0.0,1.4992426238929617
2026-11-18 17:00:00,0.7647499118197149,0.0,0.7647499118197149,1.3936325647981318,0.0,1.5148180052153606
2026-11-18 18:00:00,0.7321345102790751,0.0,0.7321345102790751,1.4043795779105872,0.0,1.5264995412071598
2026-11-18 19:00:00,0.6716527116205722,0.0,0.6716527116205722,1.4545323057687118,0.0,1.5810133758355562
2026-11-18 20:00:00,0.6178911125804478,0.0,0.6178911125804478,1.5136408778872157,0.0,1.6452618237904517
2026-11-18 21:00:00,0.5011047078242927,0.0,0.5011047078242927,1.5602112680411884,0.0,1.6958818130882483
2026-11-18 22:00:00,0.43716866330977594,0.0,0.43716866330977594,1.6264845155679966,0.0,1.767917951704344
2026-11-18 23:00:00,0.3718425516892683,0.0,0.3718425516892683,1.6640990614615896,0.0,1.8088033276756408
2026-11-19 00:00:00,0.3045312983199627,0.0,0.3045312983199627,1.640813866384603,0.0,1.7834933330267424
2026-11-19 01:00:00,0.2562207070750681,0.0,0.2562207070750681,1.6336491909762998,0.0,1.775705642365543
2026-11-19 02:00:00,0.23302427763748632,0.0,0.23302427763748632,1.6264845155679966,0.0,1.767917951704344
2026-11-19 03:00:00,0.21956528080649526,0.0,0.21956528080649526,1.613946333603465,0.0,1.7542894930472446
2026-11-19 04:00:00,0.21599481136894785,0.0,0.21599481136894785,1.6282756844200719,0.0,1.7698648743696432
2026-11-19 05:00:00,0.22757094321991175,0.0,0.22757094321991175,1.6229021778638446,0.0,1.764024106373744
2026-11-19 06:00:00,0.27623486276003545,0.0,0.27623486276003545,1.630066853272148,0.0,1.7718117970349436
2026-11-19 07:00:00,0.3943137138280805,0.0,0.3943137138280805,1.7232076335800937,0.0,1.8730517756305365
2026-11-19 08:00:00,0.42148972710351057,0.014341661682742526,0.40714806542076803,1.7106694516155627,0.0,1.8594233169734375
2026-11-19 09:00:00,0.38654747471216894,0.010349746934106549,0.3761977277780624,1.6211110090117686,0.0,1.7620771837084441
2026-11-19 10:00:00,0.3416027935799791,0.13733282913270775,0.20426996444727133,1.5458819172245815,0.0,1.6803064317658494
2026-11-19 11:00:00,0.3243153060745671,0.1844319422767972,0.1398833637977699,1.4760263319936224,0.0,1.6043764478191547
2026-11-19 12:00:00,0.3373582113389267,0.16795273356618098,0.1694054777727457,1.4491587992124841,0.0,1.5751726078396566
2026-11-19 13:00:00,0.33209316516279797,0.09796177062785404,0.23413139453494392,1.4867733451060774,0.0,1.6160579838109537
2026-11-19 14:00:00,0.35263498910175145,0.061477314092265735,0.2911576750094857,1.569167112301568,0.0,1.7056164264147478
2026-11-19 15:00:00,0.4118266785416268,0.005024148997139101,0.4068025295444877,1.6640990614615896,0.0,1.8088033276756408
2026-11-19 16:00:00,0.5509680578847175,0.0,0.5509680578847175,1.7894808811069014,0.0,1.9450879142466317
2026-11-19 17:00:00,0.7391987416427079,0.0,0.7391987416427079,1.9345655581250476,0.0,2.1027886501359214
2026-11-19 18:00:00,0.7129153435660646,0.0,0.7129153435660646,2.08144140399527,0.0,2.2624363086905106
2026-11-19 19:00:00,0.6571778991103088,0.0,0.6571778991103088,2.170999846599064,0.0,2.359782441955504
2026-11-19 20:00:00,0.6043809781647312,0.0,0.6043809781647312,2.2157790679009604,0.0,2.4084555085880006
2026-11-19 21:00:00,0.49626969741200216,0.0,0.49626969741200216,2.2157790679009604,0.0,2.4084555085880006
2026-11-19 22:00:00,0.4373360294944293,0.0,0.4373360294944293,2.197867379380202,0.0,2.388986281935002
2026-11-19 23:00:00,0.37502017726558873,0.0,0.37502017726558873,2.1799556908594435,0.0,2.369517055282004
2026-11-20 00:00:00,0.3081319869922941,0.0,0.3081319869922941,2.1656263400428357,0.0,2.353941673959604
2026-11-20 01:00:00,0.26507482124513404,0.0,0.26507482124513404,2.170999846599064,0.0,2.359782441955504
2026-11-20 02:00:00,0.23727583320591522,0.0,0.23727583320591522,2.2175702367530365,0.0,2.4104024312533006
2026-11-20 03:00:00,0.22578803364943148,0.0,0.22578803364943148,2.28563465313192,0.0,2.4843854925346958
2026-11-20 04:00:00,0.22188050765841574,0.0,0.22188050765841574,2.369819589179486,0.0,2.5758908578037896
2026-11-20 05:00:00,0.23094382847239103,0.0,0.23094382847239103,2.446839849818749,0.0,2.659608532411683
2026-11-20 06:00:00,0.27473786901458674,0.0,0.27473786901458674,2.5417717989787714,0.0,2.7627954336725775
2026-11-20 07:00:00,0.40200091613265704,0.0,0.40200091613265704,2.690438813701069,0.0,2.924390014892466
2026-11-20 08:00:00,0.4398186034878979,0.03210887949989808,0.4077097239879998,2.6993946579614483,0.0,2.9341246282189655
2026-11-20 09:00:00,0.40711951655582457,0.10629272314674654,0.30082679340907803,2.5775951760202886,0.0,2.801733886978574
2026-11-20 10:00:00,0.36590337171434517,0.16878400185479853,0.19711936985954664,2.419972317037611,0.0,2.6304046924321858
2026-11-20 11:00:00,0.3488506594116429,0.19905678326665122,0.14979387614499168,2.301755172800603,0.0,2.5019077965223944
2026-11-20 12:00:00,0.3595969369449129,0.19022341584804484,0.16937352109686807,2.205032054788506,0.0,2.396773972596202
2026-11-20 13:00:00,0.3651200095092726,0.14028337481648215,0.22483663469279044,2.174582184303216,0.0,2.3636762872861037
2026-11-20 14:00:00,0.3881513975049926,0.07262179004955611,0.3155296074554365,2.1853291974156708,0.0,2.3753578232779033
2026-11-20 15:00:00,0.4491166978648276,0.005782338754889185,0.4433343591099384,2.2480201072383266,0.0,2.4435001165633983
2026-11-20 16:00:00,0.5704405977182339,0.0,0.5704405977182339,2.3501167318066516,0.0,2.5544747084854906
2026-11-20 17:00:00,0.7332944496576901,0.0,0.7332944496576901,2.403851797368928,0.0,2.612882388444487
2026-11-20 18:00:00,0.7039682506742089,0.0,0.7039682506742089,2.419972317037611,0.0,2.6304046924321858
2026-11-20 19:00:00,0.6467710046011764,0.0,0.6467710046011764,2.5220689416059363,0.0,2.7413792843542786
2026-11-20 20:00:00,0.593179095572692,0.0,0.593179095572692,2.5435629678308467,0.0,2.7647423563378766
2026-11-20 21:00:00,0.48525145193159575,0.0,0.48525145193159575,2.531024785866316,0.0,2.751113897680778
2026-11-20 22:00:00,0.43448151359207704,0.0,0.43448151359207704,2.5023660842331017,0.0,2.71996313503598
2026-11-20 23:00:00,0.38744708416166573,0.0,0.38744708416166573,2.4683338760436593,0.0,2.682971604395282
2026-11-21 00:00:00,0.3217397525531413,0.0,0.3217397525531413,2.454004525227053,0.0,2.6673962230728834
2026-11-21 01:00:00,0.2746007218073225,0.0,0.2746007218073225,2.4611692006353567,0.0,2.675183913734083
2026-11-21 02:00:00,0.24818482604867775,0.0,0.24818482604867775,2.4737073825998874,0.0,2.688812372391182
2026-11-21 03:00:00,0.23301033037899557,0.0,0.23301033037899557,2.4557956940791286,0.0,2.6693431457381833
2026-11-21 04:00:00,0.2258414969928123,0.0,0.2258414969928123,2.457586862931204,0.0,2.671290068403483
2026-11-21 05:00:00,0.22916556690199402,0.0,0.22916556690199402,2.434301667854218,0.0,2.645980073754585
2026-11-21 06:00:00,0.2515856051584265,0.0,0.2515856051584265,2.4163899793334593,0.0,2.6265108471015863
2026-11-21 07:00:00,0.31260204702376354,0.0,0.31260204702376354,2.5758040071682125,0.0,2.7997869643132747
2026-11-21 08:00:00,0.4006922245396491,0.02113796505341797,0.3795542594862311,2.55968348749953,0.0,2.7822646603255756
2026-11-21 09:00:00,0.433089117957224,0.03976385560826638,0.3933252623489576,2.4557956940791286,0.0,2.6693431457381833
2026-11-21 10:00:00,0.42759161343392244,0.05324684455331605,0.3743447688806064,2.357281407214955,0.0,2.5622623991466904
2026-11-21 11:00:00,0.4284842290871075,0.07548098756974618,0.3530032415173613,2.2533936137945547,0.0,2.4493408845592985
2026-11-21 12:00:00,0.4377730288534836,0.1050229836729241,0.3327500451805595,2.178164522007367,0.0,2.367570132616703
2026-11-21 13:00:00,0.4333703810965564,0.09456361894251633,0.33880676215404004,2.11189127448056,0.0,2.2955339940006088
2026-11-21 14:00:00,0.4393723056368204,0.04766547175831242,0.39170683387850797,2.076067897439042,0.0,2.2565955406946108
2026-11-21 15:00:00,0.470409359092759,0.0033798820526208507,0.46702947704013814,2.085023741699421,0.0,2.26633015402111
2026-11-21 16:00:00,0.5569397835670692,0.0,0.5569397835670692,2.110100105628484,0.0,2.2935870713353084
2026-11-21 17:00:00,0.6803139176325156,0.0,0.6803139176325156,2.1298029630013184,0.0,2.315003220653607
2026-11-21 18:00:00,0.6512271431807813,0.0,0.6512271431807813,2.1871203662677465,0.0,2.377304745943203
2026-11-21 19:00:00,0.5894947480294734,0.0,0.5894947480294734,2.1512969892262293,0.0,2.3383662926372057
2026-11-21 20:00:00,0.5395825600413592,0.0,0.5395825600413592,2.169208677746988,0.0,2.3578355192902043
2026-11-21 21:00:00,0.48712269226540367,0.0,0.48712269226540367,2.2157790679009604,0.0,2.4084555085880006
2026-11-21 22:00:00,0.43542759248983975,0.0,0.43542759248983975,2.2408554318300227,0.0,2.4357124259021985
2026-11-21 23:00:00,0.379262433084531,0.0,0.379262433084531,2.271305302315313,0.0,2.4688101112122967
2026-11-22 00:00:00,0.321528220072972,0.0,0.321528220072972,2.28563465313192,0.0,2.4843854925346958
2026-11-22 01:00:00,0.2786849110898648,0.0,0.2786849110898648,2.267722964611161,0.0,2.4649162658816968
2026-11-22 02:00:00,0.24983291399786056,0.0,0.24983291399786056,2.2533936137945547,0.0,2.4493408845592985
2026-11-22 03:00:00,0.23011629762639166,0.0,0.23011629762639166,2.210405561344733,0.0,2.4026147405921012
2026-11-22 04:00:00,0.21984654836895814,0.0,0.21984654836895814,2.167417508894912,0.0,2.3558885966249044
2026-11-22 05:00:00,0.22045324934771682,0.0,0.22045324934771682,2.1280117941492427,0.0,2.3130562979883074
2026-11-22 06:00:00,0.23991881715254576,0.0,0.23991881715254576,2.1136824433326353,0.0,2.2974809166659083
2026-11-22 07:00:00,0.2848634973675475,0.0,0.2848634973675475,2.018750494172614,0.0,2.1942940154050152
2026-11-22 08:00:00,0.3628303712003314,0.0033068035217533724,0.359523567678578,1.9417302335333508,0.0,2.1105763407971203
2026-11-22 09:00:00,0.40355370988191036,0.08614131826003951,0.31741239162187085,1.8127660761838877,0.0,1.97039790889553
2026-11-22 10:00:00,0.4078773215639937,0.1528163428602546,0.2550609787037391,1.6479785417929067,0.0,1.791281023687942
2026-11-22 11:00:00,0.4060362960331463,0.18359153917182122,0.22244475686132506,1.5154320467392917,0.0,1.6472087464557517
2026-11-22 12:00:00,0.42057387155123444,0.17802843600953444,0.2425454355417,1.4169177598751181,0.0,1.5401279998642587
2026-11-22 13:00:00,0.42833081237117276,0.13075576135463474,0.29757505101653803,1.3578091877566143,0.0,1.4758795519093633
2026-11-22 14:00:00,0.4416991557610495,0.058353206897681066,0.3833459488633684,1.3596003566086903,0.0,1.4778264745746634
2026-11-22 15:00:00,0.4714646943121189,0.004430385933840843,0.4670343083782781,1.445576461508332,0.0,1.5712787625090565
2026-11-22 16:00:00,0.5541224599400659,0.0,0.5541224599400659,1.5924523073785544,0.0,1.730926421063646
2026-11-22 17:00:00,0.6832311960034836,0.0,0.6832311960034836,1.6838019188344246,0.0,1.83021947699394
2026-11-22 18:00:00,0.6606623875574509,0.0,0.6606623875574509,1.7393281532487765,0.0,1.8905740796182353
2026-11-22 19:00:00,0.6097157853424151,0.0,0.6097157853424151,1.8127660761838877,0.0,1.97039790889553
2026-11-22 20:00:00,0.5630765268734971,0.0,0.5630765268734971,1.8826216614148472,0.0,2.0463278928422253
2026-11-22 21:00:00,0.4986290864464936,0.0,0.4986290864464936,1.945312571237503,0.0,2.1144701861277206
2026-11-22 22:00:00,0.4269779456343553,0.0,0.4269779456343553,1.988300623687324,0.0,2.161196330094917
2026-11-22 23:00:00,0.3448524978276732,0.0,0.3448524978276732,2.0223328318767657,0.0,2.1981878607356147
2026-11-23 00:00:00,0.28070027299660855,0.0,0.28070027299660855,2.029497507285069,0.0,2.2059755513968144
2026-11-23 01:00:00,0.24306622263723862,0.0,0.24306622263723862,2.0312886761371445,0.0,2.2079224740621135
2026-11-23 02:00:00,0.22188283191746155,0.0,0.22188283191746155,2.0312886761371445,0.0,2.2079224740621135
2026-11-23 03:00:00,0.21005332667004753,0.0,0.21005332667004753,2.0581562089182834,0.0,2.2371263140416127
2026-11-23 04:00:00,0.2067339058439688,0.0,0.2067339058439688,2.054573871214132,0.0,2.2332324687110128
2026-11-23 05:00:00,0.22211063522455113,0.0,0.22211063522455113,2.02054166302469,0.0,2.1962409380703147
2026-11-23 06:00:00,0.2716183574166612,0.0,0.2716183574166612,1.9775536105748688,0.0,2.1495147941031183
2026-11-23 07:00:00,0.39089666387828964,0.0,0.39089666387828964,1.95964192205411,0.0,2.1300455674501193
2026-11-23 08:00:00,0.4315037795663473,0.004951070466271625,0.42655270910007564,1.9363567269771236,0.0,2.1047355728012214
2026-11-23 09:00:00,0.4226566378131642,0.0124142154311128,0.4102424223820514,1.9076980253439098,0.0,2.0735848101564236
2026-11-23 10:00:00,0.3917939266263754,0.04701689979686356,0.34477702682951183,1.8342601024087983,0.0,1.9937609808791286
2026-11-23 11:00:00,0.37303733912136955,0.08528264552234664,0.2877546935990229,1.7339546466925486,0.0,1.8847333116223355
2026-11-23 12:00:00,0.3783349289910868,0.06400765822355216,0.31432727076753464,1.6658902303136653,0.0,1.8107502503409405
2026-11-23 13:00:00,0.3755478243171706,0.08056908028139433,0.2949787440357763,1.6031993204910098,0.0,1.7426079570554454
2026-11-23 14:00:00,0.3980585195807955,0.0481861562907432,0.34987236329005234,1.596034645082706,0.0,1.7348202663942458
2026-11-23 15:00:00,0.458019625702778,0.0,0.458019625702778,1.6229021778638446,0.0,1.764024106373744
2026-11-23 16:00:00,0.5923678362316305,0.0,0.5923678362316305,1.640813866384603,0.0,1.7834933330267424
2026-11-23 17:00:00,0.7757472381339461,0.0,0.7757472381339461,1.6640990614615896,0.0,1.8088033276756408
2026-11-23 18:00:00,0.7465442386522435,0.0,0.7465442386522435,1.6909665942427279,0.0,1.838007167655139
2026-11-23 19:00:00,0.685344161691823,0.0,0.685344161691823,1.6426050352366792,0.0,1.7854402556920426
2026-11-23 20:00:00,0.6323821984171818,0.0,0.6323821984171818,1.6640990614615896,0.0,1.8088033276756408
2026-11-23 21:00:00,0.5085989753516517,0.0,0.5085989753516517,1.717834127023866,0.0,1.8672110076346369
2026-11-23 22:00:00,0.44004642439842095,0.0,0.44004642439842095,1.7608221794736874,0.0,1.913937151601834
2026-11-23 23:00:00,0.3724841204447643,0.0,0.3724841204447643,1.8163484138880392,0.0,1.9742917542261296
2026-11-24 00:00:00,0.300588904897157,0.0,0.300588904897157,1.864709972894088,0.0,2.026858666189226
2026-11-24 01:00:00,0.257954802526032,0.0,0.257954802526032,1.89874218108353,0.0,2.063850196829924
2026-11-24 02:00:00,0.23320791482263226,0.0,0.23320791482263226,1.9327743892729716,0.0,2.100841727470621
2026-11-24 03:00:00,0.22109249348981638,0.0,0.22109249348981638,1.973971272870717,0.0,2.1456209487725184
2026-11-24 04:00:00,0.21717102104101593,0.0,0.21717102104101593,2.018750494172614,0.0,2.1942940154050152
2026-11-24 05:00:00,0.23229205277105328,0.0,0.23229205277105328,2.067112053178662,0.0,2.246860927368111
2026-11-24 06:00:00,0.28340137222797124,0.0,0.28340137222797124,2.1262206252971665,0.0,2.311109375323007
2026-11-24 07:00:00,0.4030330058685681,0.0,0.4030330058685681,2.1369676384096215,0.0,2.3227909113148058
2026-11-24 08:00:00,0.43348892398445554,0.015821501932808953,0.4176674220516466,2.1459234826700015,0.0,2.332525524641306
2026-11-24 09:00:00,0.4050134988986665,0.023677444001062826,0.3813360548976037,2.0563650400662072,0.0,2.2351793913763123
2026-11-24 10:00:00,0.3646876474436188,0.14805710353751012,0.2166305439061087,1.9274008827167441,0.0,2.0950009594747216
2026-11-24 11:00:00,0.34893434573285165,0.16239876522025265,0.186535580512599,1.7285811401363216,0.0,1.8788925436264363
2026-11-24 12:00:00,0.36051280087492926,0.1620973162804243,0.19841548459450498,1.5745406188577957,0.0,1.7114571944106474
2026-11-24 13:00:00,0.35779775581543816,0.10072961998445977,0.2570681358309784,1.438411786100029,0.0,1.5634910718478576
2026-11-24 14:00:00,0.3792856594746409,0.04159995369631176,0.3376857057783291,1.3542268500524623,0.0,1.4719857065787634
2026-11-24 15:00:00,0.4447535646018273,0.00012788742901808625,0.4446256771728092,1.3613915254607658,0.0,1.479773397239963
2026-11-24 16:00:00,0.583946084909503,0.0,0.583946084909503,1.3972149025022835,0.0,1.5187118505459605
2026-11-24 17:00:00,0.7693129552373664,0.0,0.7693129552373664,1.3972149025022835,0.0,1.5187118505459605
2026-11-24 18:00:00,0.7525531343066104,0.0,0.7525531343066104,1.4025884090585112,0.0,1.52455261854186
2026-11-24 19:00:00,0.6935264873228696,0.0,0.6935264873228696,1.4258736041354976,0.0,1.5498626131907582
2026-11-24 20:00:00,0.642647298356654,0.0,0.642647298356654,1.465279318881167,0.0,1.5926949118273552
2026-11-24 21:00:00,0.523973380134621,0.0,0.523973380134621,1.495729189366457,0.0,1.6257925971374532
2026-11-24 22:00:00,0.45650405881429057,0.0,0.45650405881429057,1.5208055532955194,0.0,1.6530495144516515
2026-11-24 23:00:00,0.3857594800253949,0.0,0.3857594800253949,1.5369260729642023,0.0,1.67057181843935
2026-11-25 00:00:00,0.31582616306179245,0.0,0.31582616306179245,1.5602112680411884,0.0,1.6958818130882483
2026-11-25 01:00:00,0.26898467173125135,0.0,0.26898467173125135,1.5512554237808092,0.0,1.686147199761749
2026-11-25 02:00:00,0.24530009217553708,0.0,0.24530009217553708,1.538717241816278,0.0,1.6725187411046498
2026-11-25 03:00:00,0.23252450576900457,0.0,0.23252450576900457,1.5440907483725057,0.0,1.6783595091005497
2026-11-25 04:00:00,0.22718739759512638,0.0,0.22718739759512638,1.5494642549287334,0.0,1.6842002770964493
2026-11-25 05:00:00,0.23905641909366906,0.0,0.23905641909366906,1.5602112680411884,0.0,1.6958818130882483
2026-11-25 06:00:00,0.2872810033241775,0.0,0.2872810033241775,1.5781229565619477,0.0,1.7153510397412473
2026-11-25 07:00:00,0.4149903584943657,0.0,0.4149903584943657,1.658725554905362,0.0,1.8029625596797414
2026-11-25 08:00:00,0.4613878642573734,0.012469024329263409,0.44891883992811,1.6551432172012104,0.0,1.7990687143491417
2026-11-25 09:00:00,0.44643652185615784,0.030665578515265395,0.41577094334089243,1.554837761484961,0.0,1.6900410450923486
2026-11-25 10:00:00,0.40065733733035397,0.018315306798661637,0.38234203053169236,1.4169177598751181,0.0,1.5401279998642587
2026-11-25 11:00:00,0.37727494593566174,0.06096576437619339,0.31630918155946836,1.3237769795671726,0.0,1.4388880212686659
2026-11-25 12:00:00,0.38541310433775616,0.044650982360028964,0.3407621219777272,1.2252626927029993,0.0,1.331807274677173
2026-11-25 13:00:00,0.3937558230287899,0.11082359206053015,0.28293223096825976,1.1697364582886467,0.0,1.271452672052877
2026-11-25 14:00:00,0.42218940757098894,0.055612761990150646,0.3665766455808383,1.1303307435429772,0.0,1.2286203734162795
2026-11-25 15:00:00,0.48117886355029216,0.00011875261265965152,0.4810601109376325,1.2091421730343161,0.0,1.314284970689474
2026-11-25 16:00:00,0.6126074697748796,0.0,0.6126074697748796,1.3219858107150966,0.0,1.4369410986033657
2026-11-25 17:00:00,0.7893550031100592,0.0,0.7893550031100592,1.4133354221709664,0.0,1.536234154533659
2026-11-25 18:00:00,0.7584783458317264,0.0,0.7584783458317264,1.4867733451060774,0.0,1.6160579838109537
2026-11-25 19:00:00,0.6982057535889459,0.0,0.6982057535889459,1.5440907483725057,0.0,1.6783595091005497
2026-11-25 20:00:00,0.6475264744971017,0.0,0.6475264744971017,1.5440907483725057,0.0,1.6783595091005497
2026-11-25 21:00:00,0.5300706084057984,0.0,0.5300706084057984,1.5136408778872157,0.0,1.6452618237904517
2026-11-25 22:00:00,0.46110196796571234,0.0,0.46110196796571234,1.5333437352600505,0.0,1.6666779731087504
2026-11-25 23:00:00,0.39113842978471536,0.0,0.39113842978471536,1.5440907483725057,0.0,1.6783595091005497
2026-11-26 00:00:00,0.32147475764780203,0.0,0.32147475764780203,1.5476730860766574,0.0,1.6822533544311495
2026-11-26 01:00:00,0.2727620234782895,0.0,0.2727620234782895,1.538717241816278,0.0,1.6725187411046498
2026-11-26 02:00:00,0.2486520562284745,0.0,0.2486520562284745,1.5154320467392917,0.0,1.6472087464557517
2026-11-26 03:00:00,0.23315677590303674,0.0,0.23315677590303674,1.4742351631415462,0.0,1.6024295251538545
2026-11-26 04:00:00,0.23006980737856267,0.0,0.23006980737856267,1.4169177598751181,0.0,1.5401279998642587
2026-11-26 05:00:00,0.244130855840876,0.0,0.244130855840876,1.3685562008690695,0.0,1.4875610879011623
2026-11-26 06:00:00,0.29634199990507165,0.0,0.29634199990507165,1.316612304158869,0.0,1.4311003306074663
2026-11-26 07:00:00,0.42119916291823384,0.0,0.42119916291823384,1.2987006156381102,0.0,1.4116311039544676
2026-11-26 08:00:00,0.4553998892871779,0.0013062787392561664,0.45409361054792174,1.2754154205611237,0.0,1.3863211093055692
2026-11-26 09:00:00,0.41171277500238057,0.009600691992714903,0.40211208300966567,1.2163068484426196,0.0,1.3220726613506735
2026-11-26 10:00:00,0.3493736780831835,0.03476711106020259,0.3146065670229809,1.1285395746909013,0.0,1.2266734507509798
2026-11-26 11:00:00,0.32513353818518864,0.0444774208492187,0.28065611733596996,1.0407723009391834,0.0,1.1312742401512863
2026-11-26 12:00:00,0.3314074289513128,0.04138071810370933,0.29002671084760345,0.9959930796372863,0.0,1.0826011735187895
2026-11-26 13:00:00,0.3308983590126051,0.03019970288098522,0.3006986561316199,0.987037235376907,0.0,1.0728665601922902
2026-11-26 14:00:00,0.35742118342629214,0.01537389593124565,0.3420472874950465,0.9888284042289828,0.0,1.07481348285759
2026-11-26 15:00:00,0.4309668113195895,0.0,0.4309668113195895,1.0210694435663488,0.0,1.1098580908329876
2026-11-26 16:00:00,0.5811775752540838,0.0,0.5811775752540838,1.0515193140516386,0.0,1.1429557761430853
2026-11-26 17:00:00,0.7638968119741738,0.0,0.7638968119741738,1.0497281451995628,0.0,1.1410088534777858
2026-11-26 18:00:00,0.7438291925429737,0.0,0.7438291925429737,1.047936976347487,0.0,1.1390619308124859
2026-11-26 19:00:00,0.6897770280269956,0.0,0.6897770280269956,1.0533104829037145,0.0,1.1449026988083852
2026-11-26 20:00:00,0.6366453749160186,0.0,0.6366453749160186,1.0515193140516386,0.0,1.1429557761430853
2026-11-26 21:00:00,0.5219649898774812,0.0,0.5219649898774812,1.047936976347487,0.0,1.1390619308124859
2026-11-26 22:00:00,0.45794526257762597,0.0,0.45794526257762597,1.0515193140516386,0.0,1.1429557761430853
2026-11-26 23:00:00,0.3911988672062481,0.0,0.3911988672062481,1.092716197649384,0.0,1.1877349974449825
2026-11-27 00:00:00,0.32320652823198465,0.0,0.32320652823198465,1.1428689255075084,0.0,1.2422488320733787
2026-11-27 01:00:00,0.2797239741633927,0.0,0.2797239741633927,1.1948128222177092,0.0,1.298709589367075
2026-11-27 02:00:00,0.24991194792597035,0.0,0.24991194792597035,1.212724510738468,0.0,1.3181788160200738
2026-11-27 03:00:00,0.23795691878958036,0.0,0.23795691878958036,1.221680354998847,0.0,1.3279134293465729
2026-11-27 04:00:00,0.23410750632201513,0.0,0.23410750632201513,1.2342185369633782,0.0,1.341541888003672
2026-11-27 05:00:00,0.24629266373381148,0.0,0.24629266373381148,1.241383212371682,0.0,1.3493295786648718
2026-11-27 06:00:00,0.29387567895836775,0.0,0.29387567895836775,1.2288450304071508,0.0,1.3357011200077726
2026-11-27 07:00:00,0.4279333096678935,0.0,0.4279333096678935,1.271833082856972,0.0,1.3824272639749695
2026-11-27 08:00:00,0.47508628662715424,0.00012788742901808625,0.47495839919813615,1.2485478877799856,0.0,1.3571172693260711
2026-11-27 09:00:00,0.4516550780146206,0.005965035082057879,0.44569004293256276,1.2037686664780882,0.0,1.308444202693574
2026-11-27 10:00:00,0.4044765268239851,0.0700914459182697,0.3343850809057154,1.1267484058388255,0.0,1.2247265280856798
2026-11-27 11:00:00,0.37829075834939463,0.01953937219069189,0.3587513861587027,1.076595677980701,0.0,1.1702126934572838
2026-11-27 12:00:00,0.38512718635763377,0.011455059713477152,0.3736721266441566,1.046145807495411,0.0,1.137115008147186
2026-11-27 13:00:00,0.38737035463369224,0.027349640177153585,0.36002071445653866,1.0443546386433353,0.0,1.135168085481886
2026-11-27 14:00:00,0.41558543347970184,0.0065222588799223975,0.4090631745997794,1.0945073665014597,0.0,1.1896819201102822
2026-11-27 15:00:00,0.48632071086583945,0.0,0.48632071086583945,1.1715276271407227,0.0,1.2733995947181767
2026-11-27 16:00:00,0.6142648561509172,0.0,0.6142648561509172,1.2378008746675302,0.0,1.345435733334272
2026-11-27 17:00:00,0.7708076236030921,0.0,0.7708076236030921,1.3058652910464137,0.0,1.4194187946156671
2026-11-27 18:00:00,0.7479180328290835,0.0,0.7479180328290835,1.3148211353067931,0.0,1.4291534079421664
2026-11-27 19:00:00,0.6906626723353455,0.0,0.6906626723353455,1.2951182779339583,0.0,1.4077372586238677
2026-11-27 20:00:00,0.6358875806589194,0.0,0.6358875806589194,1.2503390566320611,0.0,1.3590641919913706
2026-11-27 21:00:00,0.5205633029590281,0.0,0.5205633029590281,1.212724510738468,0.0,1.3181788160200738
2026-11-27 22:00:00,0.46373565422970825,0.0,0.46373565422970825,1.1589894451761915,0.0,1.2597711360610775
2026-11-27 23:00:00,0.4112153469326859,0.0,0.4112153469326859,1.150033600915812,0.0,1.2500365227345784
2026-11-28 00:00:00,0.3454731479690926,0.0,0.3454731479690926,1.1715276271407227,0.0,1.2733995947181767
2026-11-28 01:00:00,0.2965419091215675,0.0,0.2965419091215675,1.212724510738468,0.0,1.3181788160200738
2026-11-28 02:00:00,0.26845468072205914,0.0,0.26845468072205914,1.243174381223758,0.0,1.3512765013301715
2026-11-28 03:00:00,0.25302681153544676,0.0,0.25302681153544676,1.255712563188289,0.0,1.3649049599872707
2026-11-28 04:00:00,0.24440282532278054,0.0,0.24440282532278054,1.2539213943362135,0.0,1.3629580373219712
2026-11-28 05:00:00,0.2488217460744108,0.0,0.2488217460744108,1.273624251709048,0.0,1.3843741866402695
2026-11-28 06:00:00,0.2731385964803434,0.0,0.2731385964803434,1.2933271090818823,0.0,1.4057903359585677
2026-11-28 07:00:00,0.3365400005506205,0.0,0.3365400005506205,1.2395920435196062,0.0,1.3473826559995719
2026-11-28 08:00:00,0.4279612220522586,0.012898360698109838,0.41506286135414877,1.2145156795905436,0.0,1.3201257386853733
2026-11-28 09:00:00,0.4584310844906793,0.03663974841368171,0.4217913360769976,1.1697364582886467,0.0,1.271452672052877
2026-11-28 10:00:00,0.4405252683071174,0.04460530827823679,0.39591996002888064,1.1410777566554327,0.0,1.2403019094080787
2026-11-28 11:00:00,0.42416526350913053,0.1054157807763368,0.31874948273279374,1.0837603533890043,0.0,1.178000384118483
2026-11-28 12:00:00,0.43310538461776854,0.07622090769477939,0.35688447692298914,1.0300252878267282,0.0,1.119592704159487
2026-11-28 13:00:00,0.43184316969446657,0.05377666390210526,0.3780665057923613,1.028234118974652,0.0,1.117645781494187
2026-11-28 14:00:00,0.44420731795554674,0.016762388017727732,0.427444929937819,1.058683989459942,0.0,1.1507434668042846
2026-11-28 15:00:00,0.4830617472804067,0.0,0.4830617472804067,1.162571782880343,0.0,1.2636649813916772
2026-11-28 16:00:00,0.5725489660836333,0.0,0.5725489660836333,1.255712563188289,0.0,1.3649049599872707
2026-11-28 17:00:00,0.6849420462874833,0.0,0.6849420462874833,1.3076564598984894,0.0,1.4213657172809668
2026-11-28 18:00:00,0.6673802635918724,0.0,0.6673802635918724,1.3398974992358554,0.0,1.4564103252563645
2026-11-28 19:00:00,0.6115103186682643,0.0,0.6115103186682643,1.356018018904538,0.0,1.4739326292440633
2026-11-28 20:00:00,0.5629974942066288,0.0,0.5629974942066288,1.4240824352834218,0.0,1.5479156905254585
2026-11-28 21:00:00,0.5108212182304596,0.0,0.5108212182304596,1.4939380205143813,0.0,1.6238456744721534
2026-11-28 22:00:00,0.45513026155840836,0.0,0.45513026155840836,1.5888699696744026,0.0,1.7270325757330465
2026-11-28 23:00:00,0.3939022883056033,0.0,0.3939022883056033,1.6229021778638446,0.0,1.764024106373744
2026-11-29 00:00:00,0.3320048515768087,0.0,0.3320048515768087,1.6282756844200719,0.0,1.7698648743696432
2026-11-29 01:00:00,0.2875855153670565,0.0,0.2875855153670565,1.6372315286804513,0.0,1.7795994876961427
2026-11-29 02:00:00,0.2575317390529832,0.0,0.2575317390529832,1.613946333603465,0.0,1.7542894930472446
2026-11-29 03:00:00,0.23964917243629485,0.0,0.23964917243629485,1.6175286713076167,0.0,1.7581833383778442
2026-11-29 04:00:00,0.22900982405278375,0.0,0.22900982405278375,1.613946333603465,0.0,1.7542894930472446
2026-11-29 05:00:00,0.23289642879988237,0.0,0.23289642879988237,1.6246933467159201,0.0,1.7659710290390436
2026-11-29 06:00:00,0.25087662551830364,0.0,0.25087662551830364,1.6372315286804513,0.0,1.7795994876961427
2026-11-29 07:00:00,0.2961327917252672,0.0,0.2961327917252672,1.6730549057219688,0.0,1.81853794100214
2026-11-29 08:00:00,0.3839905177233196,0.003270264256319634,0.38072025346699995,1.6730549057219688,0.0,1.81853794100214
2026-11-29 09:00:00,0.43077621679733835,0.03761717376403422,0.3931590430333041,1.6211110090117686,0.0,1.7620771837084441
2026-11-29 10:00:00,0.4426289638636328,0.08678075540512994,0.35584820845850285,1.5673759434494923,0.0,1.703669503749448
2026-11-29 11:00:00,0.4366642317264389,0.10532443261275244,0.3313397991136865,1.5279702287038228,0.0,1.6608372051128508
2026-11-29 12:00:00,0.4504254165880346,0.12354839124782974,0.32687702534020485,1.5190143844434434,0.0,1.6511025917863513
2026-11-29 13:00:00,0.4618016405621501,0.08009406983075573,0.3817075707313944,1.54229957952043,0.0,1.6764125864352497
2026-11-29 14:00:00,0.4796586397429706,0.017036432508480772,0.4626222072344899,1.596034645082706,0.0,1.7348202663942458
2026-11-29 15:00:00,0.5153796096906741,0.0,0.5153796096906741,1.6658902303136653,0.0,1.8107502503409405
2026-11-29 16:00:00,0.5911684054918253,0.0,0.5911684054918253,1.7142517893197142,0.0,1.8633171623040372
2026-11-29 17:00:00,0.7069459947579172,0.0,0.7069459947579172,1.7626133483257629,0.0,1.9158840742671335
2026-11-29 18:00:00,0.686562239395297,0.0,0.686562239395297,1.8127660761838877,0.0,1.97039790889553
2026-11-29 19:00:00,0.6342093000453944,0.0,0.6342093000453944,1.7984367253672806,0.0,1.954822527573131
2026-11-29 20:00:00,0.588239504939808,0.0,0.588239504939808,1.805601400775584,0.0,1.9626102182343306
2026-11-29 21:00:00,0.5261491319474827,0.0,0.5261491319474827,1.8217219204442672,0.0,1.9801325222220296
2026-11-29 22:00:00,0.4499744657102745,0.0,0.4499744657102745,1.8414247778171018,0.0,2.001548671540328
2026-11-29 23:00:00,0.35820689034134207,0.0,0.35820689034134207,1.871874648302392,0.0,2.034646356850426
2026-11-30 00:00:00,0.29136984031342444,0.0,0.29136984031342444,1.886203999118999,0.0,2.0502217381728247
2026-11-30 01:00:00,0.25282457653208695,0.0,0.25282457653208695,1.9130715319001368,0.0,2.0794255781523225
2026-11-30 02:00:00,0.2324617425758802,0.0,0.2324617425758802,1.886203999118999,0.0,2.0502217381728247
2026-11-30 03:00:00,0.22005110617409557,0.0,0.22005110617409557,1.9166538696042887,0.0,2.0833194234829224
2026-11-30 04:00:00,0.21748250677798897,0.0,0.21748250677798897,1.9220273761605162,0.0,2.089160191478822
2026-11-30 05:00:00,0.2324663909857891,0.0,0.2324663909857891,1.938147895829199,0.0,2.106682495466521
2026-11-30 06:00:00,0.28410570241219574,0.0,0.28410570241219574,1.9650154286103374,0.0,2.1358863354460187
2026-11-30 07:00:00,0.40834919228174077,0.0,0.40834919228174077,2.0277063384329934,0.0,2.2040286287315145
2026-11-30 08:00:00,0.4625431532763953,0.011957474613191061,0.4505856786632042,1.991882961391476,0.0,2.165090175425517
2026-11-30 09:00:00,0.48518634350834733,0.0660447222714831,0.4191416212368642,1.8772481548586193,0.0,2.0404871248463254
2026-11-30 10:00:00,0.46633212509652094,0.1325096460954542,0.33382247900106676,1.7017136073551828,0.0,1.8496887036469378
2026-11-30 11:00:00,0.45246401194948255,0.15853473790063477,0.2939292740488478,1.565584774597416,0.0,1.7017225810841479
2026-11-30 12:00:00,0.45723393519634453,0.14917155113323916,0.3080623840631054,1.5279702287038228,0.0,1.6608372051128508
2026-11-30 13:00:00,0.44617384785466807,0.11520830391257883,0.3309655439420892,1.524387890999671,0.0,1.656943359782251
2026-11-30 14:00:00,0.45336825249438073,0.05215066659030388,0.40121758590407686,1.5817052942660992,0.0,1.719244885071847
2026-11-30 15:00:00,0.4975737324862508,0.0,0.4975737324862508,1.6999224385031075,0.0,1.8477417809816385
2026-11-30 16:00:00,0.6203899773257392,0.0,0.6203899773257392,1.7142517893197142,0.0,1.8633171623040372
2026-11-30 17:00:00,0.7985415238366383,0.0,0.7985415238366383,1.7769426991423705,0.0,1.931459455589533
2026-11-30 18:00:00,0.7736086743803492,0.0,0.7736086743803492,1.9650154286103374,0.0,2.1358863354460187
2026-11-30 19:00:00,0.7127596016095998,0.0,0.7127596016095998,2.5417717989787714,0.0,2.7627954336725775
2026-11-30 20:00:00,0.6547092542686372,0.0,0.6547092542686372,2.6044627088014267,0.0,2.8309377269580724
2026-11-30 21:00:00,0.5279529650062555,0.0,0.5279529650062555,2.6743182940323864,0.0,2.9068677109047676
2026-11-30 22:00:00,0.4569666375411771,0.0,0.4569666375411771,2.6814829694406894,0.0,2.914655401565967
2026-11-30 23:00:00,0.3856595251881464,0.0,0.3856595251881464,2.7549208923758006,0.0,2.9944792308432615
2026-12-01 00:00:00,0.3102077874579956,0.0,0.3102077874579956,2.8623910235003533,0.0,3.1112945907612537
2026-12-01 01:00:00,0.26780381293394806,0.0,0.26780381293394806,2.8408969972754434,0.0,3.0879315187776557
2026-12-01 02:00:00,0.24251995992877837,0.0,0.24251995992877837,2.797908944825622,0.0,3.0412053748104584
2026-12-01 03:00:00,0.2290260955358593,0.0,0.2290260955358593,2.8874673874294157,0.0,3.138551508075452
2026-12-01 04:00:00,0.2242608207937002,0.0,0.2242608207937002,2.908961413654326,0.0,3.16191458005905
2026-12-01 05:00:00,0.2412252005791861,0.0,0.2412252005791861,2.860599854648277,0.0,3.1093476680959533
2026-12-01 06:00:00,0.2934781859005893,0.0,0.2934781859005893,2.7513385546716487,0.0,2.9905853855126616
2026-12-01 07:00:00,0.41732883067766446,0.0,0.41732883067766446,2.6886476448489933,0.0,2.9224430922271667
2026-12-01 08:00:00,0.45012554434051305,0.005069823078931276,0.44505572126158177,2.625956735026337,0.0,2.8543007989416704
2026-12-01 09:00:00,0.41760312189280824,0.046651507142526166,0.37095161475028204,2.556101149795378,0.0,2.7783708149949757
2026-12-01 10:00:00,0.36762119613304056,0.11547321358697343,0.25214798254606713,2.464751538339508,0.0,2.679077759064683
2026-12-01 11:00:00,0.3394223917161634,0.1522865235114654,0.187135868204698,2.344743225250424,0.0,2.5486339404895912
2026-12-01 12:00:00,0.34534063025997797,0.1611290257464302,0.18421160451354776,2.2372730941258716,0.0,2.4318185805715995
2026-12-01 13:00:00,0.3511612402485434,0.12069832854399809,0.2304629117045453,2.1441323138179254,0.0,2.330578601976006
2026-12-01 14:00:00,0.382258728506437,0.049602052826300584,0.3326566756801364,2.079650235143194,0.0,2.2604893860252107
2026-12-01 15:00:00,0.45682482141489034,0.0,0.45682482141489034,2.0957707548118765,0.0,2.2780116900129093
2026-12-01 16:00:00,0.6010220409240636,0.0,0.6010220409240636,2.1584616646345323,0.0,2.3461539832984046
2026-12-01 17:00:00,0.7854683985095917,0.0,0.7854683985095917,2.167417508894912,0.0,2.3558885966249044
2026-12-01 18:00:00,0.7684598537853222,0.0,0.7684598537853222,2.1763733531552916,0.0,2.3656232099514036
2026-12-01 19:00:00,0.7102677113369904,0.0,0.7102677113369904,2.1799556908594435,0.0,2.369517055282004
2026-12-01 20:00:00,0.6566990468795788,0.0,0.6566990468795788,2.201449717084354,0.0,2.392880127265602
2026-12-01 21:00:00,0.5370604521889694,0.0,0.5370604521889694,2.256975951498706,0.0,2.4532347298898975
2026-12-01 22:00:00,0.46760831103265094,0.0,0.46760831103265094,2.2032408859364296,0.0,2.3948270499309015
2026-12-01 23:00:00,0.3964313715894949,0.0,0.3964313715894949,2.138758807261698,0.0,2.3247378339801066
2026-12-02 00:00:00,0.3229949964113646,0.0,0.3229949964113646,2.088606079403573,0.0,2.27022399935171
2026-12-02 01:00:00,0.27323855129081326,0.0,0.27323855129081326,1.9775536105748688,0.0,2.1495147941031183
2026-12-02 02:00:00,0.250235057339557,0.0,0.250235057339557,1.8324689335567224,0.0,1.9918140582138286
2026-12-02 03:00:00,0.23871006538785985,0.0,0.23871006538785985,1.7733603614382185,0.0,1.9275656102589331
2026-12-02 04:00:00,0.23116930787869036,0.0,0.23116930787869036,1.7124606204676387,0.0,1.8613702396387377
2026-12-02 05:00:00,0.2437728789751718,0.0,0.2437728789751718,1.6963401007989554,0.0,1.8438479356510384
2026-12-02 06:00:00,0.2930806919835619,0.0,0.2930806919835619,1.6533520483491344,0.0,1.7971217916838418
2026-12-02 07:00:00,0.4208435110582946,0.0,0.4208435110582946,1.7214164647280177,0.0,1.8711048529652365
2026-12-02 08:00:00,0.4769761240278654,0.0061568662255850086,0.47081925780228034,1.6909665942427279,0.0,1.838007167655139
2026-12-02 09:00:00,0.46395181295960847,0.04635919301905626,0.4175926199405522,1.6067816581951613,0.0,1.7465018023860448
2026-12-02 10:00:00,0.4133934071091965,0.10198108982556534,0.31141231728363117,1.524387890999671,0.0,1.656943359782251
2026-12-02 11:00:00,0.3810825182850833,0.1540495430686433,0.22703297521644003,1.4670704877332428,0.0,1.5946418344926552
2026-12-02 12:00:00,0.3907223196443221,0.11979398172451304,0.270928337919809,1.4402029549521045,0.0,1.5654379945131571
2026-12-02 13:00:00,0.39661034066689965,0.09499295531136276,0.3016173853555369,1.4402029549521045,0.0,1.5654379945131571
2026-12-02 14:00:00,0.4194046276510681,0.007810267986461695,0.41159435966460645,1.465279318881167,0.0,1.5926949118273552
2026-12-02 15:00:00,0.47636942247092684,0.0,0.47636942247092684,1.4796086696977742,0.0,1.6082702931497546
2026-12-02 16:00:00,0.6172890616082565,0.0,0.6172890616082565,1.4831910074019259,0.0,1.612164138480354
2026-12-02 17:00:00,0.7967516404075924,0.0,0.7967516404075924,1.45094996806456,0.0,1.5771195305049563
2026-12-02 18:00:00,0.7724975524488206,0.0,0.7724975524488206,1.4169177598751181,0.0,1.5401279998642587
2026-12-02 19:00:00,0.7135848070064542,0.0,0.7135848070064542,1.4796086696977742,0.0,1.6082702931497546
2026-12-02 20:00:00,0.6598185588731965,0.0,0.6598185588731965,1.5154320467392917,0.0,1.6472087464557517
2026-12-02 21:00:00,0.5415188903287467,0.0,0.5415188903287467,1.54229957952043,0.0,1.6764125864352497
2026-12-02 22:00:00,0.47113229045456595,0.0,0.47113229045456595,1.5225967221475951,0.0,1.6549964371169512
2026-12-02 23:00:00,0.40098046604751003,0.0,0.40098046604751003,1.538717241816278,0.0,1.6725187411046498
2026-12-03 00:00:00,0.33065895384068084,0.0,0.33065895384068084,1.5602112680411884,0.0,1.6958818130882483
2026-12-03 01:00:00,0.28457525699752984,0.0,0.28457525699752984,1.5763317877098715,0.0,1.7134041170759473
2026-12-03 02:00:00,0.26009104117344445,0.0,0.26009104117344445,1.6157375024555412,0.0,1.7562364157125447
2026-12-03 03:00:00,0.2446515493891468,0.0,0.2446515493891468,1.6533520483491344,0.0,1.7971217916838418
2026-12-03 04:00:00,0.2389587888327295,0.0,0.2389587888327295,1.7070871139114108,0.0,1.8555294716428377
2026-12-03 05:00:00,0.2536753531926059,0.0,0.2536753531926059,1.7232076335800937,0.0,1.8730517756305365
2026-12-03 06:00:00,0.30528212115034514,0.0,0.30528212115034514,1.7554486729174594,0.0,1.9080963836059341
2026-12-03 07:00:00,0.4348487706852179,0.0,0.4348487706852179,1.7160429581717904,0.0,1.8652640849693372
2026-12-03 08:00:00,0.4759975001798648,0.008193930273515953,0.46780356990634886,1.6855930876865,0.0,1.832166399659239
2026-12-03 09:00:00,0.4614366777353318,0.06368793965100694,0.39774873808432487,1.6551432172012104,0.0,1.7990687143491417
2026-12-03 10:00:00,0.41137804452258697,0.0949472812295706,0.3164307632930164,1.569167112301568,0.0,1.7056164264147478
2026-12-03 11:00:00,0.3886465211514333,0.1215113271998988,0.2671351939515345,1.495729189366457,0.0,1.6257925971374532
2026-12-03 12:00:00,0.3906107432612476,0.05340213643140943,0.33720860682983816,1.4634881500290915,0.0,1.5907479891620557
2026-12-03 13:00:00,0.3869682138634557,0.01974947296693589,0.3672187408965198,1.465279318881167,0.0,1.5926949118273552
2026-12-03 14:00:00,0.4083096726569231,0.006604472227148311,0.40170520042977476,1.461696981177015,0.0,1.5888010664967556
2026-12-03 15:00:00,0.4777269451773714,0.0,0.4777269451773714,1.5136408778872157,0.0,1.6452618237904517
2026-12-03 16:00:00,0.611645117014553,0.0,0.611645117014553,1.569167112301568,0.0,1.7056164264147478
2026-12-03 17:00:00,0.785631115463012,0.0,0.785631115463012,1.5888699696744026,0.0,1.7270325757330465
2026-12-03 18:00:00,0.766002830849046,0.0,0.766002830849046,1.631858022124224,0.0,1.7737587197002433
2026-12-03 19:00:00,0.7098981113356944,0.0,0.7098981113356944,1.8002278942193566,0.0,1.956769450238431
2026-12-03 20:00:00,0.6555042410207537,0.0,0.6555042410207537,1.864709972894088,0.0,2.026858666189226
2026-12-03 21:00:00,0.5400683867638902,0.0,0.5400683867638902,1.925609713864668,0.0,2.0930540368094217
2026-12-03 22:00:00,0.4721481069184703,0.0,0.4721481069184703,1.9900917925393997,0.0,2.163143252760217
2026-12-03 23:00:00,0.40216132423936735,0.0,0.40216132423936735,2.0402445203975246,0.0,2.2176570873886137
2026-12-04 00:00:00,0.33177704995529084,0.0,0.33177704995529084,2.0724855597348903,0.0,2.2527016953640113
2026-12-04 01:00:00,0.2882759002307007,0.0,0.2882759002307007,2.0778590662911176,0.0,2.2585424633599107
2026-12-04 02:00:00,0.25842668142100594,0.0,0.25842668142100594,2.065320884326587,0.0,2.244914004702812
2026-12-04 03:00:00,0.24595328319020976,0.0,0.24595328319020976,2.059947377770359,0.0,2.239073236706912
2026-12-04 04:00:00,0.2400489910055037,0.0,0.2400489910055037,2.0581562089182834,0.0,2.2371263140416127
2026-12-04 05:00:00,0.2523968651315382,0.0,0.2523968651315382,2.0724855597348903,0.0,2.2527016953640113
2026-12-04 06:00:00,0.3016791081004287,0.0,0.3016791081004287,2.1136824433326353,0.0,2.2974809166659083
2026-12-04 07:00:00,0.43403983589820805,0.0,0.43403983589820805,2.178164522007367,0.0,2.367570132616703
2026-12-04 08:00:00,0.496953087098556,0.007618436842934566,0.48933465025562145,2.2444377695341746,0.0,2.4396062712327984
2026-12-04 09:00:00,0.4966718174897201,0.06556057700448606,0.4311112404852341,2.2748876400194646,0.0,2.4727039565428965
2026-12-04 10:00:00,0.4511111365037017,0.12261663997926939,0.3284944965244323,2.256975951498706,0.0,2.4532347298898975
2026-12-04 11:00:00,0.42096670362009747,0.15331875775996853,0.26764794586012897,2.2533936137945547,0.0,2.4493408845592985
2026-12-04 12:00:00,0.4246719956438527,0.14820326059924507,0.27646873504460767,2.2193614056051123,0.0,2.4123493539186005
2026-12-04 13:00:00,0.4172753601963977,0.08287105400371987,0.33440430619267786,2.1799556908594435,0.0,2.369517055282004
2026-12-04 14:00:00,0.4403602149285847,0.04043069720243212,0.39992951772615254,2.174582184303216,0.0,2.3636762872861037
2026-12-04 15:00:00,0.508912763721332,0.0,0.508912763721332,2.196076210528126,0.0,2.3870393592697026
2026-12-04 16:00:00,0.6301157888251302,0.0,0.6301157888251302,2.2426466006820993,0.0,2.437659348567499
2026-12-04 17:00:00,0.787788274342731,0.0,0.787788274342731,2.289216990836072,0.0,2.488279337865295
2026-12-04 18:00:00,0.7624044679043144,0.0,0.7624044679043144,2.3608637449191066,0.0,2.56615624447729
2026-12-04 19:00:00,0.704347147777032,0.0,0.704347147777032,2.317875692469286,0.0,2.519430100510093
2026-12-04 20:00:00,0.6434771531119631,0.0,0.6434771531119631,2.3680284203274105,0.0,2.5739439351384896
2026-12-04 21:00:00,0.5298521028931186,0.0,0.5298521028931186,2.3948959531085485,0.0,2.6031477751179875
2026-12-04 22:00:00,0.47209929280561375,0.0,0.47209929280561375,2.403851797368928,0.0,2.612882388444487
2026-12-04 23:00:00,0.4215920241287078,0.0,0.4215920241287078,2.4271369924459147,0.0,2.6381923830933856
2026-12-05 00:00:00,0.35634727326273524,0.0,0.35634727326273524,2.5202777727538606,0.0,2.7394323616889786
2026-12-05 01:00:00,0.3029854909474368,0.0,0.3029854909474368,2.5453541366829224,0.0,2.7666892790031765
2026-12-05 02:00:00,0.27219716520437126,0.0,0.27219716520437126,2.4450486809666736,0.0,2.657661609746384
2026-12-05 03:00:00,0.25676929615942695,0.0,0.25676929615942695,2.3053375105047547,0.0,2.5058016418529943
2026-12-05 04:00:00,0.2505511930543659,0.0,0.2505511930543659,2.1763733531552916,0.0,2.3656232099514036
2026-12-05 05:00:00,0.2538008776446053,0.0,0.2538008776446053,2.101144261368104,0.0,2.2838524580088087
2026-12-05 06:00:00,0.2750284349657476,0.0,0.2750284349657476,2.049200364657904,0.0,2.227391700715113
2026-12-05 07:00:00,0.33534751989867834,0.0,0.33534751989867834,1.9309832204208957,0.0,2.0988948048053215
2026-12-05 08:00:00,0.42897703959341776,0.0062756188382446605,0.4227014207551731,1.938147895829199,0.0,2.106682495466521
2026-12-05 09:00:00,0.4758138795539873,0.033963247220660325,0.441850632333327,1.8772481548586193,0.0,2.0404871248463254
2026-12-05 10:00:00,0.46406108037670113,0.10032768806468864,0.3637333923120125,1.8038102319235083,0.0,1.9606632955690309
2026-12-05 11:00:00,0.45348216759507226,0.07524348234442688,0.3782386852506454,1.7411193221008525,0.0,1.8925210022835353
2026-12-05 12:00:00,0.4652186916378478,0.022014907423827702,0.44320378421402007,1.6838019188344246,0.0,1.83021947699394
2026-12-05 13:00:00,0.4704116812056282,0.025623159885409422,0.4447885213202188,1.6551432172012104,0.0,1.7990687143491417
2026-12-05 14:00:00,0.49050022411227845,0.016387860547031907,0.47411236356524655,1.674846074574045,0.0,1.82048486366744
2026-12-05 15:00:00,0.5249613010153775,0.0,0.5249613010153775,1.7267899712842454,0.0,1.8769456209611364
2026-12-05 16:00:00,0.5955640820622642,0.0,0.5955640820622642,1.7375369843967006,0.0,1.8886271569529354
2026-12-05 17:00:00,0.6940681300049936,0.0,0.6940681300049936,1.7214164647280177,0.0,1.8711048529652365
2026-12-05 18:00:00,0.6819201644197384,0.0,0.6819201644197384,1.689175425390652,0.0,1.8360602449898389
2026-12-05 19:00:00,0.6242301159715402,0.0,0.6242301159715402,1.7375369843967006,0.0,1.8886271569529354
2026-12-05 20:00:00,0.5748572176491016,0.0,0.5748572176491016,1.732163477840473,0.0,1.882786388957036
2026-12-05 21:00:00,0.5214931095875371,0.0,0.5214931095875371,1.7088782827634865,0.0,1.8574763943081376
2026-12-05 22:00:00,0.46342183925739233,0.0,0.46342183925739233,1.640813866384603,0.0,1.7834933330267424
2026-12-05 23:00:00,0.4018196179523471,0.0,0.4018196179523471,1.596034645082706,0.0,1.7348202663942458
2026-12-06 00:00:00,0.33289282001622783,0.0,0.33289282001622783,1.5602112680411884,0.0,1.6958818130882483
2026-12-06 01:00:00,0.28785051084033564,0.0,0.28785051084033564,1.5028938647747603,0.0,1.6335802877986525
2026-12-06 02:00:00,0.2581361150149587,0.0,0.2581361150149587,1.438411786100029,0.0,1.5634910718478576
2026-12-06 03:00:00,0.24305460059957848,0.0,0.24305460059957848,1.3882590582419043,0.0,1.5089772372194612
2026-12-06 04:00:00,0.23525582157047814,0.0,0.23525582157047814,1.3649738631649178,0.0,1.4836672425705628
2026-12-06 05:00:00,0.239340010845954,0.0,0.239340010845954,1.347062174644159,0.0,1.464198015917564
2026-12-06 06:00:00,0.2564833787762427,0.0,0.2564833787762427,1.3398974992358554,0.0,1.4564103252563645
2026-12-06 07:00:00,0.3011398180375848,0.0,0.3011398180375848,1.330941654975476,0.0,1.4466757119298652
2026-12-06 08:00:00,0.3901109909751396,0.004357307402973367,0.3857536835721663,1.341688668087931,0.0,1.458357247921664
2026-12-06 09:00:00,0.4488377731209571,0.00272217527481355,0.4461155978461435,1.3506445123483104,0.0,1.4680918612481635
2026-12-06 10:00:00,0.4647189199923469,0.0183061719823032,0.44641274801004366,1.3506445123483104,0.0,1.4680918612481635
2026-12-06 11:00:00,0.4593771610611376,0.03202666615267217,0.4273504949084654,1.325568148419248,0.0,1.4408349439339654
2026-12-06 12:00:00,0.47467950545062837,0.018973013576468935,0.45570649187415946,1.2879536025256548,0.0,1.3999495679626683
2026-12-06 13:00:00,0.48055590455904784,0.02608903551968959,0.45446686903935823,1.2646684074486683,0.0,1.37463957331377
2026-12-06 14:00:00,0.49793870034596915,0.02446303820788821,0.47347566213808095,1.2485478877799856,0.0,1.3571172693260711
2026-12-06 15:00:00,0.535856346020064,0.0,0.535856346020064,1.1966039910697852,0.0,1.3006565120323752
2026-12-06 16:00:00,0.610034246588553,0.0,0.610034246588553,1.1124190550222186,0.0,1.209151146763281
2026-12-06 17:00:00,0.721953125358137,0.0,0.721953125358137,1.0658486648682457,0.0,1.1585311574654844
2026-12-06 18:00:00,0.702703737461274,0.0,0.702703737461274,1.058683989459942,0.0,1.1507434668042846
2026-12-06 19:00:00,0.6511016197365689,0.0,0.6511016197365689,1.150033600915812,0.0,1.2500365227345784
2026-12-06 20:00:00,0.604722708093245,0.0,0.604722708093245,1.1518247697678878,0.0,1.2519834453998782
2026-12-06 21:00:00,0.5450010253303221,0.0,0.5450010253303221,1.1518247697678878,0.0,1.2519834453998782
2026-12-06 22:00:00,0.4681522468564793,0.0,0.4681522468564793,1.1983951599218607,0.0,1.3026034346976747
2026-12-06 23:00:00,0.3726910027290223,0.0,0.3726910027290223,1.2503390566320611,0.0,1.3590641919913706
2026-12-07 00:00:00,0.30141411046394606,0.0,0.30141411046394606,1.2485478877799856,0.0,1.3571172693260711
2026-12-07 01:00:00,0.26222495379707733,0.0,0.26222495379707733,1.2700419140048962,0.0,1.3804803413096698
2026-12-07 02:00:00,0.24136002242543958,0.0,0.24136002242543958,1.2933271090818823,0.0,1.4057903359585677
2026-12-07 03:00:00,0.22940731745725323,0.0,0.22940731745725323,1.3112387976026412,0.0,1.4252595626115665
2026-12-07 04:00:00,0.22728502669925435,0.0,0.22728502669925435,1.3488533434962349,0.0,1.466144938582864
2026-12-07 05:00:00,0.24431449260338853,0.0,0.24431449260338853,1.3542268500524623,0.0,1.4719857065787634
2026-12-07 06:00:00,0.2980714457229154,0.0,0.2980714457229154,1.3398974992358554,0.0,1.4564103252563645
2026-12-07 07:00:00,0.4278147597278722,0.0,0.4278147597278722,1.3363151615317035,0.0,1.4525164799257646
2026-12-07 08:00:00,0.48410079211193024,0.0008860771867681688,0.4832147149251621,1.3381063303837797,0.0,1.4544634025910648
2026-12-07 09:00:00,0.49348722047932553,0.02179567183122527,0.47169154864810026,1.330941654975476,0.0,1.4466757119298652
2026-12-07 10:00:00,0.4596979326241315,0.03120453268041304,0.4284933999437185,1.2772065894131994,0.0,1.388268031970869
2026-12-07 11:00:00,0.43402820903294886,0.02749579723888854,0.4065324117940603,1.2395920435196062,0.0,1.3473826559995719
2026-12-07 12:00:00,0.4367990423635631,0.07321555311285437,0.3635834892507087,1.2037686664780882,0.0,1.308444202693574
2026-12-07 13:00:00,0.4277659399896169,0.024572656004189425,0.4031932839854274,1.2091421730343161,0.0,1.314284970689474
2026-12-07 14:00:00,0.4415805897958544,0.014825806949739569,0.42675478284611484,1.2449655500758336,0.0,1.3532234239954712
2026-12-07 15:00:00,0.4999517211393812,0.0,0.4999517211393812,1.2807889271173514,0.0,1.3921618773014688
2026-12-07 16:00:00,0.6379052686831208,0.0,0.6379052686831208,1.3112387976026412,0.0,1.4252595626115665
2026-12-07 17:00:00,0.8209731837922456,0.0,0.8209731837922456,1.3381063303837797,0.0,1.4544634025910648
2026-12-07 18:00:00,0.7996433470040349,0.0,0.7996433470040349,1.3613915254607658,0.0,1.479773397239963
2026-12-07 19:00:00,0.7424414522046795,0.0,0.7424414522046795,1.3596003566086903,0.0,1.4778264745746634
2026-12-07 20:00:00,0.680285995453669,0.0,0.680285995453669,1.3757208762773732,0.0,1.495348778562362
2026-12-07 21:00:00,0.5507379528288446,0.0,0.5507379528288446,1.3918413959460558,0.0,1.5128710825500606
2026-12-07 22:00:00,0.4737264583859602,0.0,0.4737264583859602,1.3828855516856764,0.0,1.5031364692235611
2026-12-07 23:00:00,0.3950506031433343,0.0,0.3950506031433343,1.3649738631649178,0.0,1.4836672425705628
2026-12-08 00:00:00,0.3189201045978681,0.0,0.3189201045978681,1.3363151615317035,0.0,1.4525164799257646
2026-12-08 01:00:00,0.27678112625073337,0.0,0.27678112625073337,1.3148211353067931,0.0,1.4291534079421664
2026-12-08 02:00:00,0.25467257445952446,0.0,0.25467257445952446,1.3130299664547174,0.0,1.4272064852768667
2026-12-08 03:00:00,0.24111362310284107,0.0,0.24111362310284107,1.3345239926796277,0.0,1.4505695572604649
2026-12-08 04:00:00,0.2360554577657196,0.0,0.2360554577657196,1.3524356812003866,0.0,1.4700387839134637
2026-12-08 05:00:00,0.2509277655281945,0.0,0.2509277655281945,1.3810943828336009,0.0,1.5011895465582616
2026-12-08 06:00:00,0.30658617933043464,0.0,0.30658617933043464,1.3488533434962349,0.0,1.466144938582864
2026-12-08 07:00:00,0.4338585240143554,0.0,0.4338585240143554,1.273624251709048,0.0,1.3843741866402695
2026-12-08 08:00:00,0.4760625879829105,0.004969340098988494,0.47109324788392204,1.1715276271407227,0.0,1.2733995947181767
2026-12-08 09:00:00,0.4543863969682897,0.01610468123992043,0.43828171572836927,1.0533104829037145,0.0,1.1449026988083852
2026-12-08 10:00:00,0.40461600303185,0.027331370544436715,0.3772846324874133,0.9816637288206791,0.0,1.0670257921963902
2026-12-08 11:00:00,0.37570124517660586,0.12852686616317666,0.2471743790134292,1.0676398337203215,0.0,1.1604780801307841
2026-12-08 12:00:00,0.3846181188899427,0.039325384423061514,0.3452927344668812,1.121374899282598,0.0,1.2188857600897804
2026-12-08 13:00:00,0.3946298461857624,0.06852025750461892,0.3261095886811435,1.1571982763241153,0.0,1.2578242133957775
2026-12-08 14:00:00,0.4287027251999292,0.039188362177684996,0.3895143630222442,1.2001863287739365,0.0,1.3045503573629744
2026-12-08 15:00:00,0.49986106628142174,0.0,0.49986106628142174,1.2879536025256548,0.0,1.3999495679626683
2026-12-08 16:00:00,0.6261315526752738,0.0,0.6261315526752738,1.4581146434728633,0.0,1.584907221166156
2026-12-08 17:00:00,0.8057963633796442,0.0,0.8057963633796442,1.5190143844434434,0.0,1.6511025917863513
2026-12-08 18:00:00,0.7849732745912509,0.0,0.7849732745912509,1.436620617247953,0.0,1.5615441491825575
2026-12-08 19:00:00,0.7310071177055071,0.0,0.7310071177055071,1.3757208762773732,0.0,1.495348778562362
2026-12-08 20:00:00,0.6741004366530584,0.0,0.6741004366530584,1.4419941238041805,0.0,1.5673849171784568
2026-12-08 21:00:00,0.5541364089376964,0.0,0.5541364089376964,1.5011026959226847,0.0,1.6316333651333528
2026-12-08 22:00:00,0.4831384587182944,0.0,0.4831384587182944,1.5279702287038228,0.0,1.6608372051128508
2026-12-08 23:00:00,0.4055551295586705,0.0,0.4055551295586705,1.5494642549287334,0.0,1.6842002770964493
2026-12-09 00:00:00,0.33068917220002564,0.0,0.33068917220002564,1.5745406188577957,0.0,1.7114571944106474
2026-12-09 01:00:00,0.28146736744785333,0.0,0.28146736744785333,1.6246933467159201,0.0,1.7659710290390436
2026-12-09 02:00:00,0.25546291257072073,0.0,0.25546291257072073,1.6640990614615896,0.0,1.8088033276756408
2026-12-09 03:00:00,0.24498628136889816,0.0,0.24498628136889816,1.6999224385031075,0.0,1.8477417809816385
2026-12-09 04:00:00,0.23814985463120938,0.0,0.23814985463120938,1.7142517893197142,0.0,1.8633171623040372
2026-12-09 05:00:00,0.2535800478445898,0.0,0.2535800478445898,1.7249988024321696,0.0,1.8749986982958364
2026-12-09 06:00:00,0.30381069729842763,0.0,0.30381069729842763,1.7196252958759422,0.0,1.869157930299937
2026-12-09 07:00:00,0.4346744315975531,0.0,0.4346744315975531,1.640813866384603,0.0,1.7834933330267424
2026-12-09 08:00:00,0.4932687160355559,0.0033433427871871115,0.48992537324836877,1.6336491909762998,0.0,1.775705642365543
2026-12-09 09:00:00,0.4870715323136291,0.0017721543735363377,0.48529937794009276,1.5584200991891128,0.0,1.6939348904229488
2026-12-09 10:00:00,0.42925363620793,0.0950568990258718,0.3341967371820582,1.4975203582185328,0.0,1.627739519802753
2026-12-09 11:00:00,0.3928422863120706,0.12132863087273009,0.2715136554393405,1.4581146434728633,0.0,1.584907221166156
2026-12-09 12:00:00,0.3997833157020703,0.11339961027360874,0.2863837054284616,1.4903556828102293,0.0,1.6199518291415536
2026-12-09 13:00:00,0.3980282994969201,0.02050766272468597,0.37752063677223413,1.5154320467392917,0.0,1.6472087464557517
2026-12-09 14:00:00,0.4200833885625492,0.014277717968233485,0.4058056705943157,1.5136408778872157,0.0,1.6452618237904517
2026-12-09 15:00:00,0.48597435650050413,0.0,0.48597435650050413,1.5369260729642023,0.0,1.67057181843935
2026-12-09 16:00:00,0.6295625500713652,0.0,0.6295625500713652,1.596034645082706,0.0,1.7348202663942458
2026-12-09 17:00:00,0.8091715748446308,0.0,0.8091715748446308,1.6336491909762998,0.0,1.775705642365543
2026-12-09 18:00:00,0.7876929688613684,0.0,0.7876929688613684,1.703504776207259,0.0,1.8516356263122382
2026-12-09 19:00:00,0.7311744833363659,0.0,0.7311744833363659,1.6676813991657418,0.0,1.812697173006241
2026-12-09 20:00:00,0.6780242326483564,0.0,0.6780242326483564,1.676637243426121,0.0,1.8224317863327402
2026-12-09 21:00:00,0.5573512254917463,0.0,0.5573512254917463,1.703504776207259,0.0,1.8516356263122382
2026-12-09 22:00:00,0.48687861828791534,0.0,0.48687861828791534,1.7285811401363216,0.0,1.8788925436264363
2026-12-09 23:00:00,0.4153460270315898,0.0,0.4153460270315898,1.7661956860299148,0.0,1.9197779195977334
2026-12-10 00:00:00,0.3405033151128553,0.0,0.3405033151128553,1.7482839975091562,0.0,1.9003086929447348
2026-12-10 01:00:00,0.293680419848556,0.0,0.293680419848556,1.7124606204676387,0.0,1.8613702396387377
2026-12-10 02:00:00,0.2689474796167361,0.0,0.2689474796167361,1.7088782827634865,0.0,1.8574763943081376
2026-12-10 03:00:00,0.2543517902526117,0.0,0.2543517902526117,1.6963401007989554,0.0,1.8438479356510384
2026-12-10 04:00:00,0.24832429808929699,0.0,0.24832429808929699,1.7303723089883971,0.0,1.8808394662917358
2026-12-10 05:00:00,0.26223890139917955,0.0,0.26223890139917955,1.7930632188110531,0.0,1.9489817595772316
2026-12-10 06:00:00,0.31441285323484197,0.0,0.31441285323484197,1.852171790929557,0.0,2.013230207532127
2026-12-10 07:00:00,0.4460297330911851,0.0,0.4460297330911851,1.9202362073084407,0.0,2.0872132688135223
2026-12-10 08:00:00,0.49348489746257596,0.003361612419903981,0.490123285042672,1.9291920515688201,0.0,2.096947882140022
2026-12-10 09:00:00,0.4920390415935917,0.04962945727537589,0.4424095843182158,1.9524772466458065,0.0,2.12225787678892
2026-12-10 10:00:00,0.4429218404173224,0.06949768285497143,0.373424157562351,1.986509454835248,0.0,2.159249407429617
2026-12-10 11:00:00,0.41708940110743764,0.13294811728065908,0.28414128382677856,2.0026299745039307,0.0,2.1767717114173157
2026-12-10 12:00:00,0.41689181663655733,0.07687861447258669,0.34001320216397063,1.9506860777937305,0.0,2.12031095412362
2026-12-10 13:00:00,0.41184992400485176,0.07958252011468338,0.3322674038901684,1.886203999118999,0.0,2.0502217381728247
2026-12-10 14:00:00,0.43521371962004385,0.028336200343864533,0.4068775192761793,1.8485894532254052,0.0,2.0093363622015272
2026-12-10 15:00:00,0.4996867279551085,0.0,0.4996867279551085,1.8002278942193566,0.0,1.956769450238431
2026-12-10 16:00:00,0.625778225870298,0.0,0.625778225870298,1.7769426991423705,0.0,1.931459455589533
2026-12-10 17:00:00,0.7920677233848826,0.0,0.7920677233848826,1.7661956860299148,0.0,1.9197779195977334
2026-12-10 18:00:00,0.7736435419383724,0.0,0.7736435419383724,1.7088782827634865,0.0,1.8574763943081376
2026-12-10 19:00:00,0.7154049096986667,0.0,0.7154049096986667,1.6963401007989554,0.0,1.8438479356510384
2026-12-10 20:00:00,0.6651115005960715,0.0,0.6651115005960715,1.6175286713076167,0.0,1.7581833383778442
2026-12-10 21:00:00,0.5535947948565112,0.0,0.5535947948565112,1.54229957952043,0.0,1.6764125864352497
2026-12-10 22:00:00,0.4858395560940117,0.0,0.4858395560940117,1.4724439942894705,0.0,1.6004826024885548
2026-12-10 23:00:00,0.4104017636471797,0.0,0.4104017636471797,1.4294559418396493,0.0,1.553756458521358
2026-12-11 00:00:00,0.34014301334517627,0.0,0.34014301334517627,1.3488533434962349,0.0,1.466144938582864
2026-12-11 01:00:00,0.2950472407322828,0.0,0.2950472407322828,1.2754154205611237,0.0,1.3863211093055692
2026-12-11 02:00:00,0.26491210537620963,0.0,0.26491210537620963,1.2897447713777306,0.0,1.401896490627968
2026-12-11 03:00:00,0.2507766718685738,0.0,0.2507766718685738,1.300491784490186,0.0,1.4135780266197673
2026-12-11 04:00:00,0.2457487251786777,0.0,0.2457487251786777,1.3524356812003866,0.0,1.4700387839134637
2026-12-11 05:00:00,0.2562579000307362,0.0,0.2562579000307362,1.4258736041354976,0.0,1.5498626131907582
2026-12-11 06:00:00,0.3042709530992788,0.0,0.3042709530992788,1.4993115270706086,0.0,1.6296864424680528
2026-12-11 07:00:00,0.4341374662786283,0.0,0.4341374662786283,1.6175286713076167,0.0,1.7581833383778442
2026-12-11 08:00:00,0.507622654459747,0.0038366228705425877,0.5037860315892044,1.6927577630948039,0.0,1.8399540903204388
2026-12-11 09:00:00,0.5205539823147655,0.052324228101114145,0.4682297542136513,1.7142517893197142,0.0,1.8633171623040372
2026-12-11 10:00:00,0.48296177118514033,0.09528526943483268,0.38767650175030766,1.646187372940831,0.0,1.7893341010226422
2026-12-11 11:00:00,0.4557392655247587,0.0979983098932878,0.3577409556314709,1.5566289303370369,0.0,1.6919879677576486
2026-12-11 12:00:00,0.45661096152844177,0.09474631526968502,0.36186464625875675,1.5172232155913674,0.0,1.6491556691210516
2026-12-11 13:00:00,0.4462459086797986,0.0785137466007465,0.36773216207905207,1.5172232155913674,0.0,1.6491556691210516
2026-12-11 14:00:00,0.46751995787560074,0.03576280604327197,0.43175715183232877,1.583496463118175,0.0,1.7211918077371466
2026-12-11 15:00:00,0.5267627853583772,0.0,0.5267627853583772,1.646187372940831,0.0,1.7893341010226422
2026-12-11 16:00:00,0.6356458312864601,0.0,0.6356458312864601,1.7285811401363216,0.0,1.8788925436264363
2026-12-11 17:00:00,0.7814795155387672,0.0,0.7814795155387672,1.7858985434027494,0.0,1.941194068916032
2026-12-11 18:00:00,0.7563351353880211,0.0,0.7563351353880211,1.8217219204442672,0.0,1.9801325222220296
2026-12-11 19:00:00,0.6980360646649278,0.0,0.6980360646649278,1.8951598433793782,0.0,2.059956351499324
2026-12-11 20:00:00,0.641378107614677,0.0,0.641378107614677,1.925609713864668,0.0,2.0930540368094217
2026-12-11 21:00:00,0.5274345972822503,0.0,0.5274345972822503,1.938147895829199,0.0,2.106682495466521
2026-12-11 22:00:00,0.47216670334976724,0.0,0.47216670334976724,1.9291920515688201,0.0,2.096947882140022
2026-12-11 23:00:00,0.4210666815047029,0.0,0.4210666815047029,1.925609713864668,0.0,2.0930540368094217
2026-12-12 00:00:00,0.35372288493144677,0.0,0.35372288493144677,1.9560595843499584,0.0,2.12615172211952
2026-12-12 01:00:00,0.30116538733141146,0.0,0.30116538733141146,1.9793447794269443,0.0,2.151461716768418
2026-12-12 02:00:00,0.2698610166765554,0.0,0.2698610166765554,1.9417302335333508,0.0,2.1105763407971203
2026-12-12 03:00:00,0.2544656915210755,0.0,0.2544656915210755,1.938147895829199,0.0,2.106682495466521
2026-12-12 04:00:00,0.2476478614790521,0.0,0.2476478614790521,1.972180104018641,0.0,2.1436740261072185
2026-12-12 05:00:00,0.2502815471952619,0.0,0.2502815471952619,2.02054166302469,0.0,2.1962409380703147
2026-12-12 06:00:00,0.27245983527248524,0.0,0.27245983527248524,2.015168156468462,0.0,2.190400170074415
2026-12-12 07:00:00,0.3294711216896645,0.0,0.3294711216896645,2.043826858101676,0.0,2.221550932719213
2026-12-12 08:00:00,0.4261155497284311,0.0018452329044038158,0.42427031682402727,2.079650235143194,0.0,2.2604893860252107
2026-12-12 09:00:00,0.48956809064053786,0.04667891159160147,0.4428891790489364,2.067112053178662,0.0,2.246860927368111
2026-12-12 10:00:00,0.4867926060419402,0.11197457892169292,0.37481802712024725,2.0312886761371445,0.0,2.2079224740621135
2026-12-12 11:00:00,0.48663918565030356,0.14585561279512732,0.34078357285517624,2.016959325320538,0.0,2.1923470927397153
2026-12-12 12:00:00,0.4975830471016236,0.14080405934891294,0.35677898775271066,1.9900917925393997,0.0,2.163143252760217
2026-12-12 13:00:00,0.49394516702896424,0.09890265671277282,0.3950425103161914,1.9650154286103374,0.0,2.1358863354460187
2026-12-12 14:00:00,0.5109676610716725,0.030446342922662958,0.4805213181490095,1.988300623687324,0.0,2.161196330094917
2026-12-12 15:00:00,0.5398684757347301,0.0,0.5398684757347301,2.059947377770359,0.0,2.239073236706912
2026-12-12 16:00:00,0.6032861514204415,0.0,0.6032861514204415,2.1423411449658496,0.0,2.328631679310706
2026-12-12 17:00:00,0.7013090225373848,0.0,0.7013090225373848,2.1477146515220773,0.0,2.334472447306606
2026-12-12 18:00:00,0.6854418181441445,0.0,0.6854418181441445,2.1602528334866085,0.0,2.348100905963705
2026-12-12 19:00:00,0.6248926047183367,0.0,0.6248926047183367,2.0706943908828146,0.0,2.250754772698712
2026-12-12 20:00:00,0.5764285956125161,0.0,0.5764285956125161,2.0366621826933726,0.0,2.213763242058014
2026-12-12 21:00:00,0.5256423854485885,0.0,0.5256423854485885,1.991882961391476,0.0,2.165090175425517
2026-12-12 22:00:00,0.4704790954556576,0.0,0.4704790954556576,1.9578507532020337,0.0,2.128098644784819
2026-12-12 23:00:00,0.4100228652758863,0.0,0.4100228652758863,1.972180104018641,0.0,2.1436740261072185
2026-12-13 00:00:00,0.34006397892105944,0.0,0.34006397892105944,2.0563650400662072,0.0,2.2351793913763123
2026-12-13 01:00:00,0.2937176113096473,0.0,0.2937176113096473,2.1459234826700015,0.0,2.332525524641306
2026-12-13 02:00:00,0.2657303371089682,0.0,0.2657303371089682,2.197867379380202,0.0,2.388986281935002
2026-12-13 03:00:00,0.24805465311089747,0.0,0.24805465311089747,2.1853291974156708,0.0,2.3753578232779033
2026-12-13 04:00:00,0.24019311145975067,0.0,0.24019311145975067,2.1656263400428357,0.0,2.353941673959604
2026-12-13 05:00:00,0.24193185525502553,0.0,0.24193185525502553,2.1459234826700015,0.0,2.332525524641306
2026-12-13 06:00:00,0.26121611008244067,0.0,0.26121611008244067,2.1584616646345323,0.0,2.3461539832984046
2026-12-13 07:00:00,0.3043546351119681,0.0,0.3043546351119681,2.2533936137945547,0.0,2.4493408845592985
2026-12-13 08:00:00,0.39021791881072826,0.0,0.39021791881072826,2.2426466006820993,0.0,2.437659348567499
2026-12-13 09:00:00,0.46257803782099316,0.0028135234383978975,0.45976451438259525,2.206823223640581,0.0,2.3987208952615013
2026-12-13 10:00:00,0.4801979290210316,0.011171880406365678,0.4690260486146659,2.156670495782457,0.0,2.344207060633105
2026-12-13 11:00:00,0.4853118826362143,0.020809111664514317,0.46450277097169995,2.1136824433326353,0.0,2.2974809166659083
2026-12-13 12:00:00,0.4955211932808073,0.05838061134675636,0.4371405819340509,2.065320884326587,0.0,2.244914004702812
2026-12-13 13:00:00,0.48881958955623744,0.014433009846326877,0.47438657970991055,1.9650154286103374,0.0,2.1358863354460187
2026-12-13 14:00:00,0.4933035988900833,0.0009043468194850383,0.49239925207059826,1.8450071155212535,0.0,2.005442516870928
2026-12-13 15:00:00,0.5221788440082539,0.0,0.5221788440082539,1.7876897122548252,0.0,1.9431409915813318
2026-12-13 16:00:00,0.6014892954369349,0.0,0.6014892954369349,1.7464928286570802,0.0,1.8983617702794349
2026-12-13 17:00:00,0.7204793770223915,0.0,0.7204793770223915,1.6999224385031075,0.0,1.8477417809816385
2026-12-13 18:00:00,0.7005605250752186,0.0,0.7005605250752186,1.6838019188344246,0.0,1.83021947699394
2026-12-13 19:00:00,0.6543815227889898,0.0,0.6543815227889898,1.6820107499823485,0.0,1.8282725543286396
2026-12-13 20:00:00,0.6061639125256837,0.0,0.6061639125256837,1.6784284122781967,0.0,1.8243787089980399
2026-12-13 21:00:00,0.5442292826547009,0.0,0.5442292826547009,1.6838019188344246,0.0,1.83021947699394
2026-12-13 22:00:00,0.46540465827193966,0.0,0.46540465827193966,1.6838019188344246,0.0,1.83021947699394
2026-12-13 23:00:00,0.37275376443732117,0.0,0.37275376443732117,1.6640990614615896,0.0,1.8088033276756408
2026-12-14 00:00:00,0.3018743659050536,0.0,0.3018743659050536,1.7447016598050045,0.0,1.8964148476141354
2026-12-14 01:00:00,0.25929372804536005,0.0,0.25929372804536005,1.7876897122548252,0.0,1.9431409915813318
2026-12-14 02:00:00,0.23741530406394337,0.0,0.23741530406394337,1.8575452974857847,0.0,2.019070975528027
2026-12-14 03:00:00,0.22588101355367232,0.0,0.22588101355367232,1.9094891941959853,0.0,2.075531732821723
2026-12-14 04:00:00,0.22434217838108172,0.0,0.22434217838108172,1.8933686745273022,0.0,2.058009428834024
2026-12-14 05:00:00,0.23861243405367522,0.0,0.23861243405367522,1.852171790929557,0.0,2.013230207532127
2026-12-14 06:00:00,0.2913814640878313,0.0,0.2913814640878313,1.8235130892963427,0.0,1.9820794448873291
2026-12-14 07:00:00,0.4208923257646372,0.0,0.4208923257646372,1.8772481548586193,0.0,2.0404871248463254
2026-12-14 08:00:00,0.4775828257881875,0.0,0.4775828257881875,1.8467982843733295,0.0,2.0073894395362277
2026-12-14 09:00:00,0.49111853036849745,0.03926144070855247,0.451857089659945,1.7769426991423705,0.0,1.931459455589533
2026-12-14 10:00:00,0.4573152955885215,0.03163386904925947,0.42568142653926205,1.7214164647280177,0.0,1.8711048529652365
2026-12-14 11:00:00,0.4332401953028829,0.11406645186777449,0.3191737434351084,1.6784284122781967,0.0,1.8243787089980399
2026-12-14 12:00:00,0.434204873044311,0.08409511939575014,0.35010975364856084,1.6031993204910098,0.0,1.7426079570554454
2026-12-14 13:00:00,0.42072495674780425,0.03808304939831439,0.3826419073494899,1.5530465926328851,0.0,1.6880941224270491
2026-12-14 14:00:00,0.43894922896167493,0.010358881750464984,0.4285903472112099,1.613946333603465,0.0,1.7542894930472446
2026-12-14 15:00:00,0.4993264249778976,0.0,0.4993264249778976,1.8038102319235083,0.0,1.9606632955690309
2026-12-14 16:00:00,0.6330935034651199,0.0,0.6330935034651199,1.8485894532254052,0.0,2.0093363622015272
2026-12-14 17:00:00,0.8171446922806004,0.0,0.8171446922806004,1.791272049958977,0.0,1.9470348369119315
2026-12-14 18:00:00,0.7945177713603265,0.0,0.7945177713603265,1.7858985434027494,0.0,1.941194068916032
2026-12-14 19:00:00,0.7342707480163545,0.0,0.7342707480163545,1.7590310106216112,0.0,1.9119902289365338
2026-12-14 20:00:00,0.6728475170035553,0.0,0.6728475170035553,1.735745815544625,0.0,1.8866802342876359
2026-12-14 21:00:00,0.5487644321169409,0.0,0.5487644321169409,1.6838019188344246,0.0,1.83021947699394
2026-12-14 22:00:00,0.472103940904989,0.0,0.472103940904989,1.6694725680178173,0.0,1.8146440956715404
2026-12-14 23:00:00,0.3925331435378695,0.0,0.3925331435378695,1.7984367253672806,0.0,1.954822527573131
2026-12-15 00:00:00,0.3170558360515788,0.0,0.3170558360515788,1.9166538696042887,0.0,2.0833194234829224
2026-12-15 01:00:00,0.2745728279816434,0.0,0.2745728279816434,1.89874218108353,0.0,2.063850196829924
2026-12-15 02:00:00,0.24974690715637257,0.0,0.24974690715637257,1.8611276351899366,0.0,2.022964820858627
2026-12-15 03:00:00,0.2361786576794391,0.0,0.2361786576794391,1.7518663352133077,0.0,1.9042025382753345
2026-12-15 04:00:00,0.23088106590956192,0.0,0.23088106590956192,1.5476730860766574,0.0,1.6822533544311495
2026-12-15 05:00:00,0.24374730894434274,0.0,0.24374730894434274,1.4796086696977742,0.0,1.6082702931497546
2026-12-15 06:00:00,0.2977320649413984,0.0,0.2977320649413984,1.5620024368932646,0.0,1.6978287357535484
2026-12-15 07:00:00,0.42323312271555347,0.0,0.42323312271555347,1.5315525664079745,0.0,1.6647310504434505
2026-12-15 08:00:00,0.46644138109363886,0.0,0.46644138109363886,1.57274945000572,0.0,1.7095102717453476
2026-12-15 09:00:00,0.46168307875978526,0.03441998803858207,0.42726309072120316,1.5745406188577957,0.0,1.7114571944106474
2026-12-15 10:00:00,0.42498813577244715,0.0694611435895377,0.35552699218290945,1.508267371330988,0.0,1.639421055794552
2026-12-15 11:00:00,0.40143605494514256,0.032857934441289725,0.36857812050385286,1.4240824352834218,0.0,1.5479156905254585
2026-12-15 12:00:00,0.4138676107013193,0.1381275581558916,0.27574005254542766,1.4581146434728633,0.0,1.584907221166156
2026-12-15 13:00:00,0.42178959038434954,0.09573287543639597,0.3260567149479536,1.4921468516623053,0.0,1.6218987518068537
2026-12-15 14:00:00,0.4497791886287658,0.03544308747072675,0.4143361011580391,1.4867733451060774,0.0,1.6160579838109537
2026-12-15 15:00:00,0.5038522745407549,0.0,0.5038522745407549,1.4903556828102293,0.0,1.6199518291415536
2026-12-15 16:00:00,0.6163615765729814,0.0,0.6163615765729814,1.5225967221475951,0.0,1.6549964371169512
2026-12-15 17:00:00,0.7869189014208382,0.0,0.7869189014208382,1.538717241816278,0.0,1.6725187411046498
2026-12-15 18:00:00,0.7696081687580851,0.0,0.7696081687580851,1.526179059851747,0.0,1.658890282447551
2026-12-15 19:00:00,0.7188684506776759,0.0,0.7188684506776759,1.5279702287038228,0.0,1.6608372051128508
2026-12-15 20:00:00,0.6620663738775786,0.0,0.6620663738775786,1.5620024368932646,0.0,1.6978287357535484
2026-12-15 21:00:00,0.5446872169508471,0.0,0.5446872169508471,1.640813866384603,0.0,1.7834933330267424
2026-12-15 22:00:00,0.47426342411934785,0.0,0.47426342411934785,1.717834127023866,0.0,1.8672110076346369
2026-12-15 23:00:00,0.3979748548867052,0.0,0.3979748548867052,1.7787338679944458,0.0,1.9334063782548323
2026-12-16 00:00:00,0.322695132399264,0.0,0.322695132399264,1.8235130892963427,0.0,1.9820794448873291
2026-12-16 01:00:00,0.2748076050365698,0.0,0.2748076050365698,1.8665011417461643,0.0,2.028805588854526
2026-12-16 02:00:00,0.24813833598445145,0.0,0.24813833598445145,1.880830492562771,0.0,2.044380970176925
2026-12-16 03:00:00,0.23695039988114774,0.0,0.23695039988114774,1.8539629597816332,0.0,2.015177130197427
2026-12-16 04:00:00,0.23209679268080372,0.0,0.23209679268080372,1.8002278942193566,0.0,1.956769450238431
2026-12-16 05:00:00,0.24589749441025946,0.0,0.24589749441025946,1.7590310106216112,0.0,1.9119902289365338
2026-12-16 06:00:00,0.29461022923826397,0.0,0.29461022923826397,1.705295945059335,0.0,1.853582548977538
2026-12-16 07:00:00,0.42447441869590463,0.0,0.42447441869590463,1.689175425390652,0.0,1.8360602449898389
2026-12-16 08:00:00,0.48344062782010255,0.0,0.48344062782010255,1.6676813991657418,0.0,1.812697173006241
2026-12-16 09:00:00,0.48958434377623833,0.029286221245141752,0.4602981225310966,1.612155164751389,0.0,1.7523425703819444
2026-12-16 10:00:00,0.4361505001988093,0.03575367122691354,0.40039682897189577,1.524387890999671,0.0,1.656943359782251
2026-12-16 11:00:00,0.40333518897352594,0.06307590695499182,0.3402592820185341,1.4599058123249393,0.0,1.5868541438314556
2026-12-16 12:00:00,0.41501359893370976,0.04034848385520621,0.37466511507850353,1.42050009757927,0.0,1.5440218451948589
2026-12-16 13:00:00,0.41666633619034715,0.04785730290183955,0.3688090332885076,1.4473676303604084,0.0,1.573225685174357
2026-12-16 14:00:00,0.432970552473449,0.019448024027107543,0.41352252844634146,1.4706528254373947,0.0,1.598535679823255
2026-12-16 15:00:00,0.49356625352833433,0.0,0.49356625352833433,1.5028938647747603,0.0,1.6335802877986525
2026-12-16 16:00:00,0.6190789456234664,0.0,0.6190789456234664,1.569167112301568,0.0,1.7056164264147478
2026-12-16 17:00:00,0.7855265125631733,0.0,0.7855265125631733,1.6067816581951613,0.0,1.7465018023860448
2026-12-16 18:00:00,0.7624091170566533,0.0,0.7624091170566533,1.6479785417929067,0.0,1.791281023687942
2026-12-16 19:00:00,0.7103304729391049,0.0,0.7103304729391049,1.6802195811302723,0.0,1.8263256316633394
2026-12-16 20:00:00,0.6603764437862301,0.0,0.6603764437862301,1.7196252958759422,0.0,1.869157930299937
2026-12-16 21:00:00,0.5438201688717118,0.0,0.5438201688717118,1.717834127023866,0.0,1.8672110076346369
2026-12-16 22:00:00,0.47403562078253936,0.0,0.47403562078253936,1.7142517893197142,0.0,1.8633171623040372
2026-12-16 23:00:00,0.3987628688591029,0.0,0.3987628688591029,1.7106694516155627,0.0,1.8594233169734375
2026-12-17 00:00:00,0.3234645501503624,0.0,0.3234645501503624,1.7214164647280177,0.0,1.8711048529652365
2026-12-17 01:00:00,0.27674160984550034,0.0,0.27674160984550034,1.7088782827634865,0.0,1.8574763943081376
2026-12-17 02:00:00,0.2504605361838672,0.0,0.2504605361838672,1.717834127023866,0.0,1.8672110076346369
2026-12-17 03:00:00,0.23575094512533273,0.0,0.23575094512533273,1.6838019188344246,0.0,1.83021947699394
2026-12-17 04:00:00,0.2309577755603778,0.0,0.2309577755603778,1.5888699696744026,0.0,1.7270325757330465
2026-12-17 05:00:00,0.24525127656966117,0.0,0.24525127656966117,1.4724439942894705,0.0,1.6004826024885548
2026-12-17 06:00:00,0.2945869835654011,0.0,0.2945869835654011,1.4061707467626632,0.0,1.52844646387246
2026-12-17 07:00:00,0.41918612517020953,0.0,0.41918612517020953,1.4903556828102293,0.0,1.6199518291415536
2026-12-17 08:00:00,0.47248979332763624,0.0,0.47248979332763624,1.4563234746207874,0.0,1.5829602985008557
2026-12-17 09:00:00,0.4724479502737681,0.029459782755952006,0.4429881675178161,1.3345239926796277,0.0,1.4505695572604649
2026-12-17 10:00:00,0.4254855818336677,0.010843027017462025,0.41464255481620566,1.1554071074720398,0.0,1.255877290730478
2026-12-17 11:00:00,0.39734721396488293,0.033195922646551815,0.3641512913183311,1.017487105862197,0.0,1.1059642455023881
2026-12-17 12:00:00,0.3957804847568828,0.017392690346459724,0.3783877944104231,0.9261374944063272,0.0,1.0066711895720948
2026-12-17 13:00:00,0.39820496451082715,0.07449442740303523,0.3237105371077919,0.899269961625189,0.0,0.9774673495925967
2026-12-17 14:00:00,0.4255971607398166,0.02384187069551465,0.401755290044302,0.8867317796606575,0.0,0.9638388909354973
2026-12-17 15:00:00,0.48876378618731015,0.0,0.48876378618731015,0.9494226894833134,0.0,1.031981184220993
2026-12-17 16:00:00,0.61149169827226,0.0,0.61149169827226,1.0300252878267282,0.0,1.119592704159487
2026-12-17 17:00:00,0.7654147272815692,0.0,0.7654147272815692,1.123166068134674,0.0,1.2208326827550804
2026-12-17 18:00:00,0.7489315246056826,0.0,0.7489315246056826,1.255712563188289,0.0,1.3649049599872707
2026-12-17 19:00:00,0.6989472774956409,0.0,0.6989472774956409,1.39005022709398,0.0,1.510924159884761
2026-12-17 20:00:00,0.6581449017925548,0.0,0.6581449017925548,1.5154320467392917,0.0,1.6472087464557517
2026-12-17 21:00:00,0.543852713450212,0.0,0.543852713450212,1.5745406188577957,0.0,1.7114571944106474
2026-12-17 22:00:00,0.478682345846814,0.0,0.478682345846814,1.596034645082706,0.0,1.7348202663942458
2026-12-17 23:00:00,0.40982528238841476,0.0,0.40982528238841476,1.596034645082706,0.0,1.7348202663942458
2026-12-18 00:00:00,0.3370188528422529,0.0,0.3370188528422529,1.6479785417929067,0.0,1.791281023687942
2026-12-18 01:00:00,0.2902238527481498,0.0,0.2902238527481498,1.6730549057219688,0.0,1.81853794100214
2026-12-18 02:00:00,0.2588753152698203,0.0,0.2588753152698203,1.640813866384603,0.0,1.7834933330267424
2026-12-18 03:00:00,0.24275473754100982,0.0,0.24275473754100982,1.6515608794970584,0.0,1.7951748690185416
2026-12-18 04:00:00,0.23653895888266552,0.0,0.23653895888266552,1.6999224385031075,0.0,1.8477417809816385
2026-12-18 05:00:00,0.24717598255561465,0.0,0.24717598255561465,1.7554486729174594,0.0,1.9080963836059341
2026-12-18 06:00:00,0.2929342468205662,0.0,0.2929342468205662,1.7787338679944458,0.0,1.9334063782548323
2026-12-18 07:00:00,0.4188025785817689,0.0,0.4188025785817689,1.791272049958977,0.0,1.9470348369119315
2026-12-18 08:00:00,0.49112782947856554,0.0,0.49112782947856554,1.7984367253672806,0.0,1.954822527573131
2026-12-18 09:00:00,0.5034687278527316,0.04666977677524304,0.4567989510774885,1.7697780237340663,0.0,1.923671764928333
2026-12-18 10:00:00,0.46940979488084034,0.10267533586880638,0.36673445901203394,1.7124606204676387,0.0,1.8613702396387377
2026-12-18 11:00:00,0.45105535011456044,0.13723234615276497,0.31382300396179547,1.6264845155679966,0.0,1.767917951704344
2026-12-18 12:00:00,0.46186903661423584,0.13252791572817108,0.32934112088606476,1.596034645082706,0.0,1.7348202663942458
2026-12-18 13:00:00,0.4616226372118246,0.06447353385783233,0.3971491033539923,1.5584200991891128,0.0,1.6939348904229488
2026-12-18 14:00:00,0.48125789682819686,0.04075955059133577,0.44049834623686107,1.5996169827868578,0.0,1.7387141117248455
2026-12-18 15:00:00,0.5308795188268886,0.0,0.5308795188268886,1.630066853272148,0.0,1.7718117970349436
2026-12-18 16:00:00,0.629513736269321,0.0,0.629513736269321,1.6909665942427279,0.0,1.838007167655139
2026-12-18 17:00:00,0.7647057481120813,0.0,0.7647057481120813,1.7411193221008525,0.0,1.8925210022835353
2026-12-18 18:00:00,0.7430806980203211,0.0,0.7430806980203211,1.7554486729174594,0.0,1.9080963836059341
2026-12-18 19:00:00,0.6838332204684834,0.0,0.6838332204684834,1.8163484138880392,0.0,1.9742917542261296
2026-12-18 20:00:00,0.6353250461888701,0.0,0.6353250461888701,1.775151530290294,0.0,1.9295125329242326
2026-12-18 21:00:00,0.5238989957372365,0.0,0.5238989957372365,1.7160429581717904,0.0,1.8652640849693372
2026-12-18 22:00:00,0.468921667443684,0.0,0.468921667443684,1.6676813991657418,0.0,1.812697173006241
2026-12-18 23:00:00,0.41144082540108556,0.0,0.41144082540108556,1.6157375024555412,0.0,1.7562364157125447
2026-12-19 00:00:00,0.3409217282612955,0.0,0.3409217282612955,1.538717241816278,0.0,1.6725187411046498
2026-12-19 01:00:00,0.292492586372804,0.0,0.292492586372804,1.4240824352834218,0.0,1.5479156905254585
2026-12-19 02:00:00,0.2611696191005146,0.0,0.2611696191005146,1.3201946418630206,0.0,1.434994175938066
2026-12-19 03:00:00,0.24349393548200393,0.0,0.24349393548200393,1.255712563188289,0.0,1.3649049599872707
2026-12-19 04:00:00,0.23310098666370233,0.0,0.23310098666370233,1.243174381223758,0.0,1.3512765013301715
2026-12-19 05:00:00,0.23670864865434468,0.0,0.23670864865434468,1.2378008746675302,0.0,1.345435733334272
2026-12-19 06:00:00,0.26038393057757575,0.0,0.26038393057757575,1.243174381223758,0.0,1.3512765013301715
2026-12-19 07:00:00,0.31818555517744185,0.0,0.31818555517744185,1.1876481468094053,0.0,1.2909218987058755
2026-12-19 08:00:00,0.41181507516151505,0.0,0.41181507516151505,1.167945289436571,0.0,1.2695057493875772
2026-12-19 09:00:00,0.48417286998779263,0.03947154148479647,0.44470132850299615,1.0980897042056115,0.0,1.193575765440882
2026-12-19 10:00:00,0.489186866099752,0.07369969837985141,0.4154871677199006,1.001366586193514,0.0,1.088441941514689
2026-12-19 11:00:00,0.4832151616139926,0.07353527168539958,0.409679889928593,0.8974787927731129,0.0,0.9755204269272966
2026-12-19 12:00:00,0.4946309020892392,0.07814835394640912,0.4164825481428301,0.8204585321338502,0.0,0.8918027523194024
2026-12-19 13:00:00,0.48695067282245036,0.0647567131649438,0.42219395965750656,0.763141128867422,0.0,0.8295012270298066
2026-12-19 14:00:00,0.4937266620553887,0.009463669747338381,0.4842629923080503,0.7649322977194979,0.0,0.8314481496951064
2026-12-19 15:00:00,0.5249380540055988,0.0,0.5249380540055988,0.8168761944296982,0.0,0.8879089069888023
2026-12-19 16:00:00,0.5956942542687956,0.0,0.5956942542687956,0.8706112599919748,0.0,0.9463165869477986
2026-12-19 17:00:00,0.6994470779179551,0.0,0.6994470779179551,0.9010611304772648,0.0,0.9794142722578965
2026-12-19 18:00:00,0.6806184294756947,0.0,0.6806184294756947,0.9135993124417959,0.0,0.9930427309149956
2026-12-19 19:00:00,0.6203342124420507,0.0,0.6203342124420507,0.9709167157082242,0.0,1.0553442562045914
2026-12-19 20:00:00,0.571114732417467,0.0,0.571114732417467,0.9906195730810589,0.0,1.07676040552289
2026-12-19 21:00:00,0.5188989397817036,0.0,0.5188989397817036,0.9995754173414382,0.0,1.0864950188493894
2026-12-19 22:00:00,0.46850325038166163,0.0,0.46850325038166163,1.0103224304538934,0.0,1.0981765548411884
2026-12-19 23:00:00,0.4061571813331022,0.0,0.4061571813331022,0.9834548976727552,0.0,1.0689727148616903
2026-12-20 00:00:00,0.34550801567504863,0.0,0.34550801567504863,0.9942019107852105,0.0,1.0806542508534895
2026-12-20 01:00:00,0.298564245578028,0.0,0.298564245578028,0.9744990534123759,0.0,1.059238101535191
2026-12-20 02:00:00,0.2723645309781415,0.0,0.2723645309781415,0.9959930796372863,0.0,1.0826011735187895
2026-12-20 03:00:00,0.25285479681115275,0.0,0.25285479681115275,1.031816456678804,0.0,1.121539626824787
2026-12-20 04:00:00,0.24512575260286035,0.0,0.24512575260286035,1.0228606124184245,0.0,1.1118050134982875
2026-12-20 05:00:00,0.2482475883228244,0.0,0.2482475883228244,1.0031577550455901,0.0,1.0903888641799893
2026-12-20 06:00:00,0.2697889563114249,0.0,0.2697889563114249,0.987037235376907,0.0,1.0728665601922902
2026-12-20 07:00:00,0.31309949587740143,0.0,0.31309949587740143,1.0156959370101213,0.0,1.1040173228370882
2026-12-20 08:00:00,0.398314237454109,0.0,0.398314237454109,0.8974787927731129,0.0,0.9755204269272966
2026-12-20 09:00:00,0.4700699794410549,0.011418520448043415,0.45865145899301146,0.9386756763708581,0.0,1.0202996482291935
2026-12-20 10:00:00,0.4892310311254146,0.057887331263400885,0.4313436998620137,0.987037235376907,0.0,1.0728665601922902
2026-12-20 11:00:00,0.5059071700703869,0.040704741693185165,0.4652024283772017,0.9942019107852105,0.0,1.0806542508534895
2026-12-20 12:00:00,0.5191174424251627,0.007079482677786917,0.5120379597473758,0.9368845075187823,0.0,1.0183527255638938
2026-12-20 13:00:00,0.5124530309632035,0.003699600625166066,0.5087534303380374,0.8724024288440506,0.0,0.9482635096130984
2026-12-20 14:00:00,0.5147519870611477,0.03600031126859127,0.4787516757925564,0.9315110009625546,0.0,1.0125119575679942
2026-12-20 15:00:00,0.539545366539904,0.0,0.539545366539904,1.073013340276549,0.0,1.1663188481266835
2026-12-20 16:00:00,0.6139836143588877,0.0,0.6139836143588877,1.180483471401102,0.0,1.2831342080446761
2026-12-20 17:00:00,0.7244426912786608,0.0,0.7244426912786608,1.243174381223758,0.0,1.3512765013301715
2026-12-20 18:00:00,0.7025712386401969,0.0,0.7025712386401969,1.3022829533422622,0.0,1.4155249492850674
2026-12-20 19:00:00,0.6547394994741481,0.0,0.6547394994741481,1.356018018904538,0.0,1.4739326292440633
2026-12-20 20:00:00,0.607588846196707,0.0,0.607588846196707,1.4133354221709664,0.0,1.536234154533659
2026-12-20 21:00:00,0.5461330690625618,0.0,0.5461330690625618,1.452741136916636,0.0,1.5790664531702565
2026-12-20 22:00:00,0.4688589017861105,0.0,0.4688589017861105,1.4599058123249393,0.0,1.5868541438314556
2026-12-20 23:00:00,0.3855037807443583,0.0,0.3855037807443583,1.4491587992124841,0.0,1.5751726078396566
2026-12-21 00:00:00,0.3134226030778654,0.0,0.3134226030778654,1.45094996806456,0.0,1.5771195305049563
2026-12-21 01:00:00,0.26779916275027554,0.0,0.26779916275027554,1.4849821762540016,0.0,1.614111061145654
2026-12-21 02:00:00,0.24506996274731718,0.0,0.24506996274731718,1.4939380205143813,0.0,1.6238456744721534
2026-12-21 03:00:00,0.23090895968435718,0.0,0.23090895968435718,1.5673759434494923,0.0,1.703669503749448
2026-12-21 04:00:00,0.2287680727160422,0.0,0.2287680727160422,1.6067816581951613,0.0,1.7465018023860448
2026-12-21 05:00:00,0.239179617816511,0.0,0.239179617816511,1.6175286713076167,0.0,1.7581833383778442
2026-12-21 06:00:00,0.28762968143422263,0.0,0.28762968143422263,1.6784284122781967,0.0,1.8243787089980399
2026-12-21 07:00:00,0.4123845662272385,0.0,0.4123845662272385,1.6175286713076167,0.0,1.7581833383778442
2026-12-21 08:00:00,0.47602306963503693,0.0,0.47602306963503693,1.6712637368698933,0.0,1.8165910183368406
2026-12-21 09:00:00,0.4979293856524221,0.012989708861694187,0.4849396767907279,1.6533520483491344,0.0,1.7971217916838418
2026-12-21 10:00:00,0.4693005426558346,0.07908010521496946,0.39022043744086515,1.5942434762306306,0.0,1.7328733437289463
2026-12-21 11:00:00,0.44969550236890105,0.03742534262050709,0.412270159748394,1.5064762024789125,0.0,1.6374741331292526
2026-12-21 12:00:00,0.449649012539126,0.04640486710084843,0.4032441454382776,1.4294559418396493,0.0,1.553756458521358
2026-12-21 13:00:00,0.43593664462959697,0.014880615847890176,0.4210560287817068,1.3703473697211452,0.0,1.4895080105664622
2026-12-21 14:00:00,0.4556532604459114,0.007782863537386391,0.44787039690852504,1.3685562008690695,0.0,1.4875610879011623
2026-12-21 15:00:00,0.5128365604294342,0.0,0.5128365604294342,1.3936325647981318,0.0,1.5148180052153606
2026-12-21 16:00:00,0.6351971979581066,0.0,0.6351971979581066,1.4097530844668147,0.0,1.5323403092030594
2026-12-21 17:00:00,0.8153827026359035,0.0,0.8153827026359035,1.42050009757927,0.0,1.5440218451948589
2026-12-21 18:00:00,0.7888738257345109,0.0,0.7888738257345109,1.4097530844668147,0.0,1.5323403092030594
2026-12-21 19:00:00,0.7254979921571438,0.0,0.7254979921571438,1.4097530844668147,0.0,1.5323403092030594
2026-12-21 20:00:00,0.6648581258469567,0.0,0.6648581258469567,1.4402029549521045,0.0,1.5654379945131571
2026-12-21 21:00:00,0.5428531669568961,0.0,0.5428531669568961,1.4742351631415462,0.0,1.6024295251538545
2026-12-21 22:00:00,0.47028151433661447,0.0,0.47028151433661447,1.5064762024789125,0.0,1.6374741331292526
2026-12-21 23:00:00,0.390320196751745,0.0,0.390320196751745,1.554837761484961,0.0,1.6900410450923486
2026-12-22 00:00:00,0.3195616731831625,0.0,0.3195616731831625,1.6031993204910098,0.0,1.7426079570554454
2026-12-22 01:00:00,0.27419625488804983,0.0,0.27419625488804983,1.6336491909762998,0.0,1.775705642365543
2026-12-22 02:00:00,0.24520013732023868,0.0,0.24520013732023868,1.6730549057219688,0.0,1.81853794100214
2026-12-22 03:00:00,0.22798935801884654,0.0,0.22798935801884654,1.6855930876865,0.0,1.832166399659239
2026-12-22 04:00:00,0.22212923127087203,0.0,0.22212923127087203,1.6838019188344246,0.0,1.83021947699394
2026-12-22 05:00:00,0.23442596567210694,0.0,0.23442596567210694,1.6730549057219688,0.0,1.81853794100214
2026-12-22 06:00:00,0.2798239286319249,0.0,0.2798239286319249,1.6282756844200719,0.0,1.7698648743696432
2026-12-22 07:00:00,0.3939603867993112,0.0,0.3939603867993112,1.57274945000572,0.0,1.7095102717453476
2026-12-22 08:00:00,0.4495792808739786,0.0,0.4495792808739786,1.5924523073785544,0.0,1.730926421063646
2026-12-22 09:00:00,0.4723944854243856,0.024618330085981598,0.44777615533840404,1.554837761484961,0.0,1.6900410450923486
2026-12-22 10:00:00,0.4550395853211598,0.04592985665020983,0.40910972867094997,1.4796086696977742,0.0,1.6082702931497546
2026-12-22 11:00:00,0.44243833804119254,0.07988396905451173,0.3625543689866808,1.377512045129449,0.0,1.4972957012276618
2026-12-22 12:00:00,0.4572734528299961,0.04767460657467086,0.4095988462553252,1.3058652910464137,0.0,1.4194187946156671
2026-12-22 13:00:00,0.4592144324129137,0.047619797676520255,0.41159463473639346,1.2933271090818823,0.0,1.4057903359585677
2026-12-22 14:00:00,0.4790170567864251,0.030291051044569563,0.4487260057418555,1.341688668087931,0.0,1.458357247921664
2026-12-22 15:00:00,0.520960774458111,0.0,0.520960774458111,1.3793032139815247,0.0,1.4992426238929617
2026-12-22 16:00:00,0.6224797251316037,0.0,0.6224797251316037,1.3954237336502078,0.0,1.5167649278806605
2026-12-22 17:00:00,0.7752660613889252,0.0,0.7752660613889252,1.4043795779105872,0.0,1.5264995412071598
2026-12-22 18:00:00,0.7543383681618694,0.0,0.7543383681618694,1.4491587992124841,0.0,1.5751726078396566
2026-12-22 19:00:00,0.6947003707238404,0.0,0.6947003707238404,1.4688616565853188,0.0,1.5965887571579551
2026-12-22 20:00:00,0.6382585957268251,0.0,0.6382585957268251,1.508267371330988,0.0,1.639421055794552
2026-12-22 21:00:00,0.5235386937547828,0.0,0.5235386937547828,1.5118497090351402,0.0,1.6433149011251522
2026-12-22 22:00:00,0.4581172772018141,0.0,0.4581172772018141,1.5225967221475951,0.0,1.6549964371169512
2026-12-22 23:00:00,0.39125000602443616,0.0,0.39125000602443616,1.538717241816278,0.0,1.6725187411046498
2026-12-23 00:00:00,0.3161237020562961,0.0,0.3161237020562961,1.5566289303370369,0.0,1.6919879677576486
2026-12-23 01:00:00,0.26940541060122436,0.0,0.26940541060122436,1.5799141254140234,0.0,1.7172979624065472
2026-12-23 02:00:00,0.24157155470650152,0.0,0.24157155470650152,1.5781229565619477,0.0,1.7153510397412473
2026-12-23 03:00:00,0.2269758654847542,0.0,0.2269758654847542,1.613946333603465,0.0,1.7542894930472446
2026-12-23 04:00:00,0.2225801897746224,0.0,0.2225801897746224,1.6175286713076167,0.0,1.7581833383778442
2026-12-23 05:00:00,0.23230832431941328,0.0,0.23230832431941328,1.646187372940831,0.0,1.7893341010226422
2026-12-23 06:00:00,0.2745681792102246,0.0,0.2745681792102246,1.6533520483491344,0.0,1.7971217916838418
2026-12-23 07:00:00,0.3822424602452011,0.0,0.3822424602452011,1.5996169827868578,0.0,1.7387141117248455
2026-12-23 08:00:00,0.4475453227704356,0.0,0.4475453227704356,1.6211110090117686,0.0,1.7620771837084441
2026-12-23 09:00:00,0.4785753975744857,0.04054031499873334,0.43803508257575235,1.5888699696744026,0.0,1.7270325757330465
2026-12-23 10:00:00,0.45772441313912404,0.014953694378757657,0.4427707187603664,1.526179059851747,0.0,1.658890282447551
2026-12-23 11:00:00,0.4380728832965584,0.10210897725458343,0.335963906041975,1.4724439942894705,0.0,1.6004826024885548
2026-12-23 12:00:00,0.4550558581176267,0.06516777990107336,0.38988807821655336,1.45094996806456,0.0,1.5771195305049563
2026-12-23 13:00:00,0.4531311531354034,0.07306026123476099,0.3800708919006424,1.45094996806456,0.0,1.5771195305049563
2026-12-23 14:00:00,0.4584752353469403,0.041188886960182206,0.4172863483867581,1.4670704877332428,0.0,1.5946418344926552
2026-12-23 15:00:00,0.49753421801143116,0.0,0.49753421801143116,1.5118497090351402,0.0,1.6433149011251522
2026-12-23 16:00:00,0.6049760573943379,0.0,0.6049760573943379,1.5637936057453405,0.0,1.6997756584188484
2026-12-23 17:00:00,0.7595685485597137,0.0,0.7595685485597137,1.5530465926328851,0.0,1.6880941224270491
2026-12-23 18:00:00,0.7313953121913569,0.0,0.7313953121913569,1.5620024368932646,0.0,1.6978287357535484
2026-12-23 19:00:00,0.6772617889595218,0.0,0.6772617889595218,1.4742351631415462,0.0,1.6024295251538545
2026-12-23 20:00:00,0.624151057116021,0.0,0.624151057116021,1.4670704877332428,0.0,1.5946418344926552
2026-12-23 21:00:00,0.5133526267896442,0.0,0.5133526267896442,1.4670704877332428,0.0,1.5946418344926552
2026-12-23 22:00:00,0.4475220945795034,0.0,0.4475220945795034,1.5064762024789125,0.0,1.6374741331292526
2026-12-23 23:00:00,0.37641256567101694,0.0,0.37641256567101694,1.526179059851747,0.0,1.658890282447551
2026-12-24 00:00:00,0.3050147987082277,0.0,0.3050147987082277,1.554837761484961,0.0,1.6900410450923486
2026-12-24 01:00:00,0.25837554114113254,0.0,0.25837554114113254,1.5978258139347823,0.0,1.736767189059546
2026-12-24 02:00:00,0.22893543847701583,0.0,0.22893543847701583,1.6730549057219688,0.0,1.81853794100214
2026-12-24 03:00:00,0.21531140072175325,0.0,0.21531140072175325,1.7267899712842454,0.0,1.8769456209611364
2026-12-24 04:00:00,0.2105763444708207,0.0,0.2105763444708207,1.750075166361232,0.0,1.9022556156100348
2026-12-24 05:00:00,0.22271501132363858,0.0,0.22271501132363858,1.782316205698598,0.0,1.9373002235854324
2026-12-24 06:00:00,0.26191811614382415,0.0,0.26191811614382415,1.764404517177839,0.0,1.9178309969324336
2026-12-24 07:00:00,0.3665472708013042,0.0,0.3665472708013042,1.7429104909529283,0.0,1.894467924948835
2026-12-24 08:00:00,0.42719178688417614,0.0,0.42719178688417614,1.8127660761838877,0.0,1.97039790889553
2026-12-24 09:00:00,0.452454716887204,0.0009043468194850383,0.451550370067719,1.8109749073318118,0.0,1.9684509862302302
2026-12-24 10:00:00,0.43156188970890313,0.020635550153704055,0.4109263395551991,1.7787338679944458,0.0,1.9334063782548323
2026-12-24 11:00:00,0.41350498354238746,0.05801521869241897,0.35548976484996847,1.6390226975325275,0.0,1.781546410361443
2026-12-24 12:00:00,0.4125240338399262,0.07823970210999347,0.3342843317299327,1.3793032139815247,0.0,1.4992426238929617
2026-12-24 13:00:00,0.4120126392329512,0.011555542693419935,0.4004570965395313,1.3112387976026412,0.0,1.4252595626115665
2026-12-24 14:00:00,0.4356646749542808,0.017319611815592252,0.4183450631386885,1.3434798369400072,0.0,1.4603041705869644
2026-12-24 15:00:00,0.49093024281396075,0.0,0.49093024281396075,1.3793032139815247,0.0,1.4992426238929617
2026-12-24 16:00:00,0.6006989323680174,0.0,0.6006989323680174,1.4097530844668147,0.0,1.5323403092030594
2026-12-24 17:00:00,0.7450356233517523,0.0,0.7450356233517523,1.431247110691725,0.0,1.5557033811866576
2026-12-24 18:00:00,0.7238406095964537,0.0,0.7238406095964537,1.436620617247953,0.0,1.5615441491825575
2026-12-24 19:00:00,0.6765272404373848,0.0,0.6765272404373848,1.431247110691725,0.0,1.5557033811866576
2026-12-24 20:00:00,0.6317429546629291,0.0,0.6317429546629291,1.4581146434728633,0.0,1.584907221166156
2026-12-24 21:00:00,0.5199310321509762,0.0,0.5199310321509762,1.4688616565853188,0.0,1.5965887571579551
2026-12-24 22:00:00,0.4595422113911599,0.0,0.4595422113911599,1.4760263319936224,0.0,1.6043764478191547
2026-12-24 23:00:00,0.39732863809277075,0.0,0.39732863809277075,1.4706528254373947,0.0,1.598535679823255
2026-12-25 00:00:00,0.33679569733347786,0.0,0.33679569733347786,1.4885645139581531,0.0,1.6180049064762534
2026-12-25 01:00:00,0.2898031120046673,0.0,0.2898031120046673,1.54229957952043,0.0,1.6764125864352497
2026-12-25 02:00:00,0.2613346615146907,0.0,0.2613346615146907,1.57274945000572,0.0,1.7095102717453476
2026-12-25 03:00:00,0.24283377129388484,0.0,0.24283377129388484,1.6282756844200719,0.0,1.7698648743696432
2026-12-25 04:00:00,0.23511402539164178,0.0,0.23511402539164178,1.6640990614615896,0.0,1.8088033276756408
2026-12-25 05:00:00,0.23765008124953144,0.0,0.23765008124953144,1.6569343860532861,0.0,1.8010156370144412
2026-12-25 06:00:00,0.2561997863357357,0.0,0.2561997863357357,1.658725554905362,0.0,1.8029625596797414
2026-12-25 07:00:00,0.2979064039939513,0.0,0.2979064039939513,1.640813866384603,0.0,1.7834933330267424
2026-12-25 08:00:00,0.3806571496391339,0.0,0.3806571496391339,1.6479785417929067,0.0,1.791281023687942
2026-12-25 09:00:00,0.46048596589143975,0.026564045970328194,0.43392191992111157,1.6336491909762998,0.0,1.775705642365543
2026-12-25 10:00:00,0.49065131678640567,0.02844581814016575,0.46220549864623994,1.5297613975558986,0.0,1.6627841277781508
2026-12-25 11:00:00,0.5114465120063166,0.11296113908840387,0.39848537291791275,1.4688616565853188,0.0,1.5965887571579551
2026-12-25 12:00:00,0.525393658697743,0.1079917989894154,0.4174018597083276,1.4276647729875733,0.0,1.551809535856058
2026-12-25 13:00:00,0.517013747961895,0.09876563446739632,0.4182481134944987,1.431247110691725,0.0,1.5557033811866576
2026-12-25 14:00:00,0.5186106975956616,0.0435548043970168,0.4750558931986448,1.4688616565853188,0.0,1.5965887571579551
2026-12-25 15:00:00,0.5416072195133377,0.0,0.5416072195133377,1.5530465926328851,0.0,1.6880941224270491
2026-12-25 16:00:00,0.6103015670029867,0.0,0.6103015670029867,1.640813866384603,0.0,1.7834933330267424
2026-12-25 17:00:00,0.7095471379453002,0.0,0.7095471379453002,1.6999224385031075,0.0,1.8477417809816385
2026-12-25 18:00:00,0.68423539002039,0.0,0.68423539002039,1.7393281532487765,0.0,1.8905740796182353
2026-12-25 19:00:00,0.6308294410695556,0.0,0.6308294410695556,1.7661956860299148,0.0,1.9197779195977334
2026-12-25 20:00:00,0.5798200770373402,0.0,0.5798200770373402,1.8235130892963427,0.0,1.9820794448873291
2026-12-25 21:00:00,0.5223043687231224,0.0,0.5223043687231224,1.8539629597816332,0.0,2.015177130197427
2026-12-25 22:00:00,0.4566109828407148,0.0,0.4566109828407148,1.8915775056752266,0.0,2.0560625061687245
2026-12-25 23:00:00,0.3866892882124748,0.0,0.3866892882124748,1.9166538696042887,0.0,2.0833194234829224
2026-12-26 00:00:00,0.33679569733347786,0.0,0.33679569733347786,1.972180104018641,0.0,2.1436740261072185
2026-12-26 01:00:00,0.2898031120046673,0.0,0.2898031120046673,1.988300623687324,0.0,2.161196330094917
2026-12-26 02:00:00,0.2613346615146907,0.0,0.2613346615146907,1.9238185450125924,0.0,2.091107114144122
2026-12-26 03:00:00,0.24283377129388484,0.0,0.24283377129388484,1.855754128633709,0.0,2.017124052862727
2026-12-26 04:00:00,0.23511402539164178,0.0,0.23511402539164178,1.8450071155212535,0.0,2.005442516870928
2026-12-26 05:00:00,0.23765008124953144,0.0,0.23765008124953144,1.8485894532254052,0.0,2.0093363622015272
2026-12-26 06:00:00,0.2561997863357357,0.0,0.2561997863357357,1.8772481548586193,0.0,2.0404871248463254
2026-12-26 07:00:00,0.2979064039939513,0.0,0.2979064039939513,1.9524772466458065,0.0,2.12225787678892
2026-12-26 08:00:00,0.3806571496391339,0.0,0.3806571496391339,1.9829271171310963,0.0,2.1553555620990177
2026-12-26 09:00:00,0.46048596589143975,0.02986171467572313,0.4306242512157166,1.9578507532020337,0.0,2.128098644784819
2026-12-26 10:00:00,0.49065131678640567,0.06126721331602173,0.4293841034703839,1.9220273761605162,0.0,2.089160191478822
2026-12-26 11:00:00,0.5114465120063166,0.060527293190988526,0.4509192188153281,1.8467982843733295,0.0,2.0073894395362277
2026-12-26 12:00:00,0.525393658697743,0.058307532815888886,0.4670861258818541,1.8306777647046466,0.0,1.9898671355485287
2026-12-26 13:00:00,0.517013747961895,0.03167040831469321,0.48534333964720183,1.8450071155212535,0.0,2.005442516870928
2026-12-26 14:00:00,0.5186106975956616,0.0211196954207011,0.4974910021749605,1.8790393237106955,0.0,2.0424340475116254
2026-12-26 15:00:00,0.5416072195133377,0.0,0.5416072195133377,1.9166538696042887,0.0,2.0833194234829224
2026-12-26 16:00:00,0.6103015670029867,0.0,0.6103015670029867,1.954268415497882,0.0,2.1242047994542195
2026-12-26 17:00:00,0.7095471379453002,0.0,0.7095471379453002,1.973971272870717,0.0,2.1456209487725184
2026-12-26 18:00:00,0.68423539002039,0.0,0.68423539002039,1.9793447794269443,0.0,2.151461716768418
2026-12-26 19:00:00,0.6308294410695556,0.0,0.6308294410695556,1.938147895829199,0.0,2.106682495466521
2026-12-26 20:00:00,0.5798200770373402,0.0,0.5798200770373402,1.9363567269771236,0.0,2.1047355728012214
2026-12-26 21:00:00,0.5223043687231224,0.0,0.5223043687231224,1.938147895829199,0.0,2.106682495466521
2026-12-26 22:00:00,0.4566109828407148,0.0,0.4566109828407148,1.9524772466458065,0.0,2.12225787678892
2026-12-26 23:00:00,0.3866892882124748,0.0,0.3866892882124748,1.9829271171310963,0.0,2.1553555620990177
2026-12-27 00:00:00,0.32808570352584,0.0,0.32808570352584,1.9954652990956274,0.0,2.168984020756117
2026-12-27 01:00:00,0.2810443029599046,0.0,0.2810443029599046,2.0062123122080826,0.0,2.180665556747916
2026-12-27 02:00:00,0.25032338825195555,0.0,0.25032338825195555,2.0133769876163865,0.0,2.188453247409116
2026-12-27 03:00:00,0.2328080967250928,0.0,0.2328080967250928,2.033079844989221,0.0,2.209869396727414
2026-12-27 04:00:00,0.22512321890625026,0.0,0.22512321890625026,2.0689032220307384,0.0,2.2488078500334114
2026-12-27 05:00:00,0.22705722323587535,0.0,0.22705722323587535,2.106517767924332,0.0,2.2896932260047085
2026-12-27 06:00:00,0.24261991445903863,0.0,0.24261991445903863,2.1548793269303808,0.0,2.342260137967805
2026-12-27 07:00:00,0.28270866306374204,0.0,0.28270866306374204,2.2480201072383266,0.0,2.4435001165633983
2026-12-27 08:00:00,0.3629954127763305,0.0,0.3629954127763305,2.2945904973922993,0.0,2.4941201058611946
2026-12-27 09:00:00,0.4508973032796075,0.045920721833851395,0.4049765814457561,2.2748876400194646,0.0,2.4727039565428965
2026-12-27 10:00:00,0.4920669533935945,0.10463932138586984,0.3874276320077247,2.1907027039718985,0.0,2.3811985912738027
2026-12-27 11:00:00,0.5169765558292373,0.14099589049244005,0.37598066533679725,2.101144261368104,0.0,2.2838524580088087
2026-12-27 12:00:00,0.5316791730740345,0.13970788138590076,0.3919712916881337,2.02054166302469,0.0,2.1962409380703147
2026-12-27 13:00:00,0.5216023592630026,0.1019993594582822,0.4196029998047204,1.9650154286103374,0.0,2.1358863354460187
2026-12-27 14:00:00,0.522481030758928,0.047089978327731034,0.475391052431197,1.973971272870717,0.0,2.1456209487725184
2026-12-27 15:00:00,0.5436946422658078,0.0,0.5436946422658078,2.079650235143194,0.0,2.2604893860252107
2026-12-27 16:00:00,0.6066032479639846,0.0,0.6066032479639846,2.2157790679009604,0.0,2.4084555085880006
2026-12-27 17:00:00,0.694649260077437,0.0,0.694649260077437,2.289216990836072,0.0,2.488279337865295
2026-12-27 18:00:00,0.665918137604902,0.0,0.665918137604902,2.3608637449191066,0.0,2.56615624447729
2026-12-27 19:00:00,0.6069007864721393,0.0,0.6069007864721393,2.402060628516852,0.0,2.610935465779187
2026-12-27 20:00:00,0.5520513078820534,0.0,0.5520513078820534,2.441466343262521,0.0,2.6537677644157838
2026-12-27 21:00:00,0.4984663702801114,0.0,0.4984663702801114,2.466542707191584,0.0,2.6810246817299825
2026-12-27 22:00:00,0.4443630638894383,0.0,0.4443630638894383,2.5059484219372536,0.0,2.72385698036658
2026-12-27 23:00:00,0.3878678221020613,0.0,0.3878678221020613,2.531024785866316,0.0,2.751113897680778
2026-12-28 00:00:00,0.3200986372471577,0.0,0.3200986372471577,2.5758040071682125,0.0,2.7997869643132747
2026-12-28 01:00:00,0.277531946689621,0.0,0.277531946689621,2.61162738420973,0.0,2.838725417619272
2026-12-28 02:00:00,0.25419139716778705,0.0,0.25419139716778705,2.652824267807475,0.0,2.8835046389211683
2026-12-28 03:00:00,0.24118103409617428,0.0,0.24118103409617428,2.6725271251803107,0.0,2.9049207882394676
2026-12-28 04:00:00,0.23693645232899982,0.0,0.23693645232899982,2.7101416710739037,0.0,2.9458061642107647
2026-12-28 05:00:00,0.24735497088686764,0.0,0.24735497088686764,2.726262190742587,0.0,2.9633284681984637
2026-12-28 06:00:00,0.28229489789467366,0.0,0.28229489789467366,2.735218035002966,0.0,2.973063081524963
2026-12-28 07:00:00,0.3818705349784091,0.0,0.3818705349784091,2.726262190742587,0.0,2.9633284681984637
2026-12-28 08:00:00,0.4646840391785902,0.0,0.4646840391785902,2.7513385546716487,0.0,2.9905853855126616
2026-12-28 09:00:00,0.49770390524474073,0.022754827548860917,0.4749490776958798,2.685065307144842,0.0,2.918549246896567
2026-12-28 10:00:00,0.47069757986356303,0.06701301280547718,0.40368456705808586,2.5435629678308467,0.0,2.7647423563378766
2026-12-28 11:00:00,0.46257801585442393,0.08804136006259393,0.37453665579183,2.3751930957357144,0.0,2.5817316257996894
2026-12-28 12:00:00,0.47169247597634184,0.10085750741347786,0.37083496856286396,2.2533936137945547,0.0,2.4493408845592985
2026-12-28 13:00:00,0.4791658218024684,0.08181141530614144,0.397354406496327,2.169208677746988,0.0,2.3578355192902043
2026-12-28 14:00:00,0.5037499914868162,0.024627464902340034,0.4791225265844762,2.1602528334866085,0.0,2.348100905963705
2026-12-28 15:00:00,0.5587970539273204,0.0,0.5587970539273204,2.1853291974156708,0.0,2.3753578232779033
2026-12-28 16:00:00,0.6800605170396986,0.0,0.6800605170396986,2.2784699777236166,0.0,2.476597801873496
2026-12-28 17:00:00,0.8061171486044321,0.0,0.8061171486044321,2.3322050432858927,0.0,2.535005481832492
2026-12-28 18:00:00,0.7610957601971613,0.0,0.7610957601971613,2.3501167318066516,0.0,2.5544747084854906
2026-12-28 19:00:00,0.7048236744914734,0.0,0.7048236744914734,2.3859401088481693,0.0,2.593413161791488
2026-12-28 20:00:00,0.6494256097455006,0.0,0.6494256097455006,2.414598810481383,0.0,2.624563924436286
2026-12-28 21:00:00,0.5305099424809279,0.0,0.5305099424809279,2.42892816129799,0.0,2.6401393057586846
2026-12-28 22:00:00,0.464123848900532,0.0,0.464123848900532,2.464751538339508,0.0,2.679077759064683
2026-12-28 23:00:00,0.39292598787904115,0.0,0.39292598787904115,2.4683338760436593,0.0,2.682971604395282
2026-12-29 00:00:00,0.3363610112179734,0.0,0.3363610112179734,2.48982790226857,0.0,2.7063346763788805
2026-12-29 01:00:00,0.287859809745787,0.0,0.287859809745787,2.5005749153810255,0.0,2.7180162123706797
2026-12-29 02:00:00,0.25694363562435063,0.0,0.25694363562435063,2.525651279310088,0.0,2.745273129684878
2026-12-29 03:00:00,0.23598572275333612,0.0,0.23598572275333612,2.5453541366829224,0.0,2.7666892790031765
2026-12-29 04:00:00,0.2298024870318889,0.0,0.2298024870318889,2.5632658252036813,0.0,2.7861585056561755
2026-12-29 05:00:00,0.2420759759845545,0.0,0.2420759759845545,2.552518812091226,0.0,2.7744769696643763
2026-12-29 06:00:00,0.27611631329894804,0.0,0.27611631329894804,2.561474656351605,0.0,2.784211582990875
2026-12-29 07:00:00,0.3676769903281714,0.0,0.3676769903281714,2.609836215357654,0.0,2.836778494953972
2026-12-29 08:00:00,0.4509995663853516,0.0,0.4509995663853516,2.663571280919931,0.0,2.8951861749129684
2026-12-29 09:00:00,0.49498188865240633,0.03420988726233807,0.46077200139006824,2.61162738420973,0.0,2.838725417619272
2026-12-29 10:00:00,0.476643713749391,0.07918058819491225,0.39746312555447877,2.5005749153810255,0.0,2.7180162123706797
2026-12-29 11:00:00,0.4747027347929444,0.03135982455850643,0.44334291023443795,2.33757854984212,0.0,2.5408462498283915
2026-12-29 12:00:00,0.4906280500423234,0.04893521123213485,0.44169283881018856,2.226526081013416,0.0,2.4201370445798003
2026-12-29 13:00:00,0.49292933241475817,0.05695557999484055,0.43597375241991765,2.135176469557546,0.0,2.3208439886495063
2026-12-29 14:00:00,0.5178900772481377,0.02888428932537062,0.4890057879227671,2.0778590662911176,0.0,2.2585424633599107
2026-12-29 15:00:00,0.5622234071475214,0.0,0.5622234071475214,2.1315941318533946,0.0,2.3169501433189073
2026-12-29 16:00:00,0.6579054764958648,0.0,0.6579054764958648,2.1907027039718985,0.0,2.3811985912738027
2026-12-29 17:00:00,0.7852917346257878,0.0,0.7852917346257878,2.22473491216134,0.0,2.4181901219145
2026-12-29 18:00:00,0.7524090124407489,0.0,0.7524090124407489,2.2498112760904023,0.0,2.445447039228698
2026-12-29 19:00:00,0.68003494709082,0.0,0.68003494709082,2.213987899048885,0.0,2.406508585922701
2026-12-29 20:00:00,0.6249878881078618,0.0,0.6249878881078618,2.2283172498654915,0.0,2.4220839672451
2026-12-29 21:00:00,0.5114325713458403,0.0,0.5114325713458403,2.235481925273795,0.0,2.4298716579062987
2026-12-29 22:00:00,0.45274995046133665,0.0,0.45274995046133665,2.226526081013416,0.0,2.4201370445798003
2026-12-29 23:00:00,0.39577120641108143,0.0,0.39577120641108143,2.1853291974156708,0.0,2.3753578232779033
2026-12-30 00:00:00,0.32404103275306295,0.0,0.32404103275306295,2.1280117941492427,0.0,2.3130562979883074
2026-12-30 01:00:00,0.2761116637929902,0.0,0.2761116637929902,2.0975619236639527,0.0,2.279958612678209
2026-12-30 02:00:00,0.24393094735934842,0.0,0.24393094735934842,2.076067897439042,0.0,2.2565955406946108
2026-12-30 03:00:00,0.2246745866255025,0.0,0.2246745866255025,2.085023741699421,0.0,2.26633015402111
2026-12-30 04:00:00,0.22020220174052463,0.0,0.22020220174052463,2.104726599072256,0.0,2.2877463033394085
2026-12-30 05:00:00,0.2254626001815545,0.0,0.2254626001815545,2.119055949888863,0.0,2.3033216846618076
2026-12-30 06:00:00,0.2549538426321056,0.0,0.2549538426321056,2.115473612184712,0.0,2.299427839331208
2026-12-30 07:00:00,0.3302475002779638,0.0,0.3302475002779638,1.9811359482790207,0.0,2.153408639433718
2026-12-30 08:00:00,0.4140791461608799,0.0,0.4140791461608799,1.9775536105748688,0.0,2.1495147941031183
2026-12-30 09:00:00,0.4893007538724161,0.04593899146656826,0.44336176240584785,1.9399390646812755,0.0,2.1086294181318213
2026-12-30 10:00:00,0.5135106747837457,0.10486769179483071,0.408642982988915,1.8432159466691778,0.0,2.003495594205628
2026-12-30 11:00:00,0.5099006872441778,0.141562249106663,0.36833843813751477,1.7375369843967006,0.0,1.8886271569529354
2026-12-30 12:00:00,0.5226693001128828,0.14122426090140092,0.3814450392114819,1.658725554905362,0.0,1.8029625596797414
2026-12-30 13:00:00,0.5007350901068222,0.10522394963280966,0.3955111404740125,1.5888699696744026,0.0,1.7270325757330465
2026-12-30 14:00:00,0.4860115516054741,0.049044829028436064,0.43696672257703806,1.569167112301568,0.0,1.7056164264147478
2026-12-30 15:00:00,0.5060559255977286,0.0,0.5060559255977286,1.6264845155679966,0.0,1.767917951704344
2026-12-30 16:00:00,0.6041322565771807,0.0,0.6041322565771807,1.6694725680178173,0.0,1.8146440956715404
2026-12-30 17:00:00,0.7702776327066739,0.0,0.7702776327066739,1.658725554905362,0.0,1.8029625596797414
2026-12-30 18:00:00,0.7409374846528973,0.0,0.7409374846528973,1.6067816581951613,0.0,1.7465018023860448
2026-12-30 19:00:00,0.6785402774952578,0.0,0.6785402774952578,1.524387890999671,0.0,1.656943359782251
2026-12-30 20:00:00,0.6226098985173432,0.0,0.6226098985173432,1.508267371330988,0.0,1.639421055794552
2026-12-30 21:00:00,0.5115348483495855,0.0,0.5115348483495855,1.5190143844434434,0.0,1.6511025917863513
2026-12-30 22:00:00,0.45032082101581034,0.0,0.45032082101581034,1.538717241816278,0.0,1.6725187411046498
2026-12-30 23:00:00,0.388242070360208,0.0,0.388242070360208,1.5637936057453405,0.0,1.6997756584188484
2026-12-31 00:00:00,0.3119697753744776,0.0,0.3119697753744776,1.5154320467392917,0.0,1.6472087464557517
2026-12-31 01:00:00,0.26190649351531553,0.0,0.26190649351531553,1.4724439942894705,0.0,1.6004826024885548
2026-12-31 02:00:00,0.22658766781796572,0.0,0.22658766781796572,1.4294559418396493,0.0,1.553756458521358
2026-12-31 03:00:00,0.21466518235306933,0.0,0.21466518235306933,1.4294559418396493,0.0,1.553756458521358
2026-12-31 04:00:00,0.2105995892409077,0.0,0.2105995892409077,1.5118497090351402,0.0,1.6433149011251522
2026-12-31 05:00:00,0.21748715531014431,0.0,0.21748715531014431,1.631858022124224,0.0,1.7737587197002433
2026-12-31 06:00:00,0.2427245175531374,0.0,0.2427245175531374,1.775151530290294,0.0,1.9295125329242326
2026-12-31 07:00:00,0.32204192795838793,0.0,0.32204192795838793,1.8754569860065435,0.0,2.0385402021810255
2026-12-31 08:00:00,0.39958108709711887,0.0,0.39958108709711887,1.945312571237503,0.0,2.1144701861277206
2026-12-31 09:00:00,0.44726637895348426,0.033561315300889204,0.4137050636525951,1.9578507532020337,0.0,2.128098644784819
2026-12-31 10:00:00,0.43368185779992313,0.08002099129988824,0.3536608665000349,1.886203999118999,0.0,2.0502217381728247
2026-12-31 11:00:00,0.40961140691127945,0.14526184973182912,0.2643495571794503,1.6784284122781967,0.0,1.8243787089980399
2026-12-31 12:00:00,0.4056922567345441,0.14569118610067555,0.26000107063386857,1.5494642549287334,0.0,1.6842002770964493
2026-12-31 13:00:00,0.39754944846042634,0.11048560385526807,0.28706384460515827,1.508267371330988,0.0,1.639421055794552
2026-12-31 14:00:00,0.4210782849893713,0.0509996797291411,0.3700786052602302,1.540508410668354,0.0,1.67446566376995
2026-12-31 15:00:00,0.47821974521287863,0.0,0.47821974521287863,1.703504776207259,0.0,1.8516356263122382
2026-12-31 16:00:00,0.5826629492473564,0.0,0.5826629492473564,2.029497507285069,0.0,2.2059755513968144
2026-12-31 17:00:00,0.7481156190043403,0.0,0.7481156190043403,2.2820523154277685,0.0,2.4804916472040963
2026-12-31 18:00:00,0.724891293591463,0.0,0.724891293591463,2.484454395712343,0.0,2.700493908382981
2026-12-31 19:00:00,0.6637400311273873,0.0,0.6637400311273873,2.609836215357654,0.0,2.836778494953972
2026-12-31 20:00:00,0.6067078269292875,0.0,0.6067078269292875,2.599089202245199,0.0,2.825096958962173
2026-12-31 21:00:00,0.5031828321030335,0.0,0.5031828321030335,2.5202777727538606,0.0,2.7394323616889786
2026-12-31 22:00:00,0.4532148550881748,0.0,0.4532148550881748,2.4522133563749766,0.0,2.6654493004075834
2026-12-31 23:00:00,0.39450666346734903,0.0,0.39450666346734903,2.4557956940791286,0.0,2.6693431457381833
